ts_code,symbol,name,area,market,exchange,list_date,申万一级行业,申万二级行业,申万三级行业,三级指数代码
000156.SZ,000156,华数传媒,浙江,主板,SZSE,20000906,传媒,电视广播Ⅱ,电视广播Ⅲ,859951.SI
000651.SZ,000651,格力电器,广东,主板,SZSE,19961118,家用电器,白色家电,空调,851112.SI
000655.SZ,000655,金岭矿业,山东,主板,SZSE,19961128,钢铁,冶钢原料,铁矿石,850431.SI
000670.SZ,000670,盈方微,湖北,主板,SZSE,19961217,电子,其他电子Ⅱ,其他电子Ⅲ,850841.SI
000034.SZ,000034,神州数码,深圳,主板,SZSE,19940509,计算机,IT服务Ⅱ,IT服务Ⅲ,852226.SI
000338.SZ,000338,潍柴动力,山东,主板,SZSE,20070430,汽车,汽车零部件,底盘与发动机系统,850923.SI
000681.SZ,000681,视觉中国,江苏,主板,SZSE,19970121,传媒,数字媒体,图片媒体,857673.SI
000750.SZ,000750,国海证券,广西,主板,SZSE,19970709,非银金融,证券Ⅱ,证券Ⅲ,851931.SI
000751.SZ,000751,锌业股份,辽宁,主板,SZSE,19970626,有色金属,工业金属,铅锌,850553.SI
000897.SZ,000897,津滨发展,天津,主板,SZSE,19990422,房地产,房地产开发,住宅开发,851811.SI
001213.SZ,001213,中铁特货,北京,主板,SZSE,20210908,交通运输,铁路公路,铁路运输,851771.SI
001267.SZ,001267,汇绿生态,湖北,主板,SZSE,20211117,通信,通信设备,通信网络设备及器件,851024.SI
001268.SZ,001268,联合精密,广东,主板,SZSE,20220630,家用电器,家电零部件Ⅱ,家电零部件Ⅲ,851161.SI
001269.SZ,001269,欧晶科技,内蒙,主板,SZSE,20220930,电力设备,光伏设备,光伏辅材,857354.SI
001270.SZ,001270,铖昌科技,浙江,主板,SZSE,20220606,国防军工,军工电子Ⅱ,军工电子Ⅲ,857451.SI
001277.SZ,001277,速达股份,河南,主板,SZSE,20240903,机械设备,专用设备,能源及重型设备,850725.SI
001278.SZ,001278,一彬科技,浙江,主板,SZSE,20230308,汽车,汽车零部件,车身附件及饰件,850922.SI
001279.SZ,001279,强邦新材,安徽,主板,SZSE,20241011,轻工制造,包装印刷,印刷,851422.SI
001280.SZ,001280,中国铀业,北京,主板,SZSE,20251203,有色金属,小金属,稀土,850541.SI
001283.SZ,001283,豪鹏科技,深圳,主板,SZSE,20220905,电力设备,电池,锂电池,857371.SI
001285.SZ,001285,瑞立科密,广东,主板,SZSE,20250930,汽车,汽车零部件,底盘与发动机系统,850923.SI
001286.SZ,001286,陕西能源,陕西,主板,SZSE,20230410,公用事业,电力,火力发电,851611.SI
001287.SZ,001287,中电港,深圳,主板,SZSE,20230410,电子,其他电子Ⅱ,其他电子Ⅲ,850841.SI
001288.SZ,001288,运机集团,四川,主板,SZSE,20211101,机械设备,专用设备,能源及重型设备,850725.SI
001289.SZ,001289,龙源电力,北京,主板,SZSE,20220124,公用事业,电力,风力发电,851617.SI
001296.SZ,001296,长江材料,重庆,主板,SZSE,20211224,基础化工,非金属材料Ⅱ,非金属材料Ⅲ,850523.SI
001298.SZ,001298,好上好,深圳,主板,SZSE,20221031,电子,其他电子Ⅱ,其他电子Ⅲ,850841.SI
001299.SZ,001299,美能能源,陕西,主板,SZSE,20221031,公用事业,燃气Ⅱ,燃气Ⅲ,851631.SI
000019.SZ,000019,深粮控股,深圳,主板,SZSE,19921012,农林牧渔,农产品加工,粮油加工,850152.SI
000652.SZ,000652,泰达股份,天津,主板,SZSE,19961128,综合,综合Ⅱ,综合Ⅲ,852311.SI
000797.SZ,000797,中国武夷,福建,主板,SZSE,19970715,房地产,房地产开发,住宅开发,851811.SI
001300.SZ,001300,三柏硕,山东,主板,SZSE,20221019,轻工制造,文娱用品,娱乐用品,851452.SI
001301.SZ,001301,尚太科技,河北,主板,SZSE,20221228,电力设备,电池,电池化学品,857372.SI
001306.SZ,001306,夏厦精密,浙江,主板,SZSE,20231116,机械设备,通用设备,金属制品,850751.SI
001308.SZ,001308,康冠科技,深圳,主板,SZSE,20220318,电子,光学光电子,面板,850831.SI
001309.SZ,001309,德明利,深圳,主板,SZSE,20220701,电子,半导体,数字芯片设计,850814.SI
001311.SZ,001311,多利科技,安徽,主板,SZSE,20230227,汽车,汽车零部件,其他汽车零部件,850925.SI
001313.SZ,001313,粤海饲料,广东,主板,SZSE,20220216,农林牧渔,饲料,水产饲料,850143.SI
001314.SZ,001314,亿道信息,深圳,主板,SZSE,20230214,电子,消费电子,消费电子零部件及组装,850854.SI
001316.SZ,001316,润贝航科,深圳,主板,SZSE,20220624,石油石化,炼化及贸易,油品石化贸易,859632.SI
001317.SZ,001317,三羊马,重庆,主板,SZSE,20211130,交通运输,铁路公路,铁路运输,851771.SI
001318.SZ,001318,阳光乳业,江西,主板,SZSE,20220520,食品饮料,饮料乳品,乳品,851243.SI
001319.SZ,001319,铭科精技,广东,主板,SZSE,20220512,汽车,汽车零部件,车身附件及饰件,850922.SI
001322.SZ,001322,箭牌家居,广东,主板,SZSE,20221026,轻工制造,家居用品,卫浴制品,851439.SI
001323.SZ,001323,慕思股份,广东,主板,SZSE,20220623,轻工制造,家居用品,成品家居,851437.SI
001324.SZ,001324,长青科技,江苏,主板,SZSE,20230522,机械设备,轨交设备Ⅱ,轨交设备Ⅲ,850936.SI
001326.SZ,001326,联域股份,深圳,主板,SZSE,20231109,家用电器,照明设备Ⅱ,照明设备Ⅲ,851151.SI
001328.SZ,001328,登康口腔,重庆,主板,SZSE,20230410,美容护理,个护用品,洗护用品,859812.SI
001330.SZ,001330,博纳影业,新疆,主板,SZSE,20220818,传媒,影视院线,影视动漫制作,857661.SI
001331.SZ,001331,胜通能源,山东,主板,SZSE,20220908,公用事业,燃气Ⅱ,燃气Ⅲ,851631.SI
001332.SZ,001332,锡装股份,江苏,主板,SZSE,20220920,机械设备,专用设备,能源及重型设备,850725.SI
001335.SZ,001335,信凯科技,浙江,主板,SZSE,20250415,基础化工,化学制品,涂料油墨,850335.SI
001336.SZ,001336,楚环科技,浙江,主板,SZSE,20220725,环保,环保设备Ⅱ,环保设备Ⅲ,859721.SI
001337.SZ,001337,四川黄金,四川,主板,SZSE,20230303,有色金属,贵金属,黄金,850531.SI
000020.SZ,000020,深华发A,深圳,主板,SZSE,19920428,电子,光学光电子,面板,850831.SI
000514.SZ,000514,渝开发,重庆,主板,SZSE,19930712,房地产,房地产开发,住宅开发,851811.SI
000528.SZ,000528,柳工,广西,主板,SZSE,19931118,机械设备,工程机械,工程机械整机,850771.SI
000529.SZ,000529,广弘控股,广东,主板,SZSE,19931118,食品饮料,食品加工,肉制品,851241.SI
000548.SZ,000548,湖南投资,湖南,主板,SZSE,19931220,交通运输,铁路公路,高速公路,851731.SI
000819.SZ,000819,岳阳兴长,湖南,主板,SZSE,19970625,石油石化,炼化及贸易,其他石化,859633.SI
001338.SZ,001338,永顺泰,广东,主板,SZSE,20221116,农林牧渔,农产品加工,其他农产品加工,850154.SI
001339.SZ,001339,智微智能,深圳,主板,SZSE,20220815,计算机,计算机设备,其他计算机设备,850703.SI
001356.SZ,001356,富岭股份,浙江,主板,SZSE,20250123,轻工制造,家居用品,其他家居用品,851491.SI
001358.SZ,001358,兴欣新材,浙江,主板,SZSE,20231221,基础化工,化学制品,其他化学制品,850339.SI
001359.SZ,001359,平安电工,湖北,主板,SZSE,20240328,基础化工,塑料,膜材料,850355.SI
001360.SZ,001360,南矿集团,江西,主板,SZSE,20230410,机械设备,专用设备,能源及重型设备,850725.SI
001367.SZ,001367,海森药业,浙江,主板,SZSE,20230410,医药生物,化学制药,原料药,851511.SI
001368.SZ,001368,通达创智,福建,主板,SZSE,20230313,轻工制造,文娱用品,娱乐用品,851452.SI
001369.SZ,001369,双欣材料,内蒙,主板,SZSE,20251230,基础化工,化学纤维,其他化学纤维,850344.SI
001373.SZ,001373,翔腾新材,江苏,主板,SZSE,20230601,电子,光学光电子,光学元件,850833.SI
001376.SZ,001376,百通能源,江西,主板,SZSE,20231103,公用事业,电力,热力服务,851614.SI
001378.SZ,001378,德冠新材,广东,主板,SZSE,20231030,基础化工,塑料,膜材料,850355.SI
001379.SZ,001379,腾达科技,山东,主板,SZSE,20240119,机械设备,通用设备,金属制品,850751.SI
001380.SZ,001380,华纬科技,浙江,主板,SZSE,20230516,汽车,汽车零部件,底盘与发动机系统,850923.SI
001382.SZ,001382,新亚电缆,广东,主板,SZSE,20250321,电力设备,电网设备,线缆部件及其他,857344.SI
001386.SZ,001386,马可波罗,广东,主板,SZSE,20251022,轻工制造,家居用品,瓷砖地板,851436.SI
000021.SZ,000021,深科技,深圳,主板,SZSE,19940202,电子,消费电子,消费电子零部件及组装,850854.SI
000025.SZ,000025,特力A,深圳,主板,SZSE,19930621,综合,综合Ⅱ,综合Ⅲ,852311.SI
000539.SZ,000539,粤电力A,广东,主板,SZSE,19931126,公用事业,电力,火力发电,851611.SI
000573.SZ,000573,粤宏远A,广东,主板,SZSE,19940815,房地产,房地产开发,住宅开发,851811.SI
000628.SZ,000628,高新发展,四川,主板,SZSE,19961118,建筑装饰,房屋建设Ⅱ,房屋建设Ⅲ,850623.SI
000821.SZ,000821,ST京机,湖北,主板,SZSE,19980626,电力设备,光伏设备,光伏加工设备,857355.SI
000833.SZ,000833,粤桂股份,广西,主板,SZSE,19981111,综合,综合Ⅱ,综合Ⅲ,852311.SI
001387.SZ,001387,雪祺电气,安徽,主板,SZSE,20240111,家用电器,白色家电,冰洗,851116.SI
001388.SZ,001388,信通电子,山东,主板,SZSE,20250701,电力设备,电网设备,电网自动化设备,857321.SI
001389.SZ,001389,广合科技,广东,主板,SZSE,20240402,电子,元件,印制电路板,850822.SI
001390.SZ,001390,古麒绒材,安徽,主板,SZSE,20250529,纺织服饰,纺织制造,其他纺织,851316.SI
001391.SZ,001391,国货航,北京,主板,SZSE,20241230,交通运输,物流,跨境物流,851785.SI
001396.SZ,001396,誉帆科技,上海,主板,SZSE,20251230,建筑装饰,基础建设,基建市政工程,857236.SI
001400.SZ,001400,江顺科技,江苏,主板,SZSE,20250424,机械设备,专用设备,其他专用设备,850727.SI
001696.SZ,001696,宗申动力,重庆,主板,SZSE,19970306,机械设备,通用设备,其他通用设备,850716.SI
001872.SZ,001872,招商港口,深圳,主板,SZSE,19930505,交通运输,航运港口,港口,851711.SI
001914.SZ,001914,招商积余,深圳,主板,SZSE,19940928,房地产,房地产服务,物业管理,851831.SI
001965.SZ,001965,招商公路,天津,主板,SZSE,20171225,交通运输,铁路公路,高速公路,851731.SI
001979.SZ,001979,招商蛇口,深圳,主板,SZSE,20151230,房地产,房地产开发,商业地产,851812.SI
002001.SZ,002001,新和成,浙江,主板,SZSE,20040625,基础化工,化学制品,食品及饲料添加剂,850135.SI
002003.SZ,002003,伟星股份,浙江,主板,SZSE,20040625,纺织服饰,纺织制造,辅料,851315.SI
002004.SZ,002004,华邦健康,重庆,主板,SZSE,20040625,医药生物,化学制药,化学制剂,851512.SI
002005.SZ,002005,德豪润达,安徽,主板,SZSE,20040625,家用电器,小家电,厨房小家电,851131.SI
002006.SZ,002006,精工科技,浙江,主板,SZSE,20040625,机械设备,专用设备,其他专用设备,850727.SI
000035.SZ,000035,中国天楹,江苏,主板,SZSE,19940408,环保,环境治理,固废治理,859713.SI
000516.SZ,000516,国际医学,陕西,主板,SZSE,19930809,医药生物,医疗服务,医院,851564.SI
000656.SZ,000656,金科股份,重庆,主板,SZSE,19961128,房地产,房地产开发,住宅开发,851811.SI
000672.SZ,000672,上峰材料,甘肃,主板,SZSE,19961218,建筑材料,水泥,水泥制造,857111.SI
000680.SZ,000680,山推股份,山东,主板,SZSE,19970122,机械设备,工程机械,工程机械整机,850771.SI
000881.SZ,000881,中广核技,辽宁,主板,SZSE,19980902,基础化工,化学制品,其他化学制品,850339.SI
002007.SZ,002007,华兰生物,河南,主板,SZSE,20040625,医药生物,生物制品,疫苗,851523.SI
002008.SZ,002008,大族激光,深圳,主板,SZSE,20040625,机械设备,自动化设备,激光设备,850783.SI
002399.SZ,002399,海普瑞,深圳,主板,SZSE,20100506,医药生物,化学制药,化学制剂,851512.SI
002479.SZ,002479,富春环保,浙江,主板,SZSE,20100921,公用事业,电力,热力服务,851614.SI
002480.SZ,002480,新筑股份,四川,主板,SZSE,20100921,公用事业,电力,光伏发电,851616.SI
002481.SZ,002481,双塔食品,山东,主板,SZSE,20100921,农林牧渔,农产品加工,其他农产品加工,850154.SI
002482.SZ,002482,广田集团,深圳,主板,SZSE,20100929,建筑装饰,装修装饰Ⅱ,装修装饰Ⅲ,857221.SI
002483.SZ,002483,润邦股份,江苏,主板,SZSE,20100929,机械设备,专用设备,能源及重型设备,850725.SI
002484.SZ,002484,江海股份,江苏,主板,SZSE,20100929,电子,元件,被动元件,850823.SI
002487.SZ,002487,大金重工,辽宁,主板,SZSE,20101015,电力设备,风电设备,风电零部件,857362.SI
002488.SZ,002488,金固股份,浙江,主板,SZSE,20101021,汽车,汽车零部件,轮胎轮毂,850924.SI
002491.SZ,002491,通鼎互联,江苏,主板,SZSE,20101021,通信,通信设备,通信线缆及配套,851025.SI
002492.SZ,002492,恒基达鑫,广东,主板,SZSE,20101102,交通运输,物流,仓储物流,851786.SI
002495.SZ,002495,佳隆股份,广东,主板,SZSE,20101102,食品饮料,调味发酵品Ⅱ,调味发酵品Ⅲ,851242.SI
002496.SZ,002496,辉丰股份,江苏,主板,SZSE,20101109,基础化工,农化制品,农药,850333.SI
002497.SZ,002497,雅化集团,四川,主板,SZSE,20101109,基础化工,化学制品,民爆制品,850337.SI
002498.SZ,002498,汉缆股份,山东,主板,SZSE,20101109,电力设备,电网设备,线缆部件及其他,857344.SI
002500.SZ,002500,山西证券,山西,主板,SZSE,20101115,非银金融,证券Ⅱ,证券Ⅲ,851931.SI
002506.SZ,002506,协鑫集成,上海,主板,SZSE,20101118,电力设备,光伏设备,光伏电池组件,857352.SI
002508.SZ,002508,老板电器,浙江,主板,SZSE,20101123,家用电器,厨卫电器,厨房电器,851141.SI
000026.SZ,000026,飞亚达,深圳,主板,SZSE,19930603,纺织服饰,饰品,钟表珠宝,851331.SI
000166.SZ,000166,申万宏源,新疆,主板,SZSE,20150126,非银金融,证券Ⅱ,证券Ⅲ,851931.SI
000425.SZ,000425,徐工机械,江苏,主板,SZSE,19960828,机械设备,工程机械,工程机械整机,850771.SI
000903.SZ,000903,ST云动,云南,主板,SZSE,19990415,汽车,汽车零部件,底盘与发动机系统,850923.SI
002176.SZ,002176,江特电机,江西,主板,SZSE,20071012,电力设备,电机Ⅱ,电机Ⅲ,850741.SI
002219.SZ,002219,新里程,甘肃,主板,SZSE,20080306,医药生物,医疗服务,医院,851564.SI
002419.SZ,002419,天虹股份,深圳,主板,SZSE,20100601,商贸零售,一般零售,百货,852031.SI
002511.SZ,002511,中顺洁柔,广东,主板,SZSE,20101125,美容护理,个护用品,生活用纸,859811.SI
002513.SZ,002513,蓝丰生化,江苏,主板,SZSE,20101203,基础化工,农化制品,农药,850333.SI
002514.SZ,002514,*ST宝馨,江苏,主板,SZSE,20101203,机械设备,通用设备,金属制品,850751.SI
002516.SZ,002516,旷达科技,湖南,主板,SZSE,20101207,汽车,汽车零部件,车身附件及饰件,850922.SI
002518.SZ,002518,科士达,深圳,主板,SZSE,20101207,电力设备,其他电源设备Ⅱ,其他电源设备Ⅲ,857336.SI
002519.SZ,002519,银河电子,江苏,主板,SZSE,20101207,国防军工,地面兵装Ⅱ,地面兵装Ⅲ,857431.SI
002520.SZ,002520,日发精机,浙江,主板,SZSE,20101210,机械设备,通用设备,机床工具,850711.SI
002522.SZ,002522,浙江众成,浙江,主板,SZSE,20101210,基础化工,塑料,膜材料,850355.SI
002523.SZ,002523,天桥起重,湖南,主板,SZSE,20101210,机械设备,专用设备,能源及重型设备,850725.SI
002526.SZ,002526,山东矿机,山东,主板,SZSE,20101217,机械设备,专用设备,能源及重型设备,850725.SI
002527.SZ,002527,新时达,上海,主板,SZSE,20101224,机械设备,专用设备,楼宇设备,850728.SI
002528.SZ,002528,*ST英飞,深圳,主板,SZSE,20101224,计算机,计算机设备,安防设备,850702.SI
002531.SZ,002531,天顺风能,江苏,主板,SZSE,20101231,电力设备,风电设备,风电零部件,857362.SI
002533.SZ,002533,金杯电工,湖南,主板,SZSE,20101231,电力设备,电网设备,线缆部件及其他,857344.SI
002534.SZ,002534,西子洁能,浙江,主板,SZSE,20110110,电力设备,其他电源设备Ⅱ,火电设备,857334.SI
002537.SZ,002537,海联金汇,山东,主板,SZSE,20110110,汽车,汽车零部件,车身附件及饰件,850922.SI
002538.SZ,002538,ST司特,安徽,主板,SZSE,20110118,基础化工,农化制品,复合肥,850381.SI
002540.SZ,002540,亚太科技,江苏,主板,SZSE,20110118,有色金属,工业金属,铝,850551.SI
002541.SZ,002541,鸿路钢构,安徽,主板,SZSE,20110118,建筑装饰,专业工程,钢结构,857241.SI
000426.SZ,000426,兴业银锡,内蒙,主板,SZSE,19960828,有色金属,工业金属,铅锌,850553.SI
000541.SZ,000541,佛山照明,广东,主板,SZSE,19931123,家用电器,照明设备Ⅱ,照明设备Ⅲ,851151.SI
000688.SZ,000688,国城矿业,四川,主板,SZSE,19970120,有色金属,小金属,钼,850545.SI
000937.SZ,000937,冀中能源,河北,主板,SZSE,19990909,煤炭,煤炭开采,焦煤,859512.SI
000963.SZ,000963,华东医药,浙江,主板,SZSE,20000127,医药生物,化学制药,化学制剂,851512.SI
002225.SZ,002225,濮耐股份,河南,主板,SZSE,20080425,建筑材料,装修建材,耐火材料,850615.SI
002420.SZ,002420,毅昌科技,广东,主板,SZSE,20100601,综合,综合Ⅱ,综合Ⅲ,852311.SI
002421.SZ,002421,达实智能,深圳,主板,SZSE,20100603,计算机,IT服务Ⅱ,IT服务Ⅲ,852226.SI
002542.SZ,002542,*ST中岩,北京,主板,SZSE,20110128,建筑装饰,专业工程,其他专业工程,857244.SI
002544.SZ,002544,普天科技,广东,主板,SZSE,20110128,通信,通信服务,通信工程及服务,852213.SI
002547.SZ,002547,*ST春兴,江苏,主板,SZSE,20110218,汽车,汽车零部件,其他汽车零部件,850925.SI
002548.SZ,002548,金新农,深圳,主板,SZSE,20110218,农林牧渔,饲料,畜禽饲料,850142.SI
002549.SZ,002549,凯美特气,湖南,主板,SZSE,20110218,基础化工,化学制品,其他化学制品,850339.SI
002550.SZ,002550,千红制药,江苏,主板,SZSE,20110218,医药生物,化学制药,化学制剂,851512.SI
002551.SZ,002551,尚荣医疗,深圳,主板,SZSE,20110225,医药生物,医疗器械,医疗耗材,851533.SI
002552.SZ,002552,宝鼎科技,浙江,主板,SZSE,20110225,电子,元件,印制电路板,850822.SI
002553.SZ,002553,南方精工,江苏,主板,SZSE,20110225,汽车,汽车零部件,底盘与发动机系统,850923.SI
002554.SZ,002554,惠博普,湖南,主板,SZSE,20110225,石油石化,油服工程,油气及炼化工程,859622.SI
002555.SZ,002555,三七互娱,安徽,主板,SZSE,20110302,传媒,游戏Ⅱ,游戏Ⅲ,857641.SI
002556.SZ,002556,辉隆股份,安徽,主板,SZSE,20110302,农林牧渔,农业综合Ⅱ,农业综合Ⅲ,850191.SI
002558.SZ,002558,巨人网络,重庆,主板,SZSE,20110302,传媒,游戏Ⅱ,游戏Ⅲ,857641.SI
002559.SZ,002559,亚威股份,江苏,主板,SZSE,20110303,机械设备,通用设备,机床工具,850711.SI
002560.SZ,002560,通达股份,河南,主板,SZSE,20110303,电力设备,电网设备,线缆部件及其他,857344.SI
002561.SZ,002561,徐家汇,上海,主板,SZSE,20110303,商贸零售,一般零售,百货,852031.SI
002563.SZ,002563,森马服饰,浙江,主板,SZSE,20110311,纺织服饰,服装家纺,非运动服装,851329.SI
000938.SZ,000938,紫光股份,北京,主板,SZSE,19991104,计算机,IT服务Ⅱ,IT服务Ⅲ,852226.SI
002009.SZ,002009,天奇股份,江苏,主板,SZSE,20040629,机械设备,专用设备,其他专用设备,850727.SI
002010.SZ,002010,传化智联,浙江,主板,SZSE,20040629,交通运输,物流,公路货运,851787.SI
002011.SZ,002011,盾安环境,浙江,主板,SZSE,20040705,家用电器,家电零部件Ⅱ,家电零部件Ⅲ,851161.SI
002221.SZ,002221,东华能源,广东,主板,SZSE,20080306,石油石化,炼化及贸易,其他石化,859633.SI
002239.SZ,002239,奥特佳,江苏,主板,SZSE,20080522,汽车,汽车零部件,汽车电子电气系统,850926.SI
002564.SZ,002564,天沃科技,江苏,主板,SZSE,20110310,机械设备,专用设备,能源及重型设备,850725.SI
002565.SZ,002565,顺灏股份,上海,主板,SZSE,20110318,轻工制造,包装印刷,纸包装,851425.SI
002567.SZ,002567,唐人神,湖南,主板,SZSE,20110325,农林牧渔,饲料,畜禽饲料,850142.SI
002568.SZ,002568,百润股份,上海,主板,SZSE,20110325,食品饮料,非白酒,其他酒类,851233.SI
002569.SZ,002569,*ST步森,浙江,主板,SZSE,20110412,纺织服饰,服装家纺,非运动服装,851329.SI
002571.SZ,002571,德力股份,安徽,主板,SZSE,20110412,轻工制造,家居用品,其他家居用品,851491.SI
002572.SZ,002572,索菲亚,广东,主板,SZSE,20110412,轻工制造,家居用品,定制家居,851438.SI
002573.SZ,002573,清新环境,北京,主板,SZSE,20110422,环保,环境治理,水务及水治理,859712.SI
002574.SZ,002574,明牌珠宝,浙江,主板,SZSE,20110422,纺织服饰,饰品,钟表珠宝,851331.SI
002575.SZ,002575,群兴玩具,广东,主板,SZSE,20110422,综合,综合Ⅱ,综合Ⅲ,852311.SI
002576.SZ,002576,通达动力,江苏,主板,SZSE,20110428,电力设备,电机Ⅱ,电机Ⅲ,850741.SI
002577.SZ,002577,雷柏科技,深圳,主板,SZSE,20110428,计算机,计算机设备,其他计算机设备,850703.SI
002578.SZ,002578,闽发铝业,福建,主板,SZSE,20110428,有色金属,工业金属,铝,850551.SI
002579.SZ,002579,中京电子,广东,主板,SZSE,20110506,电子,元件,印制电路板,850822.SI
002580.SZ,002580,圣阳股份,山东,主板,SZSE,20110506,电力设备,电池,蓄电池及其他电池,857375.SI
002582.SZ,002582,好想你,河南,主板,SZSE,20110520,食品饮料,休闲食品,零食,851281.SI
002583.SZ,002583,海能达,深圳,主板,SZSE,20110527,通信,通信设备,通信网络设备及器件,851024.SI
002585.SZ,002585,双星新材,江苏,主板,SZSE,20110602,基础化工,塑料,膜材料,850355.SI
002586.SZ,002586,ST围海,浙江,主板,SZSE,20110602,建筑装饰,基础建设,基建市政工程,857236.SI
002587.SZ,002587,奥拓电子,深圳,主板,SZSE,20110610,电子,光学光电子,LED,850832.SI
002588.SZ,002588,史丹利,山东,主板,SZSE,20110610,基础化工,农化制品,复合肥,850381.SI
002589.SZ,002589,瑞康医药,山东,主板,SZSE,20110610,医药生物,医药商业,医药流通,851542.SI
000822.SZ,000822,山东海化,山东,主板,SZSE,19980703,基础化工,化学原料,纯碱,850321.SI
000910.SZ,000910,大亚圣象,江苏,主板,SZSE,19990630,轻工制造,家居用品,瓷砖地板,851436.SI
000948.SZ,000948,南天信息,云南,主板,SZSE,19991014,计算机,软件开发,垂直应用软件,851041.SI
002243.SZ,002243,力合科创,深圳,主板,SZSE,20080528,社会服务,专业服务,其他专业服务,852184.SI
002244.SZ,002244,滨江集团,浙江,主板,SZSE,20080529,房地产,房地产开发,住宅开发,851811.SI
002284.SZ,002284,亚太股份,浙江,主板,SZSE,20090828,汽车,汽车零部件,底盘与发动机系统,850923.SI
002333.SZ,002333,罗普斯金,江苏,主板,SZSE,20100112,建筑材料,装修建材,其他建材,850614.SI
002590.SZ,002590,万安科技,浙江,主板,SZSE,20110610,汽车,汽车零部件,底盘与发动机系统,850923.SI
002591.SZ,002591,恒大高新,江西,主板,SZSE,20110621,基础化工,化学制品,其他化学制品,850339.SI
002592.SZ,002592,ST八菱,广西,主板,SZSE,20111111,汽车,汽车零部件,底盘与发动机系统,850923.SI
002595.SZ,002595,豪迈科技,山东,主板,SZSE,20110628,机械设备,专用设备,其他专用设备,850727.SI
002596.SZ,002596,海南瑞泽,海南,主板,SZSE,20110707,建筑材料,水泥,水泥制品,857112.SI
002597.SZ,002597,金禾实业,安徽,主板,SZSE,20110707,基础化工,化学制品,食品及饲料添加剂,850135.SI
002598.SZ,002598,ST章鼓,山东,主板,SZSE,20110707,机械设备,通用设备,其他通用设备,850716.SI
002599.SZ,002599,盛通股份,北京,主板,SZSE,20110715,轻工制造,包装印刷,印刷,851422.SI
002600.SZ,002600,领益智造,广东,主板,SZSE,20110715,电子,消费电子,消费电子零部件及组装,850854.SI
002602.SZ,002602,世纪华通,浙江,主板,SZSE,20110728,传媒,游戏Ⅱ,游戏Ⅲ,857641.SI
002603.SZ,002603,以岭药业,河北,主板,SZSE,20110728,医药生物,中药Ⅱ,中药Ⅲ,851521.SI
002605.SZ,002605,姚记科技,上海,主板,SZSE,20110805,传媒,游戏Ⅱ,游戏Ⅲ,857641.SI
002606.SZ,002606,大连电瓷,辽宁,主板,SZSE,20110805,电力设备,电网设备,线缆部件及其他,857344.SI
002607.SZ,002607,中公教育,安徽,主板,SZSE,20110810,社会服务,教育,培训教育,859852.SI
002608.SZ,002608,江苏国信,江苏,主板,SZSE,20110810,公用事业,电力,火力发电,851611.SI
002614.SZ,002614,奥佳华,福建,主板,SZSE,20110909,家用电器,其他家电Ⅱ,其他家电Ⅲ,851171.SI
002615.SZ,002615,哈尔斯,浙江,主板,SZSE,20110909,轻工制造,家居用品,其他家居用品,851491.SI
002616.SZ,002616,长青集团,广东,主板,SZSE,20110920,公用事业,电力,其他能源发电,851619.SI
002617.SZ,002617,露笑科技,浙江,主板,SZSE,20110920,公用事业,电力,光伏发电,851616.SI
000718.SZ,000718,苏宁环球,吉林,主板,SZSE,19970408,房地产,房地产开发,住宅开发,851811.SI
000790.SZ,000790,华神科技,四川,主板,SZSE,19980327,医药生物,中药Ⅱ,中药Ⅲ,851521.SI
000837.SZ,000837,秦川机床,陕西,主板,SZSE,19980928,机械设备,通用设备,机床工具,850711.SI
002012.SZ,002012,凯恩股份,浙江,主板,SZSE,20040705,轻工制造,造纸,特种纸,851413.SI
002014.SZ,002014,永新股份,安徽,主板,SZSE,20040708,轻工制造,包装印刷,塑料包装,851424.SI
002015.SZ,002015,协鑫能科,江苏,主板,SZSE,20040708,公用事业,电力,热力服务,851614.SI
002016.SZ,002016,世荣兆业,广东,主板,SZSE,20040708,房地产,房地产开发,住宅开发,851811.SI
002262.SZ,002262,恩华药业,江苏,主板,SZSE,20080723,医药生物,化学制药,化学制剂,851512.SI
002310.SZ,002310,东方新能,北京,主板,SZSE,20091127,公用事业,电力,光伏发电,851616.SI
002620.SZ,002620,*ST瑞和,深圳,主板,SZSE,20110929,建筑装饰,装修装饰Ⅱ,装修装饰Ⅲ,857221.SI
002622.SZ,002622,皓宸医疗,吉林,主板,SZSE,20111018,医药生物,医疗服务,医院,851564.SI
002626.SZ,002626,金达威,福建,主板,SZSE,20111028,食品饮料,食品加工,保健品,851247.SI
002627.SZ,002627,三峡旅游,湖北,主板,SZSE,20111103,社会服务,旅游及景区,旅游综合,852131.SI
002628.SZ,002628,成都路桥,四川,主板,SZSE,20111103,建筑装饰,基础建设,基建市政工程,857236.SI
002630.SZ,002630,*ST华西,四川,主板,SZSE,20111111,电力设备,其他电源设备Ⅱ,火电设备,857334.SI
002631.SZ,002631,德尔未来,江苏,主板,SZSE,20111111,轻工制造,家居用品,瓷砖地板,851436.SI
002632.SZ,002632,道明光学,浙江,主板,SZSE,20111122,基础化工,塑料,膜材料,850355.SI
002633.SZ,002633,申科股份,浙江,主板,SZSE,20111122,机械设备,通用设备,金属制品,850751.SI
002635.SZ,002635,安洁科技,江苏,主板,SZSE,20111125,电子,消费电子,消费电子零部件及组装,850854.SI
002636.SZ,002636,金安国纪,上海,主板,SZSE,20111125,电子,元件,印制电路板,850822.SI
002640.SZ,002640,跨境通,山西,主板,SZSE,20111208,商贸零售,互联网电商,跨境电商,852062.SI
002642.SZ,002642,荣联科技,北京,主板,SZSE,20111220,计算机,IT服务Ⅱ,IT服务Ⅲ,852226.SI
002643.SZ,002643,万润股份,山东,主板,SZSE,20111220,电子,电子化学品Ⅱ,电子化学品Ⅲ,850861.SI
002644.SZ,002644,佛慈制药,甘肃,主板,SZSE,20111222,医药生物,中药Ⅱ,中药Ⅲ,851521.SI
000060.SZ,000060,中金岭南,深圳,主板,SZSE,19970123,有色金属,工业金属,铅锌,850553.SI
000428.SZ,000428,华天酒店,湖南,主板,SZSE,19960808,社会服务,酒店餐饮,酒店,852121.SI
000657.SZ,000657,中钨高新,海南,主板,SZSE,19961205,有色金属,小金属,钨,850542.SI
000791.SZ,000791,甘肃能源,甘肃,主板,SZSE,19971014,公用事业,电力,水力发电,851612.SI
000882.SZ,000882,华联股份,北京,主板,SZSE,19980616,商贸零售,一般零售,商业物业经营,852034.SI
000981.SZ,000981,山子高科,甘肃,主板,SZSE,20000622,汽车,汽车零部件,底盘与发动机系统,850923.SI
002017.SZ,002017,东信和平,广东,主板,SZSE,20040713,通信,通信设备,通信终端及配件,851026.SI
002200.SZ,002200,交投生态,云南,主板,SZSE,20071221,建筑装饰,基础建设,园林工程,857251.SI
002332.SZ,002332,仙琚制药,浙江,主板,SZSE,20100112,医药生物,化学制药,原料药,851511.SI
002422.SZ,002422,科伦药业,四川,主板,SZSE,20100603,医药生物,化学制药,化学制剂,851512.SI
002437.SZ,002437,誉衡药业,黑龙江,主板,SZSE,20100623,医药生物,化学制药,化学制剂,851512.SI
002438.SZ,002438,江苏神通,江苏,主板,SZSE,20100623,机械设备,通用设备,金属制品,850751.SI
002645.SZ,002645,华宏科技,江苏,主板,SZSE,20111220,环保,环保设备Ⅱ,环保设备Ⅲ,859721.SI
002646.SZ,002646,天佑德酒,青海,主板,SZSE,20111222,食品饮料,白酒Ⅱ,白酒Ⅲ,851251.SI
002647.SZ,002647,仁东控股,广东,主板,SZSE,20111228,非银金融,多元金融,金融信息服务,851926.SI
002648.SZ,002648,卫星化学,浙江,主板,SZSE,20111228,基础化工,化学原料,其他化学原料,850324.SI
002649.SZ,002649,博彦科技,北京,主板,SZSE,20120106,计算机,IT服务Ⅱ,IT服务Ⅲ,852226.SI
002650.SZ,002650,ST加加,湖南,主板,SZSE,20120106,食品饮料,调味发酵品Ⅱ,调味发酵品Ⅲ,851242.SI
002651.SZ,002651,利君股份,四川,主板,SZSE,20120106,国防军工,航空装备Ⅱ,航空装备Ⅲ,857421.SI
002652.SZ,002652,扬子新材,江苏,主板,SZSE,20120119,建筑材料,装修建材,其他建材,850614.SI
002653.SZ,002653,海思科,西藏,主板,SZSE,20120117,医药生物,化学制药,化学制剂,851512.SI
000027.SZ,000027,深圳能源,深圳,主板,SZSE,19930903,公用事业,电力,火力发电,851611.SI
000096.SZ,000096,广聚能源,深圳,主板,SZSE,20000724,石油石化,炼化及贸易,油品石化贸易,859632.SI
000659.SZ,000659,珠海中富,广东,主板,SZSE,19961203,轻工制造,包装印刷,塑料包装,851424.SI
000823.SZ,000823,超声电子,广东,主板,SZSE,19971008,电子,元件,印制电路板,850822.SI
000838.SZ,000838,*ST发展,重庆,主板,SZSE,19970626,房地产,房地产开发,住宅开发,851811.SI
002020.SZ,002020,京新药业,浙江,主板,SZSE,20040715,医药生物,化学制药,化学制剂,851512.SI
002021.SZ,002021,中捷资源,浙江,主板,SZSE,20040715,机械设备,专用设备,纺织服装设备,850721.SI
002222.SZ,002222,福晶科技,福建,主板,SZSE,20080319,电子,光学光电子,光学元件,850833.SI
002304.SZ,002304,洋河股份,江苏,主板,SZSE,20091106,食品饮料,白酒Ⅱ,白酒Ⅲ,851251.SI
002364.SZ,002364,中恒电气,浙江,主板,SZSE,20100305,电力设备,其他电源设备Ⅱ,其他电源设备Ⅲ,857336.SI
002654.SZ,002654,万润科技,深圳,主板,SZSE,20120217,电子,光学光电子,LED,850832.SI
002658.SZ,002658,雪迪龙,北京,主板,SZSE,20120309,环保,环保设备Ⅱ,环保设备Ⅲ,859721.SI
002659.SZ,002659,凯文教育,北京,主板,SZSE,20120309,社会服务,教育,学历教育,859851.SI
002660.SZ,002660,茂硕电源,深圳,主板,SZSE,20120316,电子,消费电子,消费电子零部件及组装,850854.SI
002661.SZ,002661,克明食品,湖南,主板,SZSE,20120316,食品饮料,食品加工,预加工食品,851246.SI
002662.SZ,002662,峰璟股份,北京,主板,SZSE,20120309,汽车,汽车零部件,车身附件及饰件,850922.SI
002668.SZ,002668,TCL智家,广东,主板,SZSE,20120416,家用电器,白色家电,冰洗,851116.SI
002669.SZ,002669,康达新材,上海,主板,SZSE,20120416,基础化工,化学制品,胶黏剂及胶带,850137.SI
002670.SZ,002670,国盛证券,江西,主板,SZSE,20120416,非银金融,证券Ⅱ,证券Ⅲ,851931.SI
002671.SZ,002671,龙泉股份,山东,主板,SZSE,20120426,建筑材料,水泥,水泥制品,857112.SI
002672.SZ,002672,东江环保,深圳,主板,SZSE,20120426,环保,环境治理,固废治理,859713.SI
002673.SZ,002673,西部证券,陕西,主板,SZSE,20120503,非银金融,证券Ⅱ,证券Ⅲ,851931.SI
002674.SZ,002674,兴业科技,福建,主板,SZSE,20120507,纺织服饰,纺织制造,辅料,851315.SI
000598.SZ,000598,兴蓉环境,四川,主板,SZSE,19960529,环保,环境治理,水务及水治理,859712.SI
000676.SZ,000676,智度股份,广东,主板,SZSE,19961224,传媒,广告营销,营销代理,857651.SI
000677.SZ,000677,ST海龙,山东,主板,SZSE,19961226,基础化工,化学纤维,粘胶,850343.SI
000883.SZ,000883,湖北能源,湖北,主板,SZSE,19980519,公用事业,电力,电能综合服务,851610.SI
000949.SZ,000949,新乡化纤,河南,主板,SZSE,19991021,基础化工,化学纤维,粘胶,850343.SI
002022.SZ,002022,科华生物,上海,主板,SZSE,20040721,医药生物,医疗器械,体外诊断,851534.SI
002265.SZ,002265,建设工业,云南,主板,SZSE,20080806,汽车,汽车零部件,底盘与发动机系统,850923.SI
002390.SZ,002390,信邦制药,贵州,主板,SZSE,20100416,医药生物,中药Ⅱ,中药Ⅲ,851521.SI
002675.SZ,002675,东诚药业,山东,主板,SZSE,20120525,医药生物,化学制药,化学制剂,851512.SI
002676.SZ,002676,顺威股份,广东,主板,SZSE,20120525,家用电器,家电零部件Ⅱ,家电零部件Ⅲ,851161.SI
002677.SZ,002677,浙江美大,浙江,主板,SZSE,20120525,家用电器,厨卫电器,厨房电器,851141.SI
002678.SZ,002678,珠江钢琴,广东,主板,SZSE,20120530,轻工制造,文娱用品,娱乐用品,851452.SI
002681.SZ,002681,奋达科技,深圳,主板,SZSE,20120605,电子,消费电子,消费电子零部件及组装,850854.SI
002683.SZ,002683,广东宏大,广东,主板,SZSE,20120612,基础化工,化学制品,民爆制品,850337.SI
002686.SZ,002686,亿利达,浙江,主板,SZSE,20120703,机械设备,通用设备,制冷空调设备,850715.SI
002687.SZ,002687,乔治白,浙江,主板,SZSE,20120713,纺织服饰,服装家纺,非运动服装,851329.SI
002688.SZ,002688,金河生物,内蒙,主板,SZSE,20120713,农林牧渔,动物保健Ⅱ,动物保健Ⅲ,850181.SI
002689.SZ,002689,ST远智,辽宁,主板,SZSE,20120717,机械设备,专用设备,楼宇设备,850728.SI
002690.SZ,002690,美亚光电,安徽,主板,SZSE,20120731,机械设备,专用设备,其他专用设备,850727.SI
002691.SZ,002691,*ST冀凯,河北,主板,SZSE,20120731,机械设备,专用设备,能源及重型设备,850725.SI
002693.SZ,002693,双成药业,海南,主板,SZSE,20120808,医药生物,化学制药,化学制剂,851512.SI
002695.SZ,002695,煌上煌,江西,主板,SZSE,20120905,食品饮料,休闲食品,熟食,851283.SI
002696.SZ,002696,百洋股份,广西,主板,SZSE,20120905,农林牧渔,饲料,水产饲料,850143.SI
002697.SZ,002697,红旗连锁,四川,主板,SZSE,20120905,商贸零售,一般零售,超市,852032.SI
002698.SZ,002698,博实股份,黑龙江,主板,SZSE,20120911,机械设备,自动化设备,机器人,850781.SI
002700.SZ,002700,万憬能源,新疆,主板,SZSE,20120921,公用事业,燃气Ⅱ,燃气Ⅲ,851631.SI
000517.SZ,000517,荣安地产,浙江,主板,SZSE,19930806,房地产,房地产开发,住宅开发,851811.SI
000557.SZ,000557,西部创业,宁夏,主板,SZSE,19940617,交通运输,铁路公路,铁路运输,851771.SI
000759.SZ,000759,中百集团,湖北,主板,SZSE,19970519,商贸零售,一般零售,超市,852032.SI
000886.SZ,000886,海南高速,海南,主板,SZSE,19980123,交通运输,铁路公路,高速公路,851731.SI
000922.SZ,000922,佳电股份,黑龙江,主板,SZSE,19990618,电力设备,电机Ⅱ,电机Ⅲ,850741.SI
001238.SZ,001238,浙江正特,浙江,主板,SZSE,20220919,轻工制造,文娱用品,娱乐用品,851452.SI
002023.SZ,002023,海特高新,四川,主板,SZSE,20040721,国防军工,航空装备Ⅱ,航空装备Ⅲ,857421.SI
002245.SZ,002245,蔚蓝锂芯,江苏,主板,SZSE,20080605,电力设备,电池,锂电池,857371.SI
002266.SZ,002266,浙富控股,浙江,主板,SZSE,20080806,环保,环境治理,固废治理,859713.SI
002423.SZ,002423,中粮资本,河南,主板,SZSE,20100603,非银金融,多元金融,金融控股,851922.SI
002705.SZ,002705,新宝股份,广东,主板,SZSE,20140121,家用电器,小家电,厨房小家电,851131.SI
002706.SZ,002706,良信股份,上海,主板,SZSE,20140121,电力设备,电网设备,配电设备,857382.SI
002708.SZ,002708,光洋股份,江苏,主板,SZSE,20140121,汽车,汽车零部件,底盘与发动机系统,850923.SI
002709.SZ,002709,天赐材料,广东,主板,SZSE,20140123,电力设备,电池,电池化学品,857372.SI
002712.SZ,002712,思美传媒,浙江,主板,SZSE,20140123,传媒,广告营销,营销代理,857651.SI
002713.SZ,002713,东易日盛,北京,主板,SZSE,20140219,建筑装饰,装修装饰Ⅱ,装修装饰Ⅲ,857221.SI
002716.SZ,002716,湖南白银,湖南,主板,SZSE,20140128,有色金属,贵金属,白银,850532.SI
002717.SZ,002717,*ST岭南,广东,主板,SZSE,20140219,建筑装饰,基础建设,园林工程,857251.SI
002718.SZ,002718,友邦吊顶,浙江,主板,SZSE,20140128,建筑材料,装修建材,其他建材,850614.SI
002719.SZ,002719,ST麦趣,新疆,主板,SZSE,20140128,食品饮料,休闲食品,烘焙食品,851282.SI
002721.SZ,002721,金一文化,北京,主板,SZSE,20140127,纺织服饰,饰品,钟表珠宝,851331.SI
002722.SZ,002722,物产金轮,江苏,主板,SZSE,20140128,机械设备,专用设备,纺织服装设备,850721.SI
000518.SZ,000518,四环生物,江苏,主板,SZSE,19930908,医药生物,生物制品,其他生物制品,851524.SI
000543.SZ,000543,皖能电力,安徽,主板,SZSE,19931220,公用事业,电力,火力发电,851611.SI
002025.SZ,002025,航天电器,贵州,主板,SZSE,20040726,国防军工,军工电子Ⅱ,军工电子Ⅲ,857451.SI
002026.SZ,002026,山东威达,山东,主板,SZSE,20040727,机械设备,通用设备,金属制品,850751.SI
002201.SZ,002201,九鼎新材,江苏,主板,SZSE,20071226,建筑材料,玻璃玻纤,玻纤制造,857122.SI
002223.SZ,002223,鱼跃医疗,江苏,主板,SZSE,20080418,医药生物,医疗器械,医疗设备,851532.SI
002281.SZ,002281,光迅科技,湖北,主板,SZSE,20090821,通信,通信设备,通信网络设备及器件,851024.SI
002723.SZ,002723,小崧股份,广东,主板,SZSE,20140129,家用电器,照明设备Ⅱ,照明设备Ⅲ,851151.SI
002726.SZ,002726,ST龙大,山东,主板,SZSE,20140626,食品饮料,食品加工,肉制品,851241.SI
002727.SZ,002727,一心堂,云南,主板,SZSE,20140702,医药生物,医药商业,线下药店,851543.SI
002728.SZ,002728,特一药业,广东,主板,SZSE,20140731,医药生物,中药Ⅱ,中药Ⅲ,851521.SI
002731.SZ,002731,*ST萃华,辽宁,主板,SZSE,20141104,纺织服饰,饰品,钟表珠宝,851331.SI
002732.SZ,002732,燕塘乳业,广东,主板,SZSE,20141205,食品饮料,饮料乳品,乳品,851243.SI
002733.SZ,002733,雄韬股份,深圳,主板,SZSE,20141203,电力设备,电池,蓄电池及其他电池,857375.SI
002736.SZ,002736,国信证券,深圳,主板,SZSE,20141229,非银金融,证券Ⅱ,证券Ⅲ,851931.SI
002738.SZ,002738,中矿资源,北京,主板,SZSE,20141230,有色金属,小金属,其他小金属,850544.SI
002739.SZ,002739,儒意电影,北京,主板,SZSE,20150122,传媒,影视院线,院线,857662.SI
002741.SZ,002741,光华科技,广东,主板,SZSE,20150216,电子,电子化学品Ⅱ,电子化学品Ⅲ,850861.SI
002743.SZ,002743,富煌钢构,安徽,主板,SZSE,20150217,建筑装饰,专业工程,钢结构,857241.SI
002748.SZ,002748,世龙实业,江西,主板,SZSE,20150319,基础化工,化学原料,氯碱,850322.SI
002749.SZ,002749,国光股份,四川,主板,SZSE,20150320,基础化工,农化制品,农药,850333.SI
002752.SZ,002752,昇兴股份,福建,主板,SZSE,20150422,轻工制造,包装印刷,金属包装,851423.SI
002753.SZ,002753,永东股份,山西,主板,SZSE,20150519,基础化工,橡胶,炭黑,850363.SI
002755.SZ,002755,奥赛康,北京,主板,SZSE,20150515,医药生物,化学制药,化学制剂,851512.SI
002756.SZ,002756,永兴材料,浙江,主板,SZSE,20150515,有色金属,能源金属,锂,850543.SI
002758.SZ,002758,浙农股份,浙江,主板,SZSE,20150527,基础化工,农化制品,复合肥,850381.SI
002759.SZ,002759,ST天际,广东,主板,SZSE,20150528,电力设备,电池,电池化学品,857372.SI
000301.SZ,000301,东方盛虹,江苏,主板,SZSE,20000529,石油石化,炼化及贸易,炼油化工,859631.SI
000544.SZ,000544,中原环保,河南,主板,SZSE,19931208,环保,环境治理,水务及水治理,859712.SI
000576.SZ,000576,甘化科工,广东,主板,SZSE,19940907,国防军工,地面兵装Ⅱ,地面兵装Ⅲ,857431.SI
000702.SZ,000702,正虹科技,湖南,主板,SZSE,19970318,农林牧渔,饲料,畜禽饲料,850142.SI
000762.SZ,000762,西藏矿业,西藏,主板,SZSE,19970708,有色金属,能源金属,锂,850543.SI
000923.SZ,000923,河钢资源,河北,主板,SZSE,19990714,钢铁,冶钢原料,铁矿石,850431.SI
001239.SZ,001239,永达股份,湖南,主板,SZSE,20231212,机械设备,工程机械,工程机械器件,850772.SI
002305.SZ,002305,*ST南置,湖北,主板,SZSE,20091106,房地产,房地产开发,商业地产,851812.SI
002334.SZ,002334,英威腾,深圳,主板,SZSE,20100113,机械设备,自动化设备,工控设备,850782.SI
002335.SZ,002335,科华数据,福建,主板,SZSE,20100113,电力设备,其他电源设备Ⅱ,其他电源设备Ⅲ,857336.SI
002365.SZ,002365,永安药业,湖北,主板,SZSE,20100305,医药生物,化学制药,原料药,851511.SI
002761.SZ,002761,浙江建投,浙江,主板,SZSE,20150610,建筑装饰,房屋建设Ⅱ,房屋建设Ⅲ,850623.SI
002765.SZ,002765,蓝黛科技,重庆,主板,SZSE,20150612,汽车,汽车零部件,其他汽车零部件,850925.SI
002766.SZ,002766,索菱股份,深圳,主板,SZSE,20150611,汽车,汽车零部件,汽车电子电气系统,850926.SI
002768.SZ,002768,国恩股份,山东,主板,SZSE,20150630,基础化工,塑料,改性塑料,850353.SI
002769.SZ,002769,普路通,广东,主板,SZSE,20150629,交通运输,物流,中间产品及消费品供应链服务,851783.SI
002772.SZ,002772,众兴菌业,甘肃,主板,SZSE,20150626,农林牧渔,种植业,食用菌,850114.SI
002773.SZ,002773,康弘药业,四川,主板,SZSE,20150626,医药生物,生物制品,其他生物制品,851524.SI
002774.SZ,002774,快意电梯,广东,主板,SZSE,20170324,机械设备,专用设备,楼宇设备,850728.SI
002775.SZ,002775,文科股份,广东,主板,SZSE,20150629,建筑装饰,基础建设,园林工程,857251.SI
002778.SZ,002778,中晟高科,江苏,主板,SZSE,20160106,环保,环境治理,水务及水治理,859712.SI
002779.SZ,002779,中坚科技,浙江,主板,SZSE,20151209,机械设备,专用设备,其他专用设备,850727.SI
000558.SZ,000558,天府文旅,四川,主板,SZSE,19940509,社会服务,旅游及景区,自然景区,852112.SI
000705.SZ,000705,浙江震元,浙江,主板,SZSE,19970410,医药生物,医药商业,医药流通,851542.SI
000793.SZ,000793,ST华闻,海南,主板,SZSE,19970729,传媒,出版,大众出版,857692.SI
000983.SZ,000983,山西焦煤,山西,主板,SZSE,20000726,煤炭,煤炭开采,焦煤,859512.SI
002028.SZ,002028,思源电气,上海,主板,SZSE,20040805,电力设备,电网设备,输变电设备,857381.SI
002029.SZ,002029,七匹狼,福建,主板,SZSE,20040806,纺织服饰,服装家纺,非运动服装,851329.SI
002030.SZ,002030,达安基因,广东,主板,SZSE,20040809,医药生物,医疗器械,体外诊断,851534.SI
002296.SZ,002296,辉煌科技,河南,主板,SZSE,20090929,通信,通信设备,通信网络设备及器件,851024.SI
002306.SZ,002306,ST云网,北京,主板,SZSE,20091111,社会服务,酒店餐饮,餐饮,852141.SI
002391.SZ,002391,长青股份,江苏,主板,SZSE,20100416,基础化工,农化制品,农药,850333.SI
002783.SZ,002783,凯龙股份,湖北,主板,SZSE,20151209,基础化工,化学制品,民爆制品,850337.SI
002786.SZ,002786,银宝山新,深圳,主板,SZSE,20151223,机械设备,专用设备,其他专用设备,850727.SI
002789.SZ,002789,*ST建艺,深圳,主板,SZSE,20160311,建筑装饰,装修装饰Ⅱ,装修装饰Ⅲ,857221.SI
002790.SZ,002790,瑞尔特,福建,主板,SZSE,20160308,轻工制造,家居用品,卫浴制品,851439.SI
002792.SZ,002792,通宇通讯,广东,主板,SZSE,20160328,通信,通信设备,通信网络设备及器件,851024.SI
002793.SZ,002793,罗欣药业,山东,主板,SZSE,20160415,医药生物,化学制药,化学制剂,851512.SI
002795.SZ,002795,永和智控,浙江,主板,SZSE,20160428,机械设备,通用设备,金属制品,850751.SI
002796.SZ,002796,世嘉科技,江苏,主板,SZSE,20160510,通信,通信设备,通信网络设备及器件,851024.SI
002799.SZ,002799,环球印务,陕西,主板,SZSE,20160608,轻工制造,包装印刷,纸包装,851425.SI
002800.SZ,002800,天顺股份,新疆,主板,SZSE,20160530,交通运输,物流,跨境物流,851785.SI
002805.SZ,002805,丰元股份,山东,主板,SZSE,20160707,电力设备,电池,电池化学品,857372.SI
002806.SZ,002806,华锋股份,广东,主板,SZSE,20160726,汽车,汽车零部件,底盘与发动机系统,850923.SI
002807.SZ,002807,江阴银行,江苏,主板,SZSE,20160902,银行,农商行Ⅱ,农商行Ⅲ,857851.SI
000429.SZ,000429,粤高速A,广东,主板,SZSE,19980220,交通运输,铁路公路,高速公路,851731.SI
000629.SZ,000629,钒钛股份,四川,主板,SZSE,19961115,钢铁,冶钢原料,冶钢辅料,850432.SI
000720.SZ,000720,新能泰山,山东,主板,SZSE,19970509,电力设备,电网设备,线缆部件及其他,857344.SI
000766.SZ,000766,通化金马,吉林,主板,SZSE,19970430,医药生物,化学制药,化学制剂,851512.SI
000839.SZ,000839,国安股份,北京,主板,SZSE,19971031,通信,通信服务,通信应用增值服务,852214.SI
000905.SZ,000905,厦门港务,福建,主板,SZSE,19990429,交通运输,航运港口,港口,851711.SI
000926.SZ,000926,福星股份,湖北,主板,SZSE,19990618,房地产,房地产开发,住宅开发,851811.SI
001222.SZ,001222,源飞宠物,浙江,主板,SZSE,20220818,轻工制造,文娱用品,娱乐用品,851452.SI
002031.SZ,002031,巨轮智能,广东,主板,SZSE,20040816,机械设备,专用设备,其他专用设备,850727.SI
002204.SZ,002204,大连重工,辽宁,主板,SZSE,20080116,机械设备,专用设备,能源及重型设备,850725.SI
002337.SZ,002337,赛象科技,天津,主板,SZSE,20100115,机械设备,专用设备,其他专用设备,850727.SI
002439.SZ,002439,启明星辰,北京,主板,SZSE,20100623,计算机,软件开发,横向通用软件,851042.SI
002809.SZ,002809,红墙股份,广东,主板,SZSE,20160823,基础化工,化学制品,其他化学制品,850339.SI
002810.SZ,002810,山东赫达,山东,主板,SZSE,20160826,基础化工,化学制品,其他化学制品,850339.SI
002812.SZ,002812,恩捷股份,云南,主板,SZSE,20160914,电力设备,电池,电池化学品,857372.SI
002813.SZ,002813,路畅科技,深圳,主板,SZSE,20161012,汽车,汽车零部件,汽车电子电气系统,850926.SI
002816.SZ,002816,*ST和科,深圳,主板,SZSE,20161025,机械设备,专用设备,其他专用设备,850727.SI
002817.SZ,002817,黄山胶囊,安徽,主板,SZSE,20161025,医药生物,化学制药,原料药,851511.SI
002818.SZ,002818,富森美,四川,主板,SZSE,20161109,商贸零售,一般零售,商业物业经营,852034.SI
000333.SZ,000333,美的集团,广东,主板,SZSE,20130918,家用电器,白色家电,空调,851112.SI
000519.SZ,000519,中兵红箭,河南,主板,SZSE,19931008,国防军工,地面兵装Ⅱ,地面兵装Ⅲ,857431.SI
000545.SZ,000545,金浦钛业,吉林,主板,SZSE,19931215,基础化工,化学原料,钛白粉,850326.SI
000599.SZ,000599,青岛双星,山东,主板,SZSE,19960430,汽车,汽车零部件,轮胎轮毂,850924.SI
000661.SZ,000661,长春高新,吉林,主板,SZSE,19961218,医药生物,生物制品,其他生物制品,851524.SI
000812.SZ,000812,陕西金叶,陕西,主板,SZSE,19980623,轻工制造,包装印刷,纸包装,851425.SI
000887.SZ,000887,中鼎股份,安徽,主板,SZSE,19981203,汽车,汽车零部件,其他汽车零部件,850925.SI
000999.SZ,000999,华润三九,深圳,主板,SZSE,20000309,医药生物,中药Ⅱ,中药Ⅲ,851521.SI
002033.SZ,002033,丽江股份,云南,主板,SZSE,20040825,社会服务,旅游及景区,自然景区,852112.SI
002034.SZ,002034,旺能环境,浙江,主板,SZSE,20040826,环保,环境治理,固废治理,859713.SI
002035.SZ,002035,华帝股份,广东,主板,SZSE,20040901,家用电器,厨卫电器,厨房电器,851141.SI
002374.SZ,002374,中锐股份,山东,主板,SZSE,20100318,轻工制造,包装印刷,金属包装,851423.SI
002455.SZ,002455,百川股份,江苏,主板,SZSE,20100803,基础化工,化学制品,其他化学制品,850339.SI
002819.SZ,002819,东方中科,北京,主板,SZSE,20161111,机械设备,通用设备,仪器仪表,850731.SI
002820.SZ,002820,桂发祥,天津,主板,SZSE,20161118,食品饮料,休闲食品,烘焙食品,851282.SI
002821.SZ,002821,凯莱英,天津,主板,SZSE,20161118,医药生物,医疗服务,医疗研发外包,851563.SI
002823.SZ,002823,凯中精密,深圳,主板,SZSE,20161124,电力设备,电机Ⅱ,电机Ⅲ,850741.SI
002824.SZ,002824,和胜股份,广东,主板,SZSE,20170112,有色金属,工业金属,铝,850551.SI
002827.SZ,002827,高争民爆,西藏,主板,SZSE,20161209,基础化工,化学制品,民爆制品,850337.SI
002830.SZ,002830,名雕股份,深圳,主板,SZSE,20161213,建筑装饰,装修装饰Ⅱ,装修装饰Ⅲ,857221.SI
000630.SZ,000630,铜陵有色,安徽,主板,SZSE,19961120,有色金属,工业金属,铜,850552.SI
000721.SZ,000721,西安饮食,陕西,主板,SZSE,19970430,社会服务,酒店餐饮,餐饮,852141.SI
000795.SZ,000795,英洛华,浙江,主板,SZSE,19970808,有色金属,金属新材料,磁性材料,850522.SI
000911.SZ,000911,*ST广糖,广西,主板,SZSE,19990527,农林牧渔,农产品加工,其他农产品加工,850154.SI
000950.SZ,000950,重药控股,重庆,主板,SZSE,19990916,医药生物,医药商业,医药流通,851542.SI
002036.SZ,002036,联创电子,江西,主板,SZSE,20040903,电子,光学光电子,光学元件,850833.SI
002037.SZ,002037,保利联合,贵州,主板,SZSE,20040908,基础化工,化学制品,民爆制品,850337.SI
002338.SZ,002338,奥普光电,吉林,主板,SZSE,20100115,国防军工,军工电子Ⅱ,军工电子Ⅲ,857451.SI
002826.SZ,002826,易明医药,西藏,主板,SZSE,20161209,医药生物,化学制药,化学制剂,851512.SI
002833.SZ,002833,弘亚数控,广东,主板,SZSE,20161228,机械设备,专用设备,其他专用设备,850727.SI
002835.SZ,002835,同为股份,深圳,主板,SZSE,20161228,计算机,计算机设备,安防设备,850702.SI
002837.SZ,002837,英维克,深圳,主板,SZSE,20161229,机械设备,专用设备,其他专用设备,850727.SI
002840.SZ,002840,华统股份,浙江,主板,SZSE,20170110,食品饮料,食品加工,肉制品,851241.SI
002841.SZ,002841,视源股份,广东,主板,SZSE,20170119,电子,消费电子,品牌消费电子,850853.SI
002842.SZ,002842,翔鹭钨业,广东,主板,SZSE,20170119,有色金属,小金属,钨,850542.SI
002846.SZ,002846,英联股份,广东,主板,SZSE,20170207,轻工制造,包装印刷,金属包装,851423.SI
002848.SZ,002848,高斯贝尔,湖南,主板,SZSE,20170213,家用电器,黑色家电,彩电,851121.SI
002850.SZ,002850,科达利,深圳,主板,SZSE,20170302,电力设备,电池,锂电池,857371.SI
002851.SZ,002851,麦格米特,深圳,主板,SZSE,20170306,电力设备,其他电源设备Ⅱ,其他电源设备Ⅲ,857336.SI
002852.SZ,002852,道道全,湖南,主板,SZSE,20170310,农林牧渔,农产品加工,粮油加工,850152.SI
002853.SZ,002853,皮阿诺,广东,主板,SZSE,20170310,轻工制造,家居用品,定制家居,851438.SI
002855.SZ,002855,捷荣技术,广东,主板,SZSE,20170321,电子,消费电子,消费电子零部件及组装,850854.SI
002856.SZ,002856,*ST美芝,深圳,主板,SZSE,20170320,建筑装饰,装修装饰Ⅱ,装修装饰Ⅲ,857221.SI
002857.SZ,002857,三晖电气,河南,主板,SZSE,20170323,电力设备,电网设备,电工仪器仪表,857323.SI
000767.SZ,000767,晋控电力,山西,主板,SZSE,19970609,公用事业,电力,火力发电,851611.SI
000850.SZ,000850,华茂股份,安徽,主板,SZSE,19981007,纺织服饰,纺织制造,棉纺,851312.SI
000985.SZ,000985,大庆华科,黑龙江,主板,SZSE,20000726,石油石化,炼化及贸易,其他石化,859633.SI
002205.SZ,002205,国统股份,新疆,主板,SZSE,20080123,建筑材料,水泥,水泥制品,857112.SI
002392.SZ,002392,北京利尔,北京,主板,SZSE,20100423,建筑材料,装修建材,耐火材料,850615.SI
002858.SZ,002858,力盛体育,上海,主板,SZSE,20170324,社会服务,体育Ⅱ,体育Ⅲ,852161.SI
002859.SZ,002859,洁美科技,浙江,主板,SZSE,20170407,电子,其他电子Ⅱ,其他电子Ⅲ,850841.SI
002860.SZ,002860,星帅尔,浙江,主板,SZSE,20170412,家用电器,家电零部件Ⅱ,家电零部件Ⅲ,851161.SI
002862.SZ,002862,实丰文化,广东,主板,SZSE,20170411,轻工制造,文娱用品,娱乐用品,851452.SI
002863.SZ,002863,今飞凯达,浙江,主板,SZSE,20170418,汽车,汽车零部件,轮胎轮毂,850924.SI
002864.SZ,002864,盘龙药业,陕西,主板,SZSE,20171116,医药生物,中药Ⅱ,中药Ⅲ,851521.SI
002865.SZ,002865,钧达股份,海南,主板,SZSE,20170425,电力设备,光伏设备,光伏电池组件,857352.SI
002867.SZ,002867,周大生,深圳,主板,SZSE,20170427,纺织服饰,饰品,钟表珠宝,851331.SI
002868.SZ,002868,绿康生化,福建,主板,SZSE,20170503,农林牧渔,动物保健Ⅱ,动物保健Ⅲ,850181.SI
002869.SZ,002869,金溢科技,深圳,主板,SZSE,20170515,计算机,计算机设备,其他计算机设备,850703.SI
002870.SZ,002870,香山股份,广东,主板,SZSE,20170515,汽车,汽车零部件,汽车电子电气系统,850926.SI
002871.SZ,002871,伟隆股份,山东,主板,SZSE,20170511,机械设备,通用设备,金属制品,850751.SI
002872.SZ,002872,ST天圣,重庆,主板,SZSE,20170519,医药生物,化学制药,化学制剂,851512.SI
002876.SZ,002876,三利谱,深圳,主板,SZSE,20170525,电子,光学光电子,面板,850831.SI
002877.SZ,002877,智能自控,江苏,主板,SZSE,20170605,机械设备,通用设备,金属制品,850751.SI
002878.SZ,002878,元隆雅图,北京,主板,SZSE,20170606,传媒,广告营销,营销代理,857651.SI
002879.SZ,002879,长缆科技,湖南,主板,SZSE,20170707,电力设备,电网设备,线缆部件及其他,857344.SI
002880.SZ,002880,卫光生物,深圳,主板,SZSE,20170616,医药生物,生物制品,血液制品,851522.SI
002883.SZ,002883,*ST中设,江苏,主板,SZSE,20170620,建筑装饰,工程咨询服务Ⅱ,工程咨询服务Ⅲ,857261.SI
002884.SZ,002884,凌霄泵业,广东,主板,SZSE,20170711,机械设备,通用设备,其他通用设备,850716.SI
002885.SZ,002885,京泉华,深圳,主板,SZSE,20170627,电子,其他电子Ⅱ,其他电子Ⅲ,850841.SI
002886.SZ,002886,沃特股份,深圳,主板,SZSE,20170627,基础化工,塑料,改性塑料,850353.SI
002887.SZ,002887,绿茵生态,天津,主板,SZSE,20170801,环保,环境治理,综合环境治理,859714.SI
000099.SZ,000099,中信海直,深圳,主板,SZSE,20000731,交通运输,航空机场,航空运输,851741.SI
000411.SZ,000411,英特集团,浙江,主板,SZSE,19960716,医药生物,医药商业,医药流通,851542.SI
000707.SZ,000707,双环科技,湖北,主板,SZSE,19970415,基础化工,化学原料,纯碱,850321.SI
000768.SZ,000768,中航西飞,陕西,主板,SZSE,19970626,国防军工,航空装备Ⅱ,航空装备Ⅲ,857421.SI
000813.SZ,000813,德展健康,新疆,主板,SZSE,19980519,医药生物,化学制药,化学制剂,851512.SI
001203.SZ,001203,大中矿业,内蒙,主板,SZSE,20210510,钢铁,冶钢原料,铁矿石,850431.SI
002038.SZ,002038,双鹭药业,北京,主板,SZSE,20040909,医药生物,化学制药,化学制剂,851512.SI
002039.SZ,002039,黔源电力,贵州,主板,SZSE,20050303,公用事业,电力,水力发电,851612.SI
002458.SZ,002458,益生股份,山东,主板,SZSE,20100810,农林牧渔,养殖业,肉鸡养殖,850173.SI
002888.SZ,002888,惠威科技,广东,主板,SZSE,20170721,电子,消费电子,品牌消费电子,850853.SI
002889.SZ,002889,东方嘉盛,深圳,主板,SZSE,20170731,交通运输,物流,中间产品及消费品供应链服务,851783.SI
002890.SZ,002890,弘宇股份,山东,主板,SZSE,20170802,机械设备,专用设备,农用机械,850723.SI
002891.SZ,002891,中宠股份,山东,主板,SZSE,20170821,农林牧渔,饲料,宠物食品,850144.SI
002892.SZ,002892,科力尔,湖南,主板,SZSE,20170817,电力设备,电机Ⅱ,电机Ⅲ,850741.SI
002893.SZ,002893,京能热力,北京,主板,SZSE,20170915,公用事业,电力,热力服务,851614.SI
002895.SZ,002895,川恒股份,贵州,主板,SZSE,20170825,基础化工,农化制品,磷肥及磷化工,850332.SI
002899.SZ,002899,英派斯,山东,主板,SZSE,20170915,轻工制造,文娱用品,娱乐用品,851452.SI
002900.SZ,002900,哈三联,黑龙江,主板,SZSE,20170922,医药生物,化学制药,化学制剂,851512.SI
002905.SZ,002905,金逸影视,广东,主板,SZSE,20171016,传媒,影视院线,院线,857662.SI
002906.SZ,002906,华阳集团,广东,主板,SZSE,20171013,汽车,汽车零部件,汽车电子电气系统,850926.SI
002907.SZ,002907,华森制药,重庆,主板,SZSE,20171020,医药生物,中药Ⅱ,中药Ⅲ,851521.SI
002908.SZ,002908,德生科技,广东,主板,SZSE,20171020,计算机,IT服务Ⅱ,IT服务Ⅲ,852226.SI
002909.SZ,002909,集泰股份,广东,主板,SZSE,20171026,基础化工,化学制品,有机硅,850136.SI
000581.SZ,000581,威孚高科,江苏,主板,SZSE,19980924,汽车,汽车零部件,底盘与发动机系统,850923.SI
000663.SZ,000663,永安林业,福建,主板,SZSE,19961206,农林牧渔,林业Ⅱ,林业Ⅲ,850131.SI
000685.SZ,000685,中山公用,广东,主板,SZSE,19970123,环保,环境治理,水务及水治理,859712.SI
000888.SZ,000888,峨眉山A,四川,主板,SZSE,19971021,社会服务,旅游及景区,自然景区,852112.SI
000912.SZ,000912,泸天化,四川,主板,SZSE,19990603,基础化工,农化制品,氮肥,850331.SI
000951.SZ,000951,中国重汽,山东,主板,SZSE,19991125,汽车,商用车,商用载货车,850912.SI
002040.SZ,002040,南京港,江苏,主板,SZSE,20050325,交通运输,航运港口,港口,851711.SI
002042.SZ,002042,华孚时尚,安徽,主板,SZSE,20050427,纺织服饰,纺织制造,棉纺,851312.SI
002043.SZ,002043,兔宝宝,浙江,主板,SZSE,20050510,建筑材料,装修建材,其他建材,850614.SI
002044.SZ,002044,美年健康,浙江,主板,SZSE,20050518,医药生物,医疗服务,医院,851564.SI
002339.SZ,002339,积成电子,山东,主板,SZSE,20100122,电力设备,电网设备,电网自动化设备,857321.SI
002406.SZ,002406,远东传动,河南,主板,SZSE,20100518,汽车,汽车零部件,底盘与发动机系统,850923.SI
002910.SZ,002910,庄园牧场,甘肃,主板,SZSE,20171031,食品饮料,饮料乳品,乳品,851243.SI
002911.SZ,002911,佛燃能源,广东,主板,SZSE,20171122,公用事业,燃气Ⅱ,燃气Ⅲ,851631.SI
002913.SZ,002913,奥士康,湖南,主板,SZSE,20171201,电子,元件,印制电路板,850822.SI
002915.SZ,002915,中欣氟材,浙江,主板,SZSE,20171205,基础化工,化学制品,氟化工,850382.SI
002916.SZ,002916,深南电路,深圳,主板,SZSE,20171213,电子,元件,印制电路板,850822.SI
002917.SZ,002917,金奥博,深圳,主板,SZSE,20171208,基础化工,化学制品,民爆制品,850337.SI
002918.SZ,002918,蒙娜丽莎,广东,主板,SZSE,20171219,轻工制造,家居用品,瓷砖地板,851436.SI
002919.SZ,002919,名臣健康,广东,主板,SZSE,20171218,传媒,游戏Ⅱ,游戏Ⅲ,857641.SI
000825.SZ,000825,太钢不锈,山西,主板,SZSE,19981021,钢铁,特钢Ⅱ,特钢Ⅲ,850401.SI
002045.SZ,002045,国光电器,广东,主板,SZSE,20050523,电子,消费电子,品牌消费电子,850853.SI
002046.SZ,002046,国机精工,河南,主板,SZSE,20050526,机械设备,通用设备,磨具磨料,850713.SI
002121.SZ,002121,科陆电子,深圳,主板,SZSE,20070306,电力设备,电网设备,电工仪器仪表,857323.SI
002246.SZ,002246,北化股份,四川,主板,SZSE,20080605,基础化工,化学制品,民爆制品,850337.SI
002459.SZ,002459,晶澳科技,河北,主板,SZSE,20100810,电力设备,光伏设备,光伏电池组件,857352.SI
002920.SZ,002920,德赛西威,广东,主板,SZSE,20171226,计算机,软件开发,垂直应用软件,851041.SI
002921.SZ,002921,联诚精密,山东,主板,SZSE,20171227,汽车,汽车零部件,其他汽车零部件,850925.SI
002922.SZ,002922,伊戈尔,广东,主板,SZSE,20171229,电子,其他电子Ⅱ,其他电子Ⅲ,850841.SI
002923.SZ,002923,润都股份,广东,主板,SZSE,20180105,医药生物,化学制药,化学制剂,851512.SI
002926.SZ,002926,华西证券,四川,主板,SZSE,20180205,非银金融,证券Ⅱ,证券Ⅲ,851931.SI
002927.SZ,002927,泰永长征,贵州,主板,SZSE,20180223,电力设备,电网设备,配电设备,857382.SI
002929.SZ,002929,润建股份,广西,主板,SZSE,20180301,通信,通信服务,通信工程及服务,852213.SI
002930.SZ,002930,宏川智慧,广东,主板,SZSE,20180328,交通运输,物流,仓储物流,851786.SI
002931.SZ,002931,锋龙股份,浙江,主板,SZSE,20180403,机械设备,通用设备,金属制品,850751.SI
002932.SZ,002932,*ST明德,湖北,主板,SZSE,20180710,医药生物,医疗器械,体外诊断,851534.SI
002933.SZ,002933,新兴装备,北京,主板,SZSE,20180828,国防军工,航空装备Ⅱ,航空装备Ⅲ,857421.SI
002935.SZ,002935,天奥电子,四川,主板,SZSE,20180903,国防军工,军工电子Ⅱ,军工电子Ⅲ,857451.SI
002936.SZ,002936,郑州银行,河南,主板,SZSE,20180919,银行,城商行Ⅱ,城商行Ⅲ,857841.SI
002937.SZ,002937,兴瑞科技,浙江,主板,SZSE,20180926,汽车,汽车零部件,汽车电子电气系统,850926.SI
002939.SZ,002939,长城证券,深圳,主板,SZSE,20181026,非银金融,证券Ⅱ,证券Ⅲ,851931.SI
002940.SZ,002940,昂利康,浙江,主板,SZSE,20181023,医药生物,化学制药,化学制剂,851512.SI
002941.SZ,002941,新疆交建,新疆,主板,SZSE,20181128,建筑装饰,基础建设,基建市政工程,857236.SI
002942.SZ,002942,新农股份,浙江,主板,SZSE,20181205,基础化工,农化制品,农药,850333.SI
002943.SZ,002943,宇晶股份,湖南,主板,SZSE,20181129,机械设备,通用设备,机床工具,850711.SI
002945.SZ,002945,华林证券,西藏,主板,SZSE,20190117,非银金融,证券Ⅱ,证券Ⅲ,851931.SI
002946.SZ,002946,新乳业,四川,主板,SZSE,20190125,食品饮料,饮料乳品,乳品,851243.SI
002947.SZ,002947,恒铭达,江苏,主板,SZSE,20190201,电子,消费电子,消费电子零部件及组装,850854.SI
000560.SZ,000560,我爱我家,云南,主板,SZSE,19940202,房地产,房地产服务,房产租赁经纪,851832.SI
000733.SZ,000733,振华科技,贵州,主板,SZSE,19970703,国防军工,军工电子Ⅱ,军工电子Ⅲ,857451.SI
002047.SZ,002047,宝鹰股份,深圳,主板,SZSE,20050531,建筑装饰,装修装饰Ⅱ,装修装饰Ⅲ,857221.SI
002049.SZ,002049,紫光国微,河北,主板,SZSE,20050606,电子,半导体,数字芯片设计,850814.SI
002050.SZ,002050,三花智控,浙江,主板,SZSE,20050607,家用电器,家电零部件Ⅱ,家电零部件Ⅲ,851161.SI
002051.SZ,002051,中工国际,北京,主板,SZSE,20060619,建筑装饰,专业工程,国际工程,857243.SI
002052.SZ,002052,同洲电子,深圳,主板,SZSE,20060627,电力设备,其他电源设备Ⅱ,其他电源设备Ⅲ,857336.SI
002206.SZ,002206,海利得,浙江,主板,SZSE,20080123,基础化工,化学纤维,涤纶,850341.SI
002340.SZ,002340,格林美,深圳,主板,SZSE,20100122,电力设备,电池,电池化学品,857372.SI
002424.SZ,002424,ST百灵,贵州,主板,SZSE,20100603,医药生物,中药Ⅱ,中药Ⅲ,851521.SI
002948.SZ,002948,青岛银行,山东,主板,SZSE,20190116,银行,城商行Ⅱ,城商行Ⅲ,857841.SI
002949.SZ,002949,华阳国际,深圳,主板,SZSE,20190226,建筑装饰,工程咨询服务Ⅱ,工程咨询服务Ⅲ,857261.SI
002950.SZ,002950,奥美医疗,湖北,主板,SZSE,20190311,医药生物,医疗器械,医疗耗材,851533.SI
002951.SZ,002951,金时科技,四川,主板,SZSE,20190315,电力设备,其他电源设备Ⅱ,其他电源设备Ⅲ,857336.SI
002952.SZ,002952,亚世光电,辽宁,主板,SZSE,20190328,电子,光学光电子,面板,850831.SI
002953.SZ,002953,日丰股份,广东,主板,SZSE,20190509,电力设备,电网设备,线缆部件及其他,857344.SI
002955.SZ,002955,鸿合科技,深圳,主板,SZSE,20190523,电子,光学光电子,面板,850831.SI
002956.SZ,002956,西麦食品,广西,主板,SZSE,20190619,食品饮料,休闲食品,烘焙食品,851282.SI
002957.SZ,002957,科瑞技术,深圳,主板,SZSE,20190726,机械设备,自动化设备,工控设备,850782.SI
002958.SZ,002958,青农商行,山东,主板,SZSE,20190326,银行,农商行Ⅱ,农商行Ⅲ,857851.SI
002959.SZ,002959,小熊电器,广东,主板,SZSE,20190823,家用电器,小家电,厨房小家电,851131.SI
002960.SZ,002960,青鸟智控,河北,主板,SZSE,20190809,机械设备,专用设备,楼宇设备,850728.SI
002961.SZ,002961,瑞达期货,福建,主板,SZSE,20190905,非银金融,多元金融,期货,851923.SI
002962.SZ,002962,五方光电,湖北,主板,SZSE,20190917,电子,光学光电子,光学元件,850833.SI
000690.SZ,000690,宝新能源,广东,主板,SZSE,19970128,公用事业,电力,火力发电,851611.SI
000815.SZ,000815,美利云,宁夏,主板,SZSE,19980609,计算机,IT服务Ⅱ,IT服务Ⅲ,852226.SI
000987.SZ,000987,越秀资本,广东,主板,SZSE,20000718,非银金融,多元金融,金融控股,851922.SI
002182.SZ,002182,宝武镁业,江苏,主板,SZSE,20071113,有色金属,小金属,其他小金属,850544.SI
002375.SZ,002375,亚厦股份,浙江,主板,SZSE,20100323,建筑装饰,装修装饰Ⅱ,装修装饰Ⅲ,857221.SI
002425.SZ,002425,凯撒文化,广东,主板,SZSE,20100608,传媒,游戏Ⅱ,游戏Ⅲ,857641.SI
002460.SZ,002460,赣锋锂业,江西,主板,SZSE,20100810,有色金属,能源金属,锂,850543.SI
002963.SZ,002963,豪尔赛,北京,主板,SZSE,20191028,建筑装饰,装修装饰Ⅱ,装修装饰Ⅲ,857221.SI
002965.SZ,002965,祥鑫科技,广东,主板,SZSE,20191025,汽车,汽车零部件,其他汽车零部件,850925.SI
002966.SZ,002966,苏州银行,江苏,主板,SZSE,20190802,银行,城商行Ⅱ,城商行Ⅲ,857841.SI
002967.SZ,002967,广电计量,广东,主板,SZSE,20191108,社会服务,专业服务,检测服务,852182.SI
002968.SZ,002968,新大正,重庆,主板,SZSE,20191203,房地产,房地产服务,物业管理,851831.SI
002969.SZ,002969,嘉美包装,安徽,主板,SZSE,20191202,轻工制造,包装印刷,金属包装,851423.SI
002971.SZ,002971,和远气体,湖北,主板,SZSE,20200113,基础化工,化学制品,其他化学制品,850339.SI
002972.SZ,002972,科安达,深圳,主板,SZSE,20191227,机械设备,轨交设备Ⅱ,轨交设备Ⅲ,850936.SI
002973.SZ,002973,侨银股份,广东,主板,SZSE,20200106,环保,环境治理,固废治理,859713.SI
002975.SZ,002975,博杰股份,广东,主板,SZSE,20200205,机械设备,自动化设备,工控设备,850782.SI
002976.SZ,002976,瑞玛精密,江苏,主板,SZSE,20200306,汽车,汽车零部件,其他汽车零部件,850925.SI
002978.SZ,002978,安宁股份,四川,主板,SZSE,20200417,有色金属,小金属,其他小金属,850544.SI
002979.SZ,002979,雷赛智能,深圳,主板,SZSE,20200408,机械设备,自动化设备,机器人,850781.SI
002980.SZ,002980,华盛昌,深圳,主板,SZSE,20200415,电力设备,电网设备,电工仪器仪表,857323.SI
002982.SZ,002982,湘佳股份,湖南,主板,SZSE,20200424,农林牧渔,养殖业,肉鸡养殖,850173.SI
002983.SZ,002983,芯瑞达,安徽,主板,SZSE,20200428,电子,光学光电子,LED,850832.SI
002984.SZ,002984,森麒麟,山东,主板,SZSE,20200911,汽车,汽车零部件,轮胎轮毂,850924.SI
002985.SZ,002985,北摩高科,北京,主板,SZSE,20200429,国防军工,航空装备Ⅱ,航空装备Ⅲ,857421.SI
002986.SZ,002986,宇新股份,广东,主板,SZSE,20200602,石油石化,炼化及贸易,其他石化,859633.SI
000691.SZ,000691,亚太实业,甘肃,主板,SZSE,19970228,基础化工,化学原料,其他化学原料,850324.SI
000776.SZ,000776,广发证券,广东,主板,SZSE,19970611,非银金融,证券Ⅱ,证券Ⅲ,851931.SI
002247.SZ,002247,聚力文化,浙江,主板,SZSE,20080612,建筑材料,装修建材,其他建材,850614.SI
002987.SZ,002987,京北方,北京,主板,SZSE,20200507,计算机,软件开发,垂直应用软件,851041.SI
002989.SZ,002989,中天精装,深圳,主板,SZSE,20200610,建筑装饰,装修装饰Ⅱ,装修装饰Ⅲ,857221.SI
002991.SZ,002991,甘源食品,江西,主板,SZSE,20200731,食品饮料,休闲食品,零食,851281.SI
002992.SZ,002992,宝明科技,深圳,主板,SZSE,20200803,电子,光学光电子,LED,850832.SI
002995.SZ,002995,天地在线,北京,主板,SZSE,20200805,传媒,广告营销,营销代理,857651.SI
002997.SZ,002997,瑞鹄模具,安徽,主板,SZSE,20200903,汽车,汽车零部件,其他汽车零部件,850925.SI
002998.SZ,002998,优彩资源,江苏,主板,SZSE,20200925,基础化工,化学纤维,涤纶,850341.SI
002999.SZ,002999,天禾股份,广东,主板,SZSE,20200903,基础化工,农化制品,复合肥,850381.SI
003001.SZ,003001,中岩大地,北京,主板,SZSE,20201013,建筑装饰,专业工程,其他专业工程,857244.SI
003003.SZ,003003,天元股份,广东,主板,SZSE,20200921,轻工制造,包装印刷,综合包装,851426.SI
003006.SZ,003006,百亚股份,重庆,主板,SZSE,20200921,美容护理,个护用品,生活用纸,859811.SI
003008.SZ,003008,开普检测,河南,主板,SZSE,20200923,社会服务,专业服务,检测服务,852182.SI
003009.SZ,003009,中天火箭,陕西,主板,SZSE,20200925,国防军工,航天装备Ⅱ,航天装备Ⅲ,857411.SI
003010.SZ,003010,若羽臣,广东,主板,SZSE,20200925,商贸零售,互联网电商,电商服务,852063.SI
003011.SZ,003011,海象新材,浙江,主板,SZSE,20200930,轻工制造,家居用品,瓷砖地板,851436.SI
003015.SZ,003015,日久光电,江苏,主板,SZSE,20201021,电子,光学光电子,光学元件,850833.SI
003016.SZ,003016,欣贺股份,福建,主板,SZSE,20201026,纺织服饰,服装家纺,非运动服装,851329.SI
003017.SZ,003017,大洋生物,浙江,主板,SZSE,20201026,基础化工,化学原料,无机盐,850323.SI
003018.SZ,003018,金富科技,广东,主板,SZSE,20201106,轻工制造,包装印刷,塑料包装,851424.SI
003019.SZ,003019,宸展光电,福建,主板,SZSE,20201117,电子,光学光电子,面板,850831.SI
003021.SZ,003021,兆威机电,深圳,主板,SZSE,20201204,电力设备,电机Ⅱ,电机Ⅲ,850741.SI
003022.SZ,003022,联泓新科,山东,主板,SZSE,20201208,电力设备,光伏设备,光伏辅材,857354.SI
003023.SZ,003023,彩虹集团,四川,主板,SZSE,20201211,家用电器,小家电,个护小家电,851133.SI
003025.SZ,003025,思进智能,浙江,主板,SZSE,20201211,机械设备,通用设备,机床工具,850711.SI
003027.SZ,003027,同兴科技,安徽,主板,SZSE,20201218,环保,环境治理,大气治理,859711.SI
003029.SZ,003029,吉大正元,吉林,主板,SZSE,20201224,计算机,软件开发,垂直应用软件,851041.SI
003031.SZ,003031,中瓷电子,河北,主板,SZSE,20210104,通信,通信设备,通信终端及配件,851026.SI
000708.SZ,000708,中信特钢,湖北,主板,SZSE,19970326,钢铁,特钢Ⅱ,特钢Ⅲ,850401.SI
000777.SZ,000777,中核科技,江苏,主板,SZSE,19970710,机械设备,通用设备,金属制品,850751.SI
001255.SZ,001255,博菲电气,浙江,主板,SZSE,20220930,基础化工,塑料,合成树脂,850354.SI
002053.SZ,002053,云南能投,云南,主板,SZSE,20060627,公用事业,电力,风力发电,851617.SI
002054.SZ,002054,德美化工,广东,主板,SZSE,20060725,基础化工,化学制品,纺织化学制品,850338.SI
002055.SZ,002055,ST得润,深圳,主板,SZSE,20060725,电子,消费电子,消费电子零部件及组装,850854.SI
002056.SZ,002056,横店东磁,浙江,主板,SZSE,20060802,电力设备,光伏设备,光伏电池组件,857352.SI
002349.SZ,002349,精华制药,江苏,主板,SZSE,20100203,医药生物,中药Ⅱ,中药Ⅲ,851521.SI
002393.SZ,002393,力生制药,天津,主板,SZSE,20100423,医药生物,化学制药,化学制剂,851512.SI
003032.SZ,003032,传智教育,江苏,主板,SZSE,20210112,社会服务,教育,培训教育,859852.SI
003035.SZ,003035,南网能源,广东,主板,SZSE,20210119,公用事业,电力,电能综合服务,851610.SI
003036.SZ,003036,泰坦股份,浙江,主板,SZSE,20210128,机械设备,专用设备,纺织服装设备,850721.SI
003037.SZ,003037,三和管桩,广东,主板,SZSE,20210204,建筑材料,水泥,水泥制品,857112.SI
003038.SZ,003038,鑫铂股份,安徽,主板,SZSE,20210210,有色金属,工业金属,铝,850551.SI
003039.SZ,003039,顺控发展,广东,主板,SZSE,20210308,环保,环境治理,水务及水治理,859712.SI
003040.SZ,003040,楚天龙,广东,主板,SZSE,20210322,通信,通信设备,通信终端及配件,851026.SI
003041.SZ,003041,真爱美家,浙江,主板,SZSE,20210406,纺织服饰,服装家纺,家纺,851326.SI
003042.SZ,003042,中农联合,山东,主板,SZSE,20210406,基础化工,农化制品,农药,850333.SI
003043.SZ,003043,华亚智能,江苏,主板,SZSE,20210406,电子,半导体,半导体设备,850818.SI
003816.SZ,003816,中国广核,深圳,主板,SZSE,20190826,公用事业,电力,核力发电,851618.SI
300002.SZ,300002,神州泰岳,北京,创业板,SZSE,20091030,传媒,游戏Ⅱ,游戏Ⅲ,857641.SI
300003.SZ,300003,乐普医疗,北京,创业板,SZSE,20091030,医药生物,医疗器械,医疗耗材,851533.SI
300004.SZ,300004,南风股份,广东,创业板,SZSE,20091030,机械设备,专用设备,其他专用设备,850727.SI
000061.SZ,000061,农产品,深圳,主板,SZSE,19970110,商贸零售,一般零售,商业物业经营,852034.SI
000400.SZ,000400,许继电气,河南,主板,SZSE,19970418,电力设备,电网设备,电网自动化设备,857321.SI
000415.SZ,000415,渤海租赁,新疆,主板,SZSE,19960716,非银金融,多元金融,租赁,851925.SI
000582.SZ,000582,北部湾港,广西,主板,SZSE,19951102,交通运输,航运港口,港口,851711.SI
000632.SZ,000632,ST三木,福建,主板,SZSE,19961121,综合,综合Ⅱ,综合Ⅲ,852311.SI
000711.SZ,000711,ST京蓝,黑龙江,主板,SZSE,19970411,环保,环境治理,综合环境治理,859714.SI
001206.SZ,001206,依依股份,天津,主板,SZSE,20210518,美容护理,个护用品,生活用纸,859811.SI
002207.SZ,002207,*ST准油,新疆,主板,SZSE,20080128,石油石化,油服工程,油田服务,859621.SI
002287.SZ,002287,奇正藏药,西藏,主板,SZSE,20090828,医药生物,中药Ⅱ,中药Ⅲ,851521.SI
002461.SZ,002461,珠江啤酒,广东,主板,SZSE,20100818,食品饮料,非白酒,啤酒,851232.SI
300006.SZ,300006,莱美药业,重庆,创业板,SZSE,20091030,医药生物,化学制药,化学制剂,851512.SI
300007.SZ,300007,汉威科技,河南,创业板,SZSE,20091030,机械设备,通用设备,仪器仪表,850731.SI
300008.SZ,300008,天海防务,上海,创业板,SZSE,20091030,国防军工,航海装备Ⅱ,航海装备Ⅲ,850935.SI
300009.SZ,300009,安科生物,安徽,创业板,SZSE,20091030,医药生物,生物制品,其他生物制品,851524.SI
300010.SZ,300010,ST豆神,北京,创业板,SZSE,20091030,社会服务,教育,教育运营及其他,859853.SI
300011.SZ,300011,鼎汉技术,北京,创业板,SZSE,20091030,机械设备,轨交设备Ⅱ,轨交设备Ⅲ,850936.SI
300012.SZ,300012,华测检测,深圳,创业板,SZSE,20091030,社会服务,专业服务,检测服务,852182.SI
300013.SZ,300013,新宁物流,河南,创业板,SZSE,20091030,交通运输,物流,中间产品及消费品供应链服务,851783.SI
300015.SZ,300015,爱尔眼科,湖南,创业板,SZSE,20091030,医药生物,医疗服务,医院,851564.SI
300016.SZ,300016,北陆药业,北京,创业板,SZSE,20091030,医药生物,化学制药,化学制剂,851512.SI
300018.SZ,300018,中元股份,湖北,创业板,SZSE,20091030,电力设备,电网设备,电网自动化设备,857321.SI
300019.SZ,300019,硅宝科技,四川,创业板,SZSE,20091030,基础化工,化学制品,有机硅,850136.SI
300021.SZ,300021,大禹节水,甘肃,创业板,SZSE,20091030,农林牧渔,农业综合Ⅱ,农业综合Ⅲ,850191.SI
000546.SZ,000546,金圆股份,吉林,主板,SZSE,19931215,环保,环境治理,固废治理,859713.SI
000633.SZ,000633,合金投资,新疆,主板,SZSE,19961112,有色金属,金属新材料,其他金属新材料,850521.SI
001256.SZ,001256,炜冈科技,浙江,主板,SZSE,20221205,机械设备,专用设备,印刷包装机械,850726.SI
002057.SZ,002057,中钢天源,安徽,主板,SZSE,20060802,社会服务,专业服务,检测服务,852182.SI
002058.SZ,002058,威尔泰,上海,主板,SZSE,20060802,电力设备,电池,电池化学品,857372.SI
002059.SZ,002059,云南旅游,云南,主板,SZSE,20060810,社会服务,旅游及景区,人工景区,852111.SI
002227.SZ,002227,*ST特迅,深圳,主板,SZSE,20080506,电力设备,其他电源设备Ⅱ,其他电源设备Ⅲ,857336.SI
002267.SZ,002267,陕天然气,陕西,主板,SZSE,20080813,公用事业,燃气Ⅱ,燃气Ⅲ,851631.SI
002312.SZ,002312,川发龙蟒,四川,主板,SZSE,20091203,基础化工,农化制品,磷肥及磷化工,850332.SI
300022.SZ,300022,吉峰科技,四川,创业板,SZSE,20091030,商贸零售,专业连锁Ⅱ,专业连锁Ⅲ,852041.SI
300024.SZ,300024,机器人,辽宁,创业板,SZSE,20091030,机械设备,自动化设备,机器人,850781.SI
300025.SZ,300025,华星创业,浙江,创业板,SZSE,20091030,通信,通信服务,通信工程及服务,852213.SI
300026.SZ,300026,红日药业,天津,创业板,SZSE,20091030,医药生物,中药Ⅱ,中药Ⅲ,851521.SI
300027.SZ,300027,ST华谊,浙江,创业板,SZSE,20091030,传媒,影视院线,影视动漫制作,857661.SI
300030.SZ,300030,阳普医疗,广东,创业板,SZSE,20091225,医药生物,医疗器械,医疗设备,851532.SI
300032.SZ,300032,金龙机电,浙江,创业板,SZSE,20091225,电子,消费电子,消费电子零部件及组装,850854.SI
300033.SZ,300033,同花顺,浙江,创业板,SZSE,20091225,计算机,软件开发,垂直应用软件,851041.SI
300034.SZ,300034,钢研高纳,北京,创业板,SZSE,20091225,国防军工,航空装备Ⅱ,航空装备Ⅲ,857421.SI
300036.SZ,300036,超图软件,北京,创业板,SZSE,20091225,计算机,软件开发,横向通用软件,851042.SI
300037.SZ,300037,新宙邦,深圳,创业板,SZSE,20100108,电力设备,电池,电池化学品,857372.SI
300039.SZ,300039,上海凯宝,上海,创业板,SZSE,20100108,医药生物,中药Ⅱ,中药Ⅲ,851521.SI
300040.SZ,300040,九洲集团,黑龙江,创业板,SZSE,20100108,公用事业,电力,电能综合服务,851610.SI
300041.SZ,300041,回天新材,湖北,创业板,SZSE,20100108,基础化工,化学制品,有机硅,850136.SI
300042.SZ,300042,朗科科技,深圳,创业板,SZSE,20100108,计算机,计算机设备,其他计算机设备,850703.SI
002060.SZ,002060,广东建工,广东,主板,SZSE,20060810,建筑装饰,基础建设,基建市政工程,857236.SI
002268.SZ,002268,电科网安,四川,主板,SZSE,20080811,计算机,计算机设备,其他计算机设备,850703.SI
002342.SZ,002342,巨力索具,河北,主板,SZSE,20100126,机械设备,通用设备,金属制品,850751.SI
002463.SZ,002463,沪电股份,江苏,主板,SZSE,20100818,电子,元件,印制电路板,850822.SI
300044.SZ,300044,*ST赛为,深圳,创业板,SZSE,20100120,计算机,IT服务Ⅱ,IT服务Ⅲ,852226.SI
300045.SZ,300045,华力创通,北京,创业板,SZSE,20100120,国防军工,军工电子Ⅱ,军工电子Ⅲ,857451.SI
300046.SZ,300046,台基股份,湖北,创业板,SZSE,20100120,电子,半导体,分立器件,850812.SI
300047.SZ,300047,天源迪科,深圳,创业板,SZSE,20100120,计算机,软件开发,垂直应用软件,851041.SI
300049.SZ,300049,福瑞医科,内蒙,创业板,SZSE,20100120,医药生物,医疗器械,医疗设备,851532.SI
300051.SZ,300051,琏升科技,江苏,创业板,SZSE,20100211,电力设备,光伏设备,光伏电池组件,857352.SI
300052.SZ,300052,中青宝,深圳,创业板,SZSE,20100211,传媒,游戏Ⅱ,游戏Ⅲ,857641.SI
300053.SZ,300053,航宇微,广东,创业板,SZSE,20100211,电子,半导体,数字芯片设计,850814.SI
300054.SZ,300054,鼎龙股份,湖北,创业板,SZSE,20100211,电子,电子化学品Ⅱ,电子化学品Ⅲ,850861.SI
300055.SZ,300055,万邦达,北京,创业板,SZSE,20100226,石油石化,炼化及贸易,其他石化,859633.SI
300056.SZ,300056,中创环保,福建,创业板,SZSE,20100226,环保,环境治理,大气治理,859711.SI
300057.SZ,300057,万顺新材,广东,创业板,SZSE,20100226,有色金属,工业金属,铝,850551.SI
300058.SZ,300058,蓝色光标,北京,创业板,SZSE,20100226,传媒,广告营销,营销代理,857651.SI
300059.SZ,300059,东方财富,上海,创业板,SZSE,20100319,非银金融,证券Ⅱ,证券Ⅲ,851931.SI
300061.SZ,300061,旗天科技,上海,创业板,SZSE,20100319,传媒,广告营销,营销代理,857651.SI
300063.SZ,300063,天龙集团,广东,创业板,SZSE,20100326,传媒,广告营销,营销代理,857651.SI
300065.SZ,300065,海兰信,北京,创业板,SZSE,20100326,国防军工,航海装备Ⅱ,航海装备Ⅲ,850935.SI
300066.SZ,300066,三川智慧,江西,创业板,SZSE,20100326,机械设备,通用设备,仪器仪表,850731.SI
300067.SZ,300067,安诺其,上海,创业板,SZSE,20100421,基础化工,化学制品,纺织化学制品,850338.SI
300068.SZ,300068,ST南都,浙江,创业板,SZSE,20100421,电力设备,电池,蓄电池及其他电池,857375.SI
300070.SZ,300070,碧水源,北京,创业板,SZSE,20100421,环保,环境治理,水务及水治理,859712.SI
300071.SZ,300071,福石控股,北京,创业板,SZSE,20100421,传媒,广告营销,营销代理,857651.SI
300072.SZ,300072,海新能科,北京,创业板,SZSE,20100427,基础化工,化学制品,其他化学制品,850339.SI
300073.SZ,300073,当升科技,北京,创业板,SZSE,20100427,电力设备,电池,电池化学品,857372.SI
300075.SZ,300075,数字政通,北京,创业板,SZSE,20100427,计算机,软件开发,垂直应用软件,851041.SI
000430.SZ,000430,张家界,湖南,主板,SZSE,19960829,社会服务,旅游及景区,自然景区,852112.SI
000692.SZ,000692,惠天热电,辽宁,主板,SZSE,19970227,公用事业,电力,热力服务,851614.SI
000796.SZ,000796,凯撒旅业,海南,主板,SZSE,19970703,社会服务,旅游及景区,旅游综合,852131.SI
000966.SZ,000966,长源电力,湖北,主板,SZSE,20000316,公用事业,电力,火力发电,851611.SI
001223.SZ,001223,欧克科技,江西,主板,SZSE,20221212,机械设备,自动化设备,其他自动化设备,850784.SI
002061.SZ,002061,浙江交科,浙江,主板,SZSE,20060816,建筑装饰,基础建设,基建市政工程,857236.SI
002062.SZ,002062,宏润建设,浙江,主板,SZSE,20060816,建筑装饰,基础建设,基建市政工程,857236.SI
002063.SZ,002063,远光软件,广东,主板,SZSE,20060823,计算机,软件开发,垂直应用软件,851041.SI
002065.SZ,002065,东华软件,北京,主板,SZSE,20060823,计算机,IT服务Ⅱ,IT服务Ⅲ,852226.SI
002313.SZ,002313,日海智能,深圳,主板,SZSE,20091203,通信,通信设备,通信终端及配件,851026.SI
002428.SZ,002428,云南锗业,云南,主板,SZSE,20100608,有色金属,小金属,其他小金属,850544.SI
300076.SZ,300076,*ST宁视,浙江,创业板,SZSE,20100430,电子,光学光电子,面板,850831.SI
300077.SZ,300077,国民技术,深圳,创业板,SZSE,20100430,电子,半导体,数字芯片设计,850814.SI
300078.SZ,300078,思创智联,浙江,创业板,SZSE,20100430,计算机,IT服务Ⅱ,IT服务Ⅲ,852226.SI
300079.SZ,300079,数码视讯,北京,创业板,SZSE,20100430,计算机,IT服务Ⅱ,IT服务Ⅲ,852226.SI
300080.SZ,300080,易成新能,河南,创业板,SZSE,20100625,电力设备,光伏设备,光伏电池组件,857352.SI
300081.SZ,300081,ST恒信,北京,创业板,SZSE,20100520,通信,通信服务,通信应用增值服务,852214.SI
300082.SZ,300082,奥克股份,辽宁,创业板,SZSE,20100520,基础化工,化学原料,其他化学原料,850324.SI
300083.SZ,300083,创世纪,广东,创业板,SZSE,20100520,机械设备,自动化设备,工控设备,850782.SI
300084.SZ,300084,海默科技,甘肃,创业板,SZSE,20100520,机械设备,专用设备,能源及重型设备,850725.SI
300085.SZ,300085,银之杰,深圳,创业板,SZSE,20100526,计算机,软件开发,垂直应用软件,851041.SI
300086.SZ,300086,康芝药业,海南,创业板,SZSE,20100526,医药生物,化学制药,化学制剂,851512.SI
000488.SZ,000488,ST晨鸣,山东,主板,SZSE,20001120,轻工制造,造纸,大宗用纸,851412.SI
000547.SZ,000547,航天发展,福建,主板,SZSE,19931130,国防军工,军工电子Ⅱ,军工电子Ⅲ,857451.SI
002066.SZ,002066,瑞泰科技,北京,主板,SZSE,20060823,建筑材料,装修建材,耐火材料,850615.SI
002067.SZ,002067,景兴纸业,浙江,主板,SZSE,20060915,轻工制造,造纸,大宗用纸,851412.SI
002068.SZ,002068,黑猫股份,江西,主板,SZSE,20060915,基础化工,橡胶,炭黑,850363.SI
002314.SZ,002314,南山控股,深圳,主板,SZSE,20091203,房地产,房地产开发,住宅开发,851811.SI
002343.SZ,002343,慈文传媒,江西,主板,SZSE,20100126,传媒,影视院线,影视动漫制作,857661.SI
002366.SZ,002366,融发核电,四川,主板,SZSE,20100312,电力设备,其他电源设备Ⅱ,其他电源设备Ⅲ,857336.SI
300087.SZ,300087,ST荃银,安徽,创业板,SZSE,20100526,农林牧渔,种植业,种子,850111.SI
300088.SZ,300088,长信科技,安徽,创业板,SZSE,20100526,电子,光学光电子,面板,850831.SI
300091.SZ,300091,*ST金灵,江苏,创业板,SZSE,20100625,机械设备,通用设备,其他通用设备,850716.SI
300092.SZ,300092,科新机电,四川,创业板,SZSE,20100708,机械设备,专用设备,能源及重型设备,850725.SI
300095.SZ,300095,华伍股份,江西,创业板,SZSE,20100728,机械设备,专用设备,能源及重型设备,850725.SI
300096.SZ,300096,ST易联众,福建,创业板,SZSE,20100728,计算机,IT服务Ⅱ,IT服务Ⅲ,852226.SI
300097.SZ,300097,智云股份,辽宁,创业板,SZSE,20100728,机械设备,自动化设备,其他自动化设备,850784.SI
300098.SZ,300098,高新兴,广东,创业板,SZSE,20100728,通信,通信设备,通信网络设备及器件,851024.SI
300099.SZ,300099,尤洛卡,山东,创业板,SZSE,20100806,机械设备,专用设备,能源及重型设备,850725.SI
300100.SZ,300100,双林股份,浙江,创业板,SZSE,20100806,汽车,汽车零部件,车身附件及饰件,850922.SI
300101.SZ,300101,振芯科技,四川,创业板,SZSE,20100806,国防军工,军工电子Ⅱ,军工电子Ⅲ,857451.SI
300102.SZ,300102,乾照光电,福建,创业板,SZSE,20100812,电子,光学光电子,LED,850832.SI
300105.SZ,300105,龙源技术,山东,创业板,SZSE,20100820,环保,环保设备Ⅱ,环保设备Ⅲ,859721.SI
300106.SZ,300106,西部牧业,新疆,创业板,SZSE,20100820,食品饮料,饮料乳品,乳品,851243.SI
300109.SZ,300109,新开源,河南,创业板,SZSE,20100825,基础化工,化学制品,其他化学制品,850339.SI
300110.SZ,300110,华仁药业,山东,创业板,SZSE,20100825,医药生物,化学制药,化学制剂,851512.SI
000062.SZ,000062,深圳华强,深圳,主板,SZSE,19970130,电子,其他电子Ⅱ,其他电子Ⅲ,850841.SI
000586.SZ,000586,汇源通信,四川,主板,SZSE,19951220,通信,通信设备,通信线缆及配套,851025.SI
000778.SZ,000778,新兴铸管,河北,主板,SZSE,19970606,钢铁,普钢,钢铁管材,850443.SI
002407.SZ,002407,多氟多,河南,主板,SZSE,20100518,基础化工,化学制品,氟化工,850382.SI
300112.SZ,300112,万讯自控,深圳,创业板,SZSE,20100827,机械设备,通用设备,仪器仪表,850731.SI
300113.SZ,300113,顺网科技,浙江,创业板,SZSE,20100827,传媒,游戏Ⅱ,游戏Ⅲ,857641.SI
300115.SZ,300115,长盈精密,深圳,创业板,SZSE,20100902,电子,消费电子,消费电子零部件及组装,850854.SI
300118.SZ,300118,东方日升,浙江,创业板,SZSE,20100902,电力设备,光伏设备,光伏电池组件,857352.SI
300119.SZ,300119,瑞普生物,天津,创业板,SZSE,20100917,农林牧渔,动物保健Ⅱ,动物保健Ⅲ,850181.SI
300120.SZ,300120,经纬辉开,天津,创业板,SZSE,20100917,电子,光学光电子,面板,850831.SI
300121.SZ,300121,阳谷华泰,山东,创业板,SZSE,20100917,基础化工,橡胶,橡胶助剂,850364.SI
300123.SZ,300123,ST亚光,湖南,创业板,SZSE,20100928,国防军工,军工电子Ⅱ,军工电子Ⅲ,857451.SI
300124.SZ,300124,汇川技术,深圳,创业板,SZSE,20100928,机械设备,自动化设备,工控设备,850782.SI
300125.SZ,300125,聆达股份,辽宁,创业板,SZSE,20101013,公用事业,电力,光伏发电,851616.SI
300126.SZ,300126,锐奇股份,上海,创业板,SZSE,20101013,机械设备,通用设备,其他通用设备,850716.SI
300127.SZ,300127,银河磁体,四川,创业板,SZSE,20101013,有色金属,金属新材料,磁性材料,850522.SI
300129.SZ,300129,泰胜风能,上海,创业板,SZSE,20101019,电力设备,风电设备,风电零部件,857362.SI
300131.SZ,300131,英唐智控,深圳,创业板,SZSE,20101019,电子,其他电子Ⅱ,其他电子Ⅲ,850841.SI
300132.SZ,300132,诺斯贝尔,福建,创业板,SZSE,20101026,美容护理,化妆品,化妆品制造及其他,859821.SI
300133.SZ,300133,华策影视,浙江,创业板,SZSE,20101026,传媒,影视院线,影视动漫制作,857661.SI
300134.SZ,300134,大富科技,安徽,创业板,SZSE,20101026,通信,通信设备,通信网络设备及器件,851024.SI
300135.SZ,300135,宝利国际,江苏,创业板,SZSE,20101026,石油石化,炼化及贸易,其他石化,859633.SI
300136.SZ,300136,信维通信,深圳,创业板,SZSE,20101105,电子,消费电子,消费电子零部件及组装,850854.SI
300137.SZ,300137,先河环保,河北,创业板,SZSE,20101105,环保,环保设备Ⅱ,环保设备Ⅲ,859721.SI
300139.SZ,300139,晓程科技,北京,创业板,SZSE,20101112,有色金属,贵金属,黄金,850531.SI
300140.SZ,300140,节能环境,陕西,创业板,SZSE,20101112,环保,环境治理,固废治理,859713.SI
300141.SZ,300141,和顺电气,江苏,创业板,SZSE,20101112,电力设备,电网设备,配电设备,857382.SI
300142.SZ,300142,沃森生物,云南,创业板,SZSE,20101112,医药生物,生物制品,疫苗,851523.SI
300143.SZ,300143,盈康生命,山东,创业板,SZSE,20101209,医药生物,医疗服务,医院,851564.SI
300144.SZ,300144,宋城演艺,浙江,创业板,SZSE,20101209,社会服务,旅游及景区,人工景区,852111.SI
000498.SZ,000498,山东路桥,山东,主板,SZSE,19970609,建筑装饰,基础建设,基建市政工程,857236.SI
000635.SZ,000635,英力特,宁夏,主板,SZSE,19961120,基础化工,化学原料,氯碱,850322.SI
000852.SZ,000852,石化机械,湖北,主板,SZSE,19981126,机械设备,专用设备,能源及重型设备,850725.SI
001207.SZ,001207,联科科技,山东,主板,SZSE,20210623,基础化工,橡胶,炭黑,850363.SI
001225.SZ,001225,和泰机电,浙江,主板,SZSE,20230222,机械设备,专用设备,能源及重型设备,850725.SI
002395.SZ,002395,双象股份,江苏,主板,SZSE,20100429,基础化工,塑料,合成树脂,850354.SI
300147.SZ,300147,*ST香雪,广东,创业板,SZSE,20101215,医药生物,中药Ⅱ,中药Ⅲ,851521.SI
300148.SZ,300148,天舟文化,湖南,创业板,SZSE,20101215,传媒,出版,教育出版,857691.SI
300149.SZ,300149,睿智医药,广东,创业板,SZSE,20101222,医药生物,医疗服务,医疗研发外包,851563.SI
300150.SZ,300150,世纪瑞尔,北京,创业板,SZSE,20101222,计算机,IT服务Ⅱ,IT服务Ⅲ,852226.SI
300151.SZ,300151,昌红科技,深圳,创业板,SZSE,20101222,机械设备,专用设备,其他专用设备,850727.SI
300152.SZ,300152,*ST动力,河北,创业板,SZSE,20101229,环保,环境治理,综合环境治理,859714.SI
300153.SZ,300153,科泰电源,上海,创业板,SZSE,20101229,电力设备,其他电源设备Ⅱ,其他电源设备Ⅲ,857336.SI
300155.SZ,300155,安居宝,广东,创业板,SZSE,20110107,计算机,计算机设备,安防设备,850702.SI
300159.SZ,300159,新研股份,新疆,创业板,SZSE,20110107,机械设备,专用设备,农用机械,850723.SI
300160.SZ,300160,秀强股份,江苏,创业板,SZSE,20110113,家用电器,家电零部件Ⅱ,家电零部件Ⅲ,851161.SI
300161.SZ,300161,华中数控,湖北,创业板,SZSE,20110113,机械设备,通用设备,机床工具,850711.SI
300162.SZ,300162,雷曼光电,深圳,创业板,SZSE,20110113,电子,光学光电子,LED,850832.SI
300163.SZ,300163,先锋新材,浙江,创业板,SZSE,20110113,基础化工,化学制品,其他化学制品,850339.SI
300164.SZ,300164,通源石油,陕西,创业板,SZSE,20110113,石油石化,油服工程,油气及炼化工程,859622.SI
300165.SZ,300165,天瑞仪器,江苏,创业板,SZSE,20110125,机械设备,通用设备,仪器仪表,850731.SI
300166.SZ,300166,东方国信,北京,创业板,SZSE,20110125,计算机,IT服务Ⅱ,IT服务Ⅲ,852226.SI
300167.SZ,300167,ST迪威迅,深圳,创业板,SZSE,20110125,计算机,IT服务Ⅱ,IT服务Ⅲ,852226.SI
300168.SZ,300168,万达信息,上海,创业板,SZSE,20110125,计算机,IT服务Ⅱ,IT服务Ⅲ,852226.SI
300169.SZ,300169,天晟新材,江苏,创业板,SZSE,20110125,基础化工,化学制品,其他化学制品,850339.SI
300170.SZ,300170,汉得信息,上海,创业板,SZSE,20110201,计算机,IT服务Ⅱ,IT服务Ⅲ,852226.SI
300171.SZ,300171,东富龙,上海,创业板,SZSE,20110201,医药生物,医疗器械,医疗设备,851532.SI
000988.SZ,000988,华工科技,湖北,主板,SZSE,20000608,机械设备,自动化设备,激光设备,850783.SI
001258.SZ,001258,立新能源,新疆,主板,SZSE,20220727,公用事业,电力,风力发电,851617.SI
002183.SZ,002183,怡亚通,深圳,主板,SZSE,20071113,商贸零售,贸易Ⅱ,贸易Ⅲ,852021.SI
002208.SZ,002208,合肥城建,安徽,主板,SZSE,20080128,房地产,房地产开发,住宅开发,851811.SI
002396.SZ,002396,星网锐捷,福建,主板,SZSE,20100623,通信,通信设备,通信网络设备及器件,851024.SI
002429.SZ,002429,兆驰股份,深圳,主板,SZSE,20100610,家用电器,黑色家电,彩电,851121.SI
300172.SZ,300172,中电环保,江苏,创业板,SZSE,20110201,环保,环境治理,水务及水治理,859712.SI
300173.SZ,300173,ST福能,广东,创业板,SZSE,20110201,电力设备,电池,锂电专用设备,857373.SI
300174.SZ,300174,元力股份,福建,创业板,SZSE,20110201,基础化工,化学制品,其他化学制品,850339.SI
300177.SZ,300177,中海达,广东,创业板,SZSE,20110215,国防军工,军工电子Ⅱ,军工电子Ⅲ,857451.SI
300180.SZ,300180,华峰超纤,上海,创业板,SZSE,20110222,基础化工,塑料,其他塑料制品,850351.SI
300181.SZ,300181,佐力药业,浙江,创业板,SZSE,20110222,医药生物,中药Ⅱ,中药Ⅲ,851521.SI
300183.SZ,300183,东软载波,山东,创业板,SZSE,20110222,通信,通信设备,其他通信设备,851027.SI
300184.SZ,300184,力源信息,湖北,创业板,SZSE,20110222,电子,其他电子Ⅱ,其他电子Ⅲ,850841.SI
300185.SZ,300185,通裕重工,山东,创业板,SZSE,20110308,电力设备,风电设备,风电零部件,857362.SI
300188.SZ,300188,国投智能,福建,创业板,SZSE,20110316,计算机,软件开发,垂直应用软件,851041.SI
300191.SZ,300191,潜能恒信,北京,创业板,SZSE,20110316,石油石化,油服工程,油气及炼化工程,859622.SI
300192.SZ,300192,科德教育,江苏,创业板,SZSE,20110322,社会服务,教育,培训教育,859852.SI
300193.SZ,300193,佳士科技,深圳,创业板,SZSE,20110322,机械设备,通用设备,其他通用设备,850716.SI
300194.SZ,300194,福安药业,重庆,创业板,SZSE,20110322,医药生物,化学制药,化学制剂,851512.SI
300196.SZ,300196,长海股份,江苏,创业板,SZSE,20110329,建筑材料,玻璃玻纤,玻纤制造,857122.SI
300197.SZ,300197,节能铁汉,深圳,创业板,SZSE,20110329,建筑装饰,基础建设,园林工程,857251.SI
300198.SZ,300198,*ST纳川,福建,创业板,SZSE,20110407,建筑材料,装修建材,管材,850616.SI
300200.SZ,300200,高盟新材,北京,创业板,SZSE,20110407,基础化工,化学制品,聚氨酯,850372.SI
300201.SZ,300201,海伦哲,江苏,创业板,SZSE,20110407,机械设备,工程机械,工程机械整机,850771.SI
300203.SZ,300203,聚光科技,浙江,创业板,SZSE,20110415,环保,环保设备Ⅱ,环保设备Ⅲ,859721.SI
000401.SZ,000401,金隅冀东,河北,主板,SZSE,19960614,建筑材料,水泥,水泥制造,857111.SI
000589.SZ,000589,贵州轮胎,贵州,主板,SZSE,19960308,汽车,汽车零部件,轮胎轮毂,850924.SI
300204.SZ,300204,舒泰神,北京,创业板,SZSE,20110415,医药生物,化学制药,化学制剂,851512.SI
300205.SZ,300205,*ST天喻,湖北,创业板,SZSE,20110421,通信,通信设备,通信终端及配件,851026.SI
300206.SZ,300206,理邦仪器,深圳,创业板,SZSE,20110421,医药生物,医疗器械,医疗设备,851532.SI
300210.SZ,300210,森远股份,辽宁,创业板,SZSE,20110426,环保,环保设备Ⅱ,环保设备Ⅲ,859721.SI
300211.SZ,300211,*ST亿通,江苏,创业板,SZSE,20110505,通信,通信服务,通信工程及服务,852213.SI
300212.SZ,300212,*ST易录,北京,创业板,SZSE,20110505,计算机,IT服务Ⅱ,IT服务Ⅲ,852226.SI
300213.SZ,300213,佳讯飞鸿,北京,创业板,SZSE,20110505,通信,通信设备,其他通信设备,851027.SI
300214.SZ,300214,日科化学,山东,创业板,SZSE,20110511,基础化工,化学制品,其他化学制品,850339.SI
300215.SZ,300215,电科院,江苏,创业板,SZSE,20110511,社会服务,专业服务,检测服务,852182.SI
300217.SZ,300217,东方电热,江苏,创业板,SZSE,20110518,家用电器,家电零部件Ⅱ,家电零部件Ⅲ,851161.SI
300218.SZ,300218,安利股份,安徽,创业板,SZSE,20110518,基础化工,塑料,其他塑料制品,850351.SI
300219.SZ,300219,鸿利智汇,广东,创业板,SZSE,20110518,电子,光学光电子,LED,850832.SI
300221.SZ,300221,银禧科技,广东,创业板,SZSE,20110525,基础化工,塑料,改性塑料,850353.SI
300222.SZ,300222,科大智能,上海,创业板,SZSE,20110525,电力设备,电网设备,电网自动化设备,857321.SI
300223.SZ,300223,君正股份,北京,创业板,SZSE,20110531,电子,半导体,数字芯片设计,850814.SI
300224.SZ,300224,正海磁材,山东,创业板,SZSE,20110531,有色金属,金属新材料,磁性材料,850522.SI
300225.SZ,300225,金力泰,上海,创业板,SZSE,20110531,基础化工,化学制品,涂料油墨,850335.SI
300226.SZ,300226,上海钢联,上海,创业板,SZSE,20110608,计算机,软件开发,垂直应用软件,851041.SI
300227.SZ,300227,光韵达,深圳,创业板,SZSE,20110608,机械设备,自动化设备,激光设备,850783.SI
300228.SZ,300228,富瑞特装,江苏,创业板,SZSE,20110608,机械设备,通用设备,金属制品,850751.SI
300229.SZ,300229,拓尔思,北京,创业板,SZSE,20110615,计算机,软件开发,垂直应用软件,851041.SI
300230.SZ,300230,永利股份,上海,创业板,SZSE,20110615,基础化工,塑料,其他塑料制品,850351.SI
300231.SZ,300231,银信科技,北京,创业板,SZSE,20110615,计算机,IT服务Ⅱ,IT服务Ⅲ,852226.SI
300232.SZ,300232,洲明科技,深圳,创业板,SZSE,20110622,电子,光学光电子,LED,850832.SI
300234.SZ,300234,开尔新材,浙江,创业板,SZSE,20110622,建筑材料,装修建材,其他建材,850614.SI
300235.SZ,300235,方直科技,深圳,创业板,SZSE,20110629,计算机,软件开发,垂直应用软件,851041.SI
300236.SZ,300236,上海新阳,上海,创业板,SZSE,20110629,电子,电子化学品Ⅱ,电子化学品Ⅲ,850861.SI
300237.SZ,300237,ST美晨,山东,创业板,SZSE,20110629,汽车,汽车零部件,其他汽车零部件,850925.SI
300238.SZ,300238,冠昊生物,广东,创业板,SZSE,20110706,医药生物,医疗器械,医疗耗材,851533.SI
000798.SZ,000798,中水渔业,北京,主板,SZSE,19980212,农林牧渔,渔业,海洋捕捞,850121.SI
000889.SZ,000889,中嘉博创,河北,主板,SZSE,19971218,通信,通信服务,通信工程及服务,852213.SI
000952.SZ,000952,广济药业,湖北,主板,SZSE,19991112,医药生物,化学制药,原料药,851511.SI
001226.SZ,001226,拓山重工,安徽,主板,SZSE,20220622,机械设备,工程机械,工程机械器件,850772.SI
002209.SZ,002209,达意隆,广东,主板,SZSE,20080130,机械设备,专用设备,印刷包装机械,850726.SI
002430.SZ,002430,杭氧股份,浙江,主板,SZSE,20100610,基础化工,化学制品,其他化学制品,850339.SI
300239.SZ,300239,东宝生物,内蒙,创业板,SZSE,20110706,医药生物,生物制品,其他生物制品,851524.SI
300240.SZ,300240,飞力达,江苏,创业板,SZSE,20110706,交通运输,物流,中间产品及消费品供应链服务,851783.SI
300243.SZ,300243,瑞丰高材,山东,创业板,SZSE,20110712,基础化工,塑料,其他塑料制品,850351.SI
300244.SZ,300244,迪安诊断,浙江,创业板,SZSE,20110719,医药生物,医疗服务,诊断服务,851562.SI
300246.SZ,300246,宝莱特,广东,创业板,SZSE,20110719,医药生物,医疗器械,医疗设备,851532.SI
300250.SZ,300250,初灵信息,浙江,创业板,SZSE,20110803,计算机,IT服务Ⅱ,IT服务Ⅲ,852226.SI
300252.SZ,300252,金信诺,深圳,创业板,SZSE,20110818,国防军工,军工电子Ⅱ,军工电子Ⅲ,857451.SI
300253.SZ,300253,卫宁健康,上海,创业板,SZSE,20110818,计算机,软件开发,垂直应用软件,851041.SI
300254.SZ,300254,仟源医药,山西,创业板,SZSE,20110819,医药生物,化学制药,化学制剂,851512.SI
300258.SZ,300258,精锻科技,江苏,创业板,SZSE,20110826,汽车,汽车零部件,底盘与发动机系统,850923.SI
300259.SZ,300259,新天科技,河南,创业板,SZSE,20110831,机械设备,通用设备,仪器仪表,850731.SI
300260.SZ,300260,新莱应材,江苏,创业板,SZSE,20110906,机械设备,通用设备,金属制品,850751.SI
300261.SZ,300261,雅本化学,江苏,创业板,SZSE,20110906,基础化工,农化制品,农药,850333.SI
300263.SZ,300263,隆华科技,河南,创业板,SZSE,20110916,机械设备,通用设备,其他通用设备,850716.SI
300264.SZ,300264,佳创视讯,深圳,创业板,SZSE,20110916,计算机,IT服务Ⅱ,IT服务Ⅲ,852226.SI
300265.SZ,300265,通光线缆,江苏,创业板,SZSE,20110916,电力设备,电网设备,线缆部件及其他,857344.SI
300266.SZ,300266,兴源环境,浙江,创业板,SZSE,20110927,环保,环境治理,水务及水治理,859712.SI
300269.SZ,300269,联建光电,深圳,创业板,SZSE,20111012,电子,光学光电子,LED,850832.SI
300270.SZ,300270,中威电子,浙江,创业板,SZSE,20111012,计算机,计算机设备,安防设备,850702.SI
300271.SZ,300271,华宇软件,北京,创业板,SZSE,20111026,计算机,IT服务Ⅱ,IT服务Ⅲ,852226.SI
300272.SZ,300272,开能健康,上海,创业板,SZSE,20111102,家用电器,小家电,清洁小家电,851132.SI
300276.SZ,300276,三丰智能,湖北,创业板,SZSE,20111115,机械设备,自动化设备,机器人,850781.SI
000550.SZ,000550,江铃汽车,江西,主板,SZSE,19931201,汽车,商用车,商用载货车,850912.SI
000800.SZ,000800,一汽解放,吉林,主板,SZSE,19970618,汽车,商用车,商用载货车,850912.SI
000890.SZ,000890,法尔胜,江苏,主板,SZSE,19990119,环保,环保设备Ⅱ,环保设备Ⅲ,859721.SI
002228.SZ,002228,合兴包装,福建,主板,SZSE,20080508,轻工制造,包装印刷,纸包装,851425.SI
002322.SZ,002322,理工能科,浙江,主板,SZSE,20091218,计算机,软件开发,垂直应用软件,851041.SI
300277.SZ,300277,汽轮科技,浙江,创业板,SZSE,20111123,计算机,IT服务Ⅱ,IT服务Ⅲ,852226.SI
300278.SZ,300278,华昌达,湖北,创业板,SZSE,20111216,机械设备,自动化设备,工控设备,850782.SI
300281.SZ,300281,金明精机,广东,创业板,SZSE,20111229,机械设备,专用设备,其他专用设备,850727.SI
300284.SZ,300284,苏交科,江苏,创业板,SZSE,20120110,建筑装饰,工程咨询服务Ⅱ,工程咨询服务Ⅲ,857261.SI
300285.SZ,300285,国瓷材料,山东,创业板,SZSE,20120113,电子,电子化学品Ⅱ,电子化学品Ⅲ,850861.SI
300288.SZ,300288,朗玛信息,贵州,创业板,SZSE,20120216,计算机,IT服务Ⅱ,IT服务Ⅲ,852226.SI
300289.SZ,300289,利德曼,北京,创业板,SZSE,20120216,医药生物,医疗器械,体外诊断,851534.SI
300290.SZ,300290,ST荣科,辽宁,创业板,SZSE,20120216,计算机,IT服务Ⅱ,IT服务Ⅲ,852226.SI
300293.SZ,300293,蓝英装备,辽宁,创业板,SZSE,20120308,机械设备,专用设备,其他专用设备,850727.SI
300294.SZ,300294,博雅生物,江西,创业板,SZSE,20120308,医药生物,生物制品,血液制品,851522.SI
300296.SZ,300296,利亚德,北京,创业板,SZSE,20120315,电子,光学光电子,LED,850832.SI
300299.SZ,300299,富春股份,福建,创业板,SZSE,20120319,传媒,游戏Ⅱ,游戏Ⅲ,857641.SI
300300.SZ,300300,海峡创新,福建,创业板,SZSE,20120319,计算机,IT服务Ⅱ,IT服务Ⅲ,852226.SI
300301.SZ,300301,ST长方,深圳,创业板,SZSE,20120321,电子,光学光电子,LED,850832.SI
300302.SZ,300302,同有科技,北京,创业板,SZSE,20120321,计算机,计算机设备,其他计算机设备,850703.SI
300303.SZ,300303,聚飞光电,深圳,创业板,SZSE,20120319,电子,光学光电子,LED,850832.SI
300304.SZ,300304,云意电气,江苏,创业板,SZSE,20120321,汽车,汽车零部件,汽车电子电气系统,850926.SI
300305.SZ,300305,裕兴股份,江苏,创业板,SZSE,20120329,基础化工,塑料,膜材料,850355.SI
300306.SZ,300306,远方信息,浙江,创业板,SZSE,20120329,机械设备,通用设备,仪器仪表,850731.SI
300308.SZ,300308,中际旭创,山东,创业板,SZSE,20120410,通信,通信设备,通信网络设备及器件,851024.SI
300310.SZ,300310,宜通世纪,广东,创业板,SZSE,20120425,通信,通信服务,通信工程及服务,852213.SI
300311.SZ,300311,任子行,深圳,创业板,SZSE,20120425,计算机,软件开发,横向通用软件,851042.SI
300314.SZ,300314,戴维医疗,浙江,创业板,SZSE,20120508,医药生物,医疗器械,医疗设备,851532.SI
000028.SZ,000028,国药一致,深圳,主板,SZSE,19930809,医药生物,医药商业,医药流通,851542.SI
000063.SZ,000063,中兴通讯,深圳,主板,SZSE,19971118,通信,通信设备,通信网络设备及器件,851024.SI
000619.SZ,000619,海螺新材,安徽,主板,SZSE,19961023,建筑材料,装修建材,其他建材,850614.SI
000736.SZ,000736,中交发展,重庆,主板,SZSE,19970425,房地产,房地产开发,住宅开发,851811.SI
000856.SZ,000856,冀东装备,河北,主板,SZSE,19980813,机械设备,专用设备,其他专用设备,850727.SI
002353.SZ,002353,杰瑞股份,山东,主板,SZSE,20100205,机械设备,专用设备,能源及重型设备,850725.SI
002398.SZ,002398,垒知集团,福建,主板,SZSE,20100506,建筑材料,装修建材,其他建材,850614.SI
300291.SZ,300291,百纳千成,北京,创业板,SZSE,20120209,传媒,影视院线,影视动漫制作,857661.SI
300315.SZ,300315,掌趣科技,北京,创业板,SZSE,20120511,传媒,游戏Ⅱ,游戏Ⅲ,857641.SI
300316.SZ,300316,晶盛机电,浙江,创业板,SZSE,20120511,电力设备,光伏设备,光伏加工设备,857355.SI
300317.SZ,300317,珈伟新能,深圳,创业板,SZSE,20120511,公用事业,电力,光伏发电,851616.SI
300318.SZ,300318,博晖创新,北京,创业板,SZSE,20120523,医药生物,生物制品,血液制品,851522.SI
300319.SZ,300319,麦捷科技,深圳,创业板,SZSE,20120523,电子,元件,被动元件,850823.SI
300320.SZ,300320,海达股份,江苏,创业板,SZSE,20120601,基础化工,橡胶,其他橡胶制品,850362.SI
300322.SZ,300322,硕贝德,广东,创业板,SZSE,20120608,电子,消费电子,消费电子零部件及组装,850854.SI
300324.SZ,300324,旋极信息,北京,创业板,SZSE,20120608,计算机,计算机设备,其他计算机设备,850703.SI
300327.SZ,300327,中颖电子,上海,创业板,SZSE,20120613,电子,半导体,数字芯片设计,850814.SI
300329.SZ,300329,海伦钢琴,浙江,创业板,SZSE,20120619,轻工制造,文娱用品,娱乐用品,851452.SI
300331.SZ,300331,苏大维格,江苏,创业板,SZSE,20120628,电子,光学光电子,光学元件,850833.SI
300332.SZ,300332,天壕能源,北京,创业板,SZSE,20120628,公用事业,燃气Ⅱ,燃气Ⅲ,851631.SI
300333.SZ,300333,兆日科技,深圳,创业板,SZSE,20120628,计算机,计算机设备,其他计算机设备,850703.SI
300334.SZ,300334,津膜科技,天津,创业板,SZSE,20120705,环保,环境治理,水务及水治理,859712.SI
300335.SZ,300335,迪森股份,广东,创业板,SZSE,20120710,公用事业,电力,热力服务,851614.SI
300338.SZ,300338,*ST开元,湖南,创业板,SZSE,20120726,社会服务,教育,培训教育,859852.SI
000636.SZ,000636,风华高科,广东,主板,SZSE,19961129,电子,元件,被动元件,850823.SI
000989.SZ,000989,九芝堂,湖南,主板,SZSE,20000628,医药生物,中药Ⅱ,中药Ⅲ,851521.SI
002069.SZ,002069,獐子岛,辽宁,主板,SZSE,20060928,农林牧渔,渔业,水产养殖,850122.SI
002072.SZ,002072,凯瑞德,湖北,主板,SZSE,20061018,商贸零售,贸易Ⅱ,贸易Ⅲ,852021.SI
002073.SZ,002073,软控股份,山东,主板,SZSE,20061018,机械设备,专用设备,其他专用设备,850727.SI
002074.SZ,002074,国轩高科,安徽,主板,SZSE,20061018,电力设备,电池,锂电池,857371.SI
002075.SZ,002075,沙钢股份,江苏,主板,SZSE,20061025,钢铁,特钢Ⅱ,特钢Ⅲ,850401.SI
002229.SZ,002229,鸿博股份,福建,主板,SZSE,20080508,计算机,IT服务Ⅱ,IT服务Ⅲ,852226.SI
002367.SZ,002367,康力电梯,江苏,主板,SZSE,20100312,机械设备,专用设备,楼宇设备,850728.SI
300339.SZ,300339,润和软件,江苏,创业板,SZSE,20120718,计算机,IT服务Ⅱ,IT服务Ⅲ,852226.SI
300340.SZ,300340,科恒股份,广东,创业板,SZSE,20120726,电力设备,电池,电池化学品,857372.SI
300342.SZ,300342,天银机电,江苏,创业板,SZSE,20120726,家用电器,家电零部件Ⅱ,家电零部件Ⅲ,851161.SI
300343.SZ,300343,联创股份,山东,创业板,SZSE,20120801,基础化工,化学制品,氟化工,850382.SI
300345.SZ,300345,华民股份,湖南,创业板,SZSE,20120801,电力设备,光伏设备,硅料硅片,857351.SI
300346.SZ,300346,南大光电,江苏,创业板,SZSE,20120807,电子,电子化学品Ⅱ,电子化学品Ⅲ,850861.SI
300348.SZ,300348,长亮科技,深圳,创业板,SZSE,20120817,计算机,软件开发,垂直应用软件,851041.SI
300350.SZ,300350,华鹏飞,深圳,创业板,SZSE,20120821,交通运输,物流,中间产品及消费品供应链服务,851783.SI
300351.SZ,300351,永贵电器,浙江,创业板,SZSE,20120920,机械设备,轨交设备Ⅱ,轨交设备Ⅲ,850936.SI
300352.SZ,300352,ST信源,北京,创业板,SZSE,20120912,计算机,软件开发,垂直应用软件,851041.SI
300354.SZ,300354,东华测试,江苏,创业板,SZSE,20120920,机械设备,通用设备,仪器仪表,850731.SI
300355.SZ,300355,蒙草生态,内蒙,创业板,SZSE,20120927,建筑装饰,基础建设,园林工程,857251.SI
300357.SZ,300357,我武生物,浙江,创业板,SZSE,20140121,医药生物,生物制品,其他生物制品,851524.SI
300359.SZ,300359,全通教育,广东,创业板,SZSE,20140121,社会服务,教育,培训教育,859852.SI
300360.SZ,300360,炬华科技,浙江,创业板,SZSE,20140121,电力设备,电网设备,电工仪器仪表,857323.SI
300363.SZ,300363,博腾股份,重庆,创业板,SZSE,20140129,医药生物,医疗服务,医疗研发外包,851563.SI
300365.SZ,300365,恒华科技,北京,创业板,SZSE,20140123,计算机,软件开发,垂直应用软件,851041.SI
000065.SZ,000065,北方国际,北京,主板,SZSE,19980605,建筑装饰,专业工程,国际工程,857243.SI
000953.SZ,000953,中哲精化,广西,主板,SZSE,19991202,医药生物,化学制药,原料药,851511.SI
002077.SZ,002077,大港股份,江苏,主板,SZSE,20061116,电子,半导体,集成电路封测,850817.SI
002465.SZ,002465,海格通信,广东,主板,SZSE,20100831,国防军工,军工电子Ⅱ,军工电子Ⅲ,857451.SI
300366.SZ,300366,ST创意,四川,创业板,SZSE,20140127,计算机,软件开发,垂直应用软件,851041.SI
300368.SZ,300368,汇金股份,河北,创业板,SZSE,20140123,计算机,计算机设备,其他计算机设备,850703.SI
300369.SZ,300369,绿盟科技,北京,创业板,SZSE,20140129,计算机,软件开发,横向通用软件,851042.SI
300370.SZ,300370,安控科技,四川,创业板,SZSE,20140123,机械设备,通用设备,仪器仪表,850731.SI
300371.SZ,300371,汇中股份,河北,创业板,SZSE,20140123,机械设备,通用设备,仪器仪表,850731.SI
300373.SZ,300373,扬杰科技,江苏,创业板,SZSE,20140123,电子,半导体,分立器件,850812.SI
300374.SZ,300374,中铁装配,北京,创业板,SZSE,20150319,建筑材料,装修建材,耐火材料,850615.SI
300375.SZ,300375,鹏翎股份,天津,创业板,SZSE,20140127,汽车,汽车零部件,底盘与发动机系统,850923.SI
300377.SZ,300377,赢时胜,深圳,创业板,SZSE,20140127,计算机,软件开发,垂直应用软件,851041.SI
300380.SZ,300380,安硕信息,上海,创业板,SZSE,20140128,计算机,软件开发,垂直应用软件,851041.SI
300381.SZ,300381,溢多利,广东,创业板,SZSE,20140128,医药生物,化学制药,原料药,851511.SI
300382.SZ,300382,斯莱克,江苏,创业板,SZSE,20140129,机械设备,专用设备,其他专用设备,850727.SI
300383.SZ,300383,光环新网,北京,创业板,SZSE,20140129,通信,通信服务,通信应用增值服务,852214.SI
300384.SZ,300384,三联虹普,北京,创业板,SZSE,20140801,建筑装饰,专业工程,化学工程,857242.SI
300385.SZ,300385,ST雪浪,江苏,创业板,SZSE,20140626,环保,环境治理,大气治理,859711.SI
300387.SZ,300387,富邦科技,湖北,创业板,SZSE,20140702,基础化工,农化制品,复合肥,850381.SI
300388.SZ,300388,节能国祯,安徽,创业板,SZSE,20140801,环保,环境治理,水务及水治理,859712.SI
300393.SZ,300393,中来股份,江苏,创业板,SZSE,20140912,电力设备,光伏设备,光伏电池组件,857352.SI
300395.SZ,300395,菲利华,湖北,创业板,SZSE,20140910,国防军工,航空装备Ⅱ,航空装备Ⅲ,857421.SI
300396.SZ,300396,ST迪瑞,吉林,创业板,SZSE,20140910,医药生物,医疗器械,体外诊断,851534.SI
300398.SZ,300398,飞凯材料,上海,创业板,SZSE,20141009,电子,电子化学品Ⅱ,电子化学品Ⅲ,850861.SI
300399.SZ,300399,天利科技,江西,创业板,SZSE,20141009,计算机,IT服务Ⅱ,IT服务Ⅲ,852226.SI
300400.SZ,300400,劲拓股份,深圳,创业板,SZSE,20141010,机械设备,自动化设备,其他自动化设备,850784.SI
300402.SZ,300402,宝色股份,江苏,创业板,SZSE,20141010,机械设备,通用设备,金属制品,850751.SI
000590.SZ,000590,古汉医药,湖南,主板,SZSE,19960119,医药生物,中药Ⅱ,中药Ⅲ,851521.SI
002079.SZ,002079,苏州固锝,江苏,主板,SZSE,20061116,电力设备,光伏设备,光伏辅材,857354.SI
002080.SZ,002080,中材科技,江苏,主板,SZSE,20061120,建筑材料,玻璃玻纤,玻纤制造,857122.SI
002081.SZ,002081,金螳螂,江苏,主板,SZSE,20061120,建筑装饰,装修装饰Ⅱ,装修装饰Ⅲ,857221.SI
002082.SZ,002082,ST万邦,浙江,主板,SZSE,20061120,医药生物,中药Ⅱ,中药Ⅲ,851521.SI
002431.SZ,002431,ST棕榈,河南,主板,SZSE,20100610,建筑装饰,基础建设,园林工程,857251.SI
300403.SZ,300403,汉宇集团,广东,创业板,SZSE,20141030,家用电器,家电零部件Ⅱ,家电零部件Ⅲ,851161.SI
300404.SZ,300404,博济医药,广东,创业板,SZSE,20150424,医药生物,医疗服务,医疗研发外包,851563.SI
300406.SZ,300406,九强生物,北京,创业板,SZSE,20141030,医药生物,医疗器械,体外诊断,851534.SI
300408.SZ,300408,三环集团,广东,创业板,SZSE,20141203,电子,元件,被动元件,850823.SI
300409.SZ,300409,道氏技术,广东,创业板,SZSE,20141203,电力设备,电池,电池化学品,857372.SI
300410.SZ,300410,正业科技,广东,创业板,SZSE,20141231,电力设备,电池,锂电专用设备,857373.SI
300411.SZ,300411,金盾股份,浙江,创业板,SZSE,20141231,机械设备,专用设备,其他专用设备,850727.SI
300413.SZ,300413,芒果超媒,湖南,创业板,SZSE,20150121,传媒,数字媒体,视频媒体,857671.SI
300414.SZ,300414,中光防雷,四川,创业板,SZSE,20150513,通信,通信设备,其他通信设备,851027.SI
300418.SZ,300418,昆仑万维,北京,创业板,SZSE,20150121,传媒,游戏Ⅱ,游戏Ⅲ,857641.SI
300420.SZ,300420,五洋自控,江苏,创业板,SZSE,20150217,机械设备,通用设备,其他通用设备,850716.SI
300421.SZ,300421,力星股份,江苏,创业板,SZSE,20150217,机械设备,通用设备,金属制品,850751.SI
300424.SZ,300424,航新科技,广东,创业板,SZSE,20150422,国防军工,航空装备Ⅱ,航空装备Ⅲ,857421.SI
300425.SZ,300425,中建环能,四川,创业板,SZSE,20150216,环保,环境治理,水务及水治理,859712.SI
300427.SZ,300427,红相股份,福建,创业板,SZSE,20150217,电力设备,电网设备,电网自动化设备,857321.SI
300428.SZ,300428,立中集团,河北,创业板,SZSE,20150319,汽车,汽车零部件,轮胎轮毂,850924.SI
300430.SZ,300430,*ST益通,北京,创业板,SZSE,20150319,医药生物,医疗器械,医疗设备,851532.SI
300432.SZ,300432,富临精工,四川,创业板,SZSE,20150319,电力设备,电池,电池化学品,857372.SI
300434.SZ,300434,金石亚药,四川,创业板,SZSE,20150424,医药生物,化学制药,化学制剂,851512.SI
300435.SZ,300435,中泰股份,浙江,创业板,SZSE,20150326,机械设备,专用设备,能源及重型设备,850725.SI
300436.SZ,300436,广生堂,福建,创业板,SZSE,20150422,医药生物,化学制药,化学制剂,851512.SI
000637.SZ,000637,茂化实华,广东,主板,SZSE,19961114,石油石化,炼化及贸易,其他石化,859633.SI
000678.SZ,000678,襄阳轴承,湖北,主板,SZSE,19970106,汽车,汽车零部件,底盘与发动机系统,850923.SI
000858.SZ,000858,五粮液,四川,主板,SZSE,19980427,食品饮料,白酒Ⅱ,白酒Ⅲ,851251.SI
000955.SZ,000955,欣龙控股,海南,主板,SZSE,19991209,纺织服饰,纺织制造,其他纺织,851316.SI
002083.SZ,002083,孚日股份,山东,主板,SZSE,20061124,纺织服饰,纺织制造,棉纺,851312.SI
002084.SZ,002084,海鸥住工,广东,主板,SZSE,20061124,轻工制造,家居用品,卫浴制品,851439.SI
002307.SZ,002307,北新路桥,新疆,主板,SZSE,20091111,建筑装饰,基础建设,基建市政工程,857236.SI
002354.SZ,002354,天娱数科,辽宁,主板,SZSE,20100209,传媒,广告营销,营销代理,857651.SI
300437.SZ,300437,清水源,河南,创业板,SZSE,20150423,环保,环境治理,水务及水治理,859712.SI
300438.SZ,300438,鹏辉能源,广东,创业板,SZSE,20150424,电力设备,电池,锂电池,857371.SI
300439.SZ,300439,美康生物,浙江,创业板,SZSE,20150422,医药生物,医疗器械,体外诊断,851534.SI
300440.SZ,300440,运达科技,四川,创业板,SZSE,20150423,计算机,IT服务Ⅱ,IT服务Ⅲ,852226.SI
300441.SZ,300441,鲍斯股份,浙江,创业板,SZSE,20150423,机械设备,通用设备,其他通用设备,850716.SI
300442.SZ,300442,润泽科技,河北,创业板,SZSE,20150424,通信,通信服务,通信应用增值服务,852214.SI
300443.SZ,300443,金雷股份,山东,创业板,SZSE,20150422,电力设备,风电设备,风电零部件,857362.SI
300444.SZ,300444,双杰电气,北京,创业板,SZSE,20150423,电力设备,电网设备,输变电设备,857381.SI
300445.SZ,300445,康斯特,北京,创业板,SZSE,20150424,机械设备,通用设备,仪器仪表,850731.SI
300446.SZ,300446,航天智造,河北,创业板,SZSE,20150423,汽车,汽车零部件,车身附件及饰件,850922.SI
300447.SZ,300447,全信股份,江苏,创业板,SZSE,20150422,国防军工,军工电子Ⅱ,军工电子Ⅲ,857451.SI
300449.SZ,300449,汉邦高科,北京,创业板,SZSE,20150422,计算机,计算机设备,安防设备,850702.SI
300450.SZ,300450,先导智能,江苏,创业板,SZSE,20150518,电力设备,电池,锂电专用设备,857373.SI
300452.SZ,300452,山河药辅,安徽,创业板,SZSE,20150515,医药生物,化学制药,原料药,851511.SI
300453.SZ,300453,三鑫医疗,江西,创业板,SZSE,20150515,医药生物,医疗器械,医疗耗材,851533.SI
000066.SZ,000066,中国长城,深圳,主板,SZSE,19970626,计算机,计算机设备,其他计算机设备,850703.SI
000530.SZ,000530,冰山冷热,辽宁,主板,SZSE,19931208,机械设备,通用设备,制冷空调设备,850715.SI
000600.SZ,000600,建投能源,河北,主板,SZSE,19960606,公用事业,电力,火力发电,851611.SI
000679.SZ,000679,大连友谊,辽宁,主板,SZSE,19970124,商贸零售,一般零售,百货,852031.SI
002184.SZ,002184,海得控制,上海,主板,SZSE,20071116,机械设备,自动化设备,工控设备,850782.SI
002248.SZ,002248,华东数控,山东,主板,SZSE,20080612,机械设备,通用设备,机床工具,850711.SI
002289.SZ,002289,宇顺电子,深圳,主板,SZSE,20090903,电子,光学光电子,面板,850831.SI
002368.SZ,002368,太极股份,北京,主板,SZSE,20100312,计算机,IT服务Ⅱ,IT服务Ⅲ,852226.SI
002369.SZ,002369,卓翼科技,深圳,主板,SZSE,20100316,电子,消费电子,消费电子零部件及组装,850854.SI
300455.SZ,300455,航天智装,北京,创业板,SZSE,20150515,计算机,计算机设备,其他计算机设备,850703.SI
300457.SZ,300457,赢合科技,深圳,创业板,SZSE,20150514,电力设备,电池,锂电专用设备,857373.SI
300458.SZ,300458,全志科技,广东,创业板,SZSE,20150515,电子,半导体,数字芯片设计,850814.SI
300459.SZ,300459,汤姆猫,浙江,创业板,SZSE,20150515,传媒,游戏Ⅱ,游戏Ⅲ,857641.SI
300460.SZ,300460,ST惠伦,广东,创业板,SZSE,20150515,电子,元件,被动元件,850823.SI
300463.SZ,300463,迈克生物,四川,创业板,SZSE,20150528,医药生物,医疗器械,体外诊断,851534.SI
300464.SZ,300464,星徽股份,广东,创业板,SZSE,20150610,商贸零售,互联网电商,跨境电商,852062.SI
300466.SZ,300466,赛摩智能,江苏,创业板,SZSE,20150528,机械设备,通用设备,仪器仪表,850731.SI
300467.SZ,300467,迅游科技,四川,创业板,SZSE,20150527,传媒,游戏Ⅱ,游戏Ⅲ,857641.SI
300468.SZ,300468,四方精创,深圳,创业板,SZSE,20150527,计算机,软件开发,垂直应用软件,851041.SI
300469.SZ,300469,信息发展,浙江,创业板,SZSE,20150611,计算机,软件开发,垂直应用软件,851041.SI
300471.SZ,300471,厚普股份,四川,创业板,SZSE,20150611,机械设备,专用设备,其他专用设备,850727.SI
300474.SZ,300474,景嘉微,湖南,创业板,SZSE,20160331,国防军工,军工电子Ⅱ,军工电子Ⅲ,857451.SI
300475.SZ,300475,香农芯创,安徽,创业板,SZSE,20150610,电子,其他电子Ⅱ,其他电子Ⅲ,850841.SI
300476.SZ,300476,胜宏科技,广东,创业板,SZSE,20150611,电子,元件,印制电路板,850822.SI
000712.SZ,000712,锦龙股份,广东,主板,SZSE,19970415,非银金融,证券Ⅱ,证券Ⅲ,851931.SI
000893.SZ,000893,亚钾国际,广东,主板,SZSE,19981224,基础化工,农化制品,钾肥,850336.SI
002085.SZ,002085,万丰奥威,浙江,主板,SZSE,20061128,汽车,汽车零部件,轮胎轮毂,850924.SI
002086.SZ,002086,东方海洋,山东,主板,SZSE,20061128,农林牧渔,农产品加工,其他农产品加工,850154.SI
002088.SZ,002088,鲁阳节能,山东,主板,SZSE,20061130,建筑材料,装修建材,耐火材料,850615.SI
002210.SZ,002210,飞马国际,深圳,主板,SZSE,20080130,环保,环境治理,固废治理,859713.SI
300477.SZ,300477,ST合纵,北京,创业板,SZSE,20150610,电力设备,电池,电池化学品,857372.SI
300478.SZ,300478,杭州高新,浙江,创业板,SZSE,20150610,基础化工,塑料,改性塑料,850353.SI
300479.SZ,300479,神思电子,山东,创业板,SZSE,20150612,计算机,计算机设备,其他计算机设备,850703.SI
300481.SZ,300481,濮阳惠成,河南,创业板,SZSE,20150630,电子,电子化学品Ⅱ,电子化学品Ⅲ,850861.SI
300482.SZ,300482,万孚生物,广东,创业板,SZSE,20150630,医药生物,医疗器械,体外诊断,851534.SI
300483.SZ,300483,首华燃气,上海,创业板,SZSE,20150630,公用事业,燃气Ⅱ,燃气Ⅲ,851631.SI
300484.SZ,300484,蓝海华腾,深圳,创业板,SZSE,20160322,机械设备,自动化设备,工控设备,850782.SI
300487.SZ,300487,蓝晓科技,陕西,创业板,SZSE,20150702,基础化工,塑料,合成树脂,850354.SI
300488.SZ,300488,恒锋工具,浙江,创业板,SZSE,20150701,机械设备,通用设备,金属制品,850751.SI
300489.SZ,300489,光智科技,浙江,创业板,SZSE,20150701,电子,光学光电子,光学元件,850833.SI
300491.SZ,300491,通合科技,河北,创业板,SZSE,20151231,电力设备,其他电源设备Ⅱ,其他电源设备Ⅲ,857336.SI
300492.SZ,300492,华图山鼎,四川,创业板,SZSE,20151223,社会服务,教育,培训教育,859852.SI
300494.SZ,300494,盛天网络,湖北,创业板,SZSE,20151231,传媒,游戏Ⅱ,游戏Ⅲ,857641.SI
300496.SZ,300496,中科创达,北京,创业板,SZSE,20151210,计算机,IT服务Ⅱ,IT服务Ⅲ,852226.SI
300497.SZ,300497,富祥股份,江西,创业板,SZSE,20151222,医药生物,化学制药,原料药,851511.SI
300498.SZ,300498,温氏股份,广东,创业板,SZSE,20151102,农林牧渔,养殖业,生猪养殖,850172.SI
300499.SZ,300499,高澜股份,广东,创业板,SZSE,20160202,机械设备,专用设备,其他专用设备,850727.SI
300502.SZ,300502,新易盛,四川,创业板,SZSE,20160303,通信,通信设备,通信网络设备及器件,851024.SI
300504.SZ,300504,天邑股份,四川,创业板,SZSE,20180330,通信,通信设备,通信终端及配件,851026.SI
300505.SZ,300505,川金诺,云南,创业板,SZSE,20160315,基础化工,农化制品,磷肥及磷化工,850332.SI
300507.SZ,300507,苏奥传感,江苏,创业板,SZSE,20160429,汽车,汽车零部件,底盘与发动机系统,850923.SI
000531.SZ,000531,穗恒运A,广东,主板,SZSE,19940106,公用事业,电力,火力发电,851611.SI
000561.SZ,000561,烽火电子,陕西,主板,SZSE,19940509,国防军工,航空装备Ⅱ,航空装备Ⅲ,857421.SI
000639.SZ,000639,ST西王,山东,主板,SZSE,19961126,食品饮料,食品加工,保健品,851247.SI
000737.SZ,000737,北方铜业,山西,主板,SZSE,19970428,有色金属,工业金属,铜,850552.SI
000927.SZ,000927,中国铁物,天津,主板,SZSE,19990727,机械设备,轨交设备Ⅱ,轨交设备Ⅲ,850936.SI
000967.SZ,000967,盈峰环境,浙江,主板,SZSE,20000330,环保,环保设备Ⅱ,环保设备Ⅲ,859721.SI
001228.SZ,001228,永泰运,浙江,主板,SZSE,20220429,交通运输,物流,跨境物流,851785.SI
002091.SZ,002091,江苏国泰,江苏,主板,SZSE,20061208,商贸零售,贸易Ⅱ,贸易Ⅲ,852021.SI
002185.SZ,002185,华天科技,甘肃,主板,SZSE,20071120,电子,半导体,集成电路封测,850817.SI
300508.SZ,300508,维宏股份,上海,创业板,SZSE,20160419,计算机,计算机设备,其他计算机设备,850703.SI
300509.SZ,300509,新美星,江苏,创业板,SZSE,20160425,机械设备,专用设备,印刷包装机械,850726.SI
300510.SZ,300510,金冠股份,吉林,创业板,SZSE,20160506,电力设备,电网设备,电网自动化设备,857321.SI
300511.SZ,300511,雪榕生物,上海,创业板,SZSE,20160504,农林牧渔,种植业,食用菌,850114.SI
300512.SZ,300512,中亚股份,浙江,创业板,SZSE,20160526,机械设备,专用设备,印刷包装机械,850726.SI
300514.SZ,300514,友讯达,深圳,创业板,SZSE,20170426,电力设备,电网设备,电工仪器仪表,857323.SI
300515.SZ,300515,三德科技,湖南,创业板,SZSE,20160608,机械设备,通用设备,仪器仪表,850731.SI
300516.SZ,300516,久之洋,湖北,创业板,SZSE,20160602,电子,其他电子Ⅱ,其他电子Ⅲ,850841.SI
300517.SZ,300517,海波重科,湖北,创业板,SZSE,20160719,建筑装饰,专业工程,钢结构,857241.SI
300518.SZ,300518,新迅达,广西,创业板,SZSE,20160624,商贸零售,互联网电商,电商服务,852063.SI
300519.SZ,300519,新光药业,浙江,创业板,SZSE,20160624,医药生物,中药Ⅱ,中药Ⅲ,851521.SI
300521.SZ,300521,爱司凯,广东,创业板,SZSE,20160705,机械设备,专用设备,印刷包装机械,850726.SI
300522.SZ,300522,世名科技,江苏,创业板,SZSE,20160705,基础化工,化学制品,涂料油墨,850335.SI
300523.SZ,300523,辰安科技,北京,创业板,SZSE,20160726,计算机,IT服务Ⅱ,IT服务Ⅲ,852226.SI
000100.SZ,000100,TCL科技,广东,主板,SZSE,20040130,电子,光学光电子,面板,850831.SI
000501.SZ,000501,武商集团,湖北,主板,SZSE,19921120,商贸零售,一般零售,百货,852031.SI
000563.SZ,000563,陕国投A,陕西,主板,SZSE,19940110,非银金融,多元金融,信托,851924.SI
000826.SZ,000826,*ST启环,湖北,主板,SZSE,19980225,环保,环境治理,综合环境治理,859714.SI
000859.SZ,000859,国风新材,安徽,主板,SZSE,19981119,基础化工,塑料,膜材料,850355.SI
000928.SZ,000928,中钢国际,吉林,主板,SZSE,19990312,建筑装饰,专业工程,国际工程,857243.SI
000968.SZ,000968,蓝焰控股,山西,主板,SZSE,20000622,石油石化,油气开采Ⅱ,油气开采Ⅲ,859611.SI
002092.SZ,002092,中泰化学,新疆,主板,SZSE,20061208,基础化工,化学原料,氯碱,850322.SI
002249.SZ,002249,大洋电机,广东,主板,SZSE,20080619,电力设备,电机Ⅱ,电机Ⅲ,850741.SI
300527.SZ,300527,ST应急,湖北,创业板,SZSE,20160805,国防军工,地面兵装Ⅱ,地面兵装Ⅲ,857431.SI
300528.SZ,300528,幸福蓝海,江苏,创业板,SZSE,20160808,传媒,影视院线,院线,857662.SI
300529.SZ,300529,健帆生物,广东,创业板,SZSE,20160802,医药生物,医疗器械,医疗耗材,851533.SI
300530.SZ,300530,领湃科技,湖南,创业板,SZSE,20160809,电力设备,电池,锂电池,857371.SI
300531.SZ,300531,优博讯,深圳,创业板,SZSE,20160809,计算机,计算机设备,其他计算机设备,850703.SI
300533.SZ,300533,冰川网络,深圳,创业板,SZSE,20160818,传媒,游戏Ⅱ,游戏Ⅲ,857641.SI
300534.SZ,300534,陇神戎发,甘肃,创业板,SZSE,20160913,医药生物,中药Ⅱ,中药Ⅲ,851521.SI
300535.SZ,300535,达威股份,四川,创业板,SZSE,20160812,基础化工,化学制品,其他化学制品,850339.SI
300536.SZ,300536,农尚环境,湖北,创业板,SZSE,20160920,计算机,IT服务Ⅱ,IT服务Ⅲ,852226.SI
300537.SZ,300537,广信材料,江苏,创业板,SZSE,20160830,电子,电子化学品Ⅱ,电子化学品Ⅲ,850861.SI
300539.SZ,300539,横河精密,浙江,创业板,SZSE,20160830,基础化工,塑料,其他塑料制品,850351.SI
300540.SZ,300540,蜀道装备,四川,创业板,SZSE,20160823,机械设备,专用设备,其他专用设备,850727.SI
300541.SZ,300541,先进数通,北京,创业板,SZSE,20160913,计算机,IT服务Ⅱ,IT服务Ⅲ,852226.SI
000068.SZ,000068,华控赛格,深圳,主板,SZSE,19970611,环保,环境治理,综合环境治理,859714.SI
000151.SZ,000151,中成股份,北京,主板,SZSE,20000906,商贸零售,贸易Ⅱ,贸易Ⅲ,852021.SI
000417.SZ,000417,合百集团,安徽,主板,SZSE,19960812,商贸零售,一般零售,多业态零售,852033.SI
000695.SZ,000695,滨海能源,天津,主板,SZSE,19970218,电力设备,电池,电池化学品,857372.SI
001229.SZ,001229,魅视科技,广东,主板,SZSE,20220808,计算机,计算机设备,其他计算机设备,850703.SI
002095.SZ,002095,生意宝,浙江,主板,SZSE,20061215,传媒,数字媒体,门户网站,857674.SI
002096.SZ,002096,易普力,湖南,主板,SZSE,20061222,基础化工,化学制品,民爆制品,850337.SI
002097.SZ,002097,山河智能,湖南,主板,SZSE,20061222,机械设备,工程机械,工程机械整机,850771.SI
300542.SZ,300542,新晨科技,北京,创业板,SZSE,20160920,计算机,软件开发,垂直应用软件,851041.SI
300543.SZ,300543,朗科智能,深圳,创业板,SZSE,20160908,家用电器,家电零部件Ⅱ,家电零部件Ⅲ,851161.SI
300545.SZ,300545,联得装备,深圳,创业板,SZSE,20160928,电子,光学光电子,面板,850831.SI
300546.SZ,300546,雄帝科技,深圳,创业板,SZSE,20160928,计算机,计算机设备,其他计算机设备,850703.SI
300547.SZ,300547,川环科技,四川,创业板,SZSE,20160930,汽车,汽车零部件,底盘与发动机系统,850923.SI
300548.SZ,300548,长芯博创,浙江,创业板,SZSE,20161012,通信,通信设备,通信网络设备及器件,851024.SI
300549.SZ,300549,优德精密,江苏,创业板,SZSE,20160930,机械设备,专用设备,其他专用设备,850727.SI
300550.SZ,300550,和仁科技,浙江,创业板,SZSE,20161018,计算机,软件开发,垂直应用软件,851041.SI
300551.SZ,300551,古鳌科技,上海,创业板,SZSE,20161018,计算机,计算机设备,其他计算机设备,850703.SI
300553.SZ,300553,集智股份,浙江,创业板,SZSE,20161021,机械设备,通用设备,仪器仪表,850731.SI
300554.SZ,300554,三超新材,江苏,创业板,SZSE,20170421,机械设备,通用设备,磨具磨料,850713.SI
300555.SZ,300555,ST路通,江苏,创业板,SZSE,20161018,通信,通信设备,通信终端及配件,851026.SI
300556.SZ,300556,丝路视觉,深圳,创业板,SZSE,20161104,计算机,软件开发,垂直应用软件,851041.SI
300557.SZ,300557,理工光科,湖北,创业板,SZSE,20161101,机械设备,通用设备,仪器仪表,850731.SI
300559.SZ,300559,佳发教育,四川,创业板,SZSE,20161101,计算机,软件开发,垂直应用软件,851041.SI
300562.SZ,300562,乐心医疗,广东,创业板,SZSE,20161116,医药生物,医疗器械,医疗设备,851532.SI
300563.SZ,300563,神宇股份,江苏,创业板,SZSE,20161114,通信,通信设备,通信线缆及配套,851025.SI
000601.SZ,000601,韶能股份,广东,主板,SZSE,19960830,公用事业,电力,水力发电,851612.SI
000738.SZ,000738,航发控制,江苏,主板,SZSE,19970626,国防军工,航空装备Ⅱ,航空装备Ⅲ,857421.SI
002098.SZ,002098,浔兴股份,福建,主板,SZSE,20061222,纺织服饰,纺织制造,辅料,851315.SI
002099.SZ,002099,海翔药业,浙江,主板,SZSE,20061226,医药生物,化学制药,原料药,851511.SI
002100.SZ,002100,天康生物,新疆,主板,SZSE,20061226,农林牧渔,饲料,畜禽饲料,850142.SI
002211.SZ,002211,ST宏达,上海,主板,SZSE,20080201,基础化工,化学制品,有机硅,850136.SI
002434.SZ,002434,万里扬,浙江,主板,SZSE,20100618,汽车,汽车零部件,底盘与发动机系统,850923.SI
300565.SZ,300565,科信技术,深圳,创业板,SZSE,20161122,通信,通信设备,通信网络设备及器件,851024.SI
300566.SZ,300566,激智科技,浙江,创业板,SZSE,20161115,电子,光学光电子,光学元件,850833.SI
300567.SZ,300567,精测电子,湖北,创业板,SZSE,20161122,机械设备,通用设备,仪器仪表,850731.SI
300568.SZ,300568,星源材质,深圳,创业板,SZSE,20161201,电力设备,电池,电池化学品,857372.SI
300569.SZ,300569,天能重工,山东,创业板,SZSE,20161125,电力设备,风电设备,风电零部件,857362.SI
300571.SZ,300571,平治信息,浙江,创业板,SZSE,20161213,通信,通信服务,通信应用增值服务,852214.SI
300572.SZ,300572,安车检测,深圳,创业板,SZSE,20161206,机械设备,通用设备,仪器仪表,850731.SI
300573.SZ,300573,兴齐眼药,辽宁,创业板,SZSE,20161208,医药生物,化学制药,化学制剂,851512.SI
300575.SZ,300575,中旗股份,江苏,创业板,SZSE,20161220,基础化工,农化制品,农药,850333.SI
300576.SZ,300576,容大感光,深圳,创业板,SZSE,20161220,电子,电子化学品Ⅱ,电子化学品Ⅲ,850861.SI
300578.SZ,300578,会畅科技,上海,创业板,SZSE,20170125,通信,通信服务,通信应用增值服务,852214.SI
300579.SZ,300579,数字认证,北京,创业板,SZSE,20161223,计算机,软件开发,垂直应用软件,851041.SI
300580.SZ,300580,贝斯特,江苏,创业板,SZSE,20170111,汽车,汽车零部件,底盘与发动机系统,850923.SI
300581.SZ,300581,晨曦航空,陕西,创业板,SZSE,20161220,国防军工,航空装备Ⅱ,航空装备Ⅲ,857421.SI
300582.SZ,300582,英飞特,浙江,创业板,SZSE,20161228,电子,光学光电子,LED,850832.SI
300583.SZ,300583,赛托生物,山东,创业板,SZSE,20170106,医药生物,化学制药,原料药,851511.SI
300584.SZ,300584,海辰药业,江苏,创业板,SZSE,20170112,医药生物,化学制药,化学制剂,851512.SI
300585.SZ,300585,奥联电子,江苏,创业板,SZSE,20161229,汽车,汽车零部件,底盘与发动机系统,850923.SI
300586.SZ,300586,美联新材,广东,创业板,SZSE,20170104,基础化工,塑料,改性塑料,850353.SI
300587.SZ,300587,天铁科技,浙江,创业板,SZSE,20170105,基础化工,橡胶,其他橡胶制品,850362.SI
000419.SZ,000419,通程控股,湖南,主板,SZSE,19960816,商贸零售,一般零售,多业态零售,852033.SI
000564.SZ,000564,供销大集,陕西,主板,SZSE,19940110,商贸零售,一般零售,百货,852031.SI
001208.SZ,001208,华菱线缆,湖南,主板,SZSE,20210624,电力设备,电网设备,线缆部件及其他,857344.SI
002101.SZ,002101,广东鸿图,广东,主板,SZSE,20061229,汽车,汽车零部件,其他汽车零部件,850925.SI
002102.SZ,002102,ST能特,湖北,主板,SZSE,20061229,医药生物,化学制药,原料药,851511.SI
002103.SZ,002103,广博股份,浙江,主板,SZSE,20070110,轻工制造,文娱用品,文化用品,851451.SI
002105.SZ,002105,信隆健康,深圳,主板,SZSE,20070112,汽车,摩托车及其他,其他运输设备,858811.SI
002376.SZ,002376,新北洋,山东,主板,SZSE,20100323,计算机,计算机设备,其他计算机设备,850703.SI
300588.SZ,300588,熙菱信息,新疆,创业板,SZSE,20170105,计算机,计算机设备,安防设备,850702.SI
300589.SZ,300589,江龙船艇,广东,创业板,SZSE,20170113,国防军工,航海装备Ⅱ,航海装备Ⅲ,850935.SI
300590.SZ,300590,移为通信,上海,创业板,SZSE,20170111,通信,通信设备,通信终端及配件,851026.SI
300591.SZ,300591,万里马,广东,创业板,SZSE,20170110,纺织服饰,服装家纺,鞋帽及其他,851325.SI
300593.SZ,300593,新雷能,北京,创业板,SZSE,20170113,电力设备,其他电源设备Ⅱ,其他电源设备Ⅲ,857336.SI
300594.SZ,300594,ST朗进,山东,创业板,SZSE,20190621,机械设备,轨交设备Ⅱ,轨交设备Ⅲ,850936.SI
300596.SZ,300596,利安隆,天津,创业板,SZSE,20170119,基础化工,化学制品,其他化学制品,850339.SI
300597.SZ,300597,吉大通信,吉林,创业板,SZSE,20170123,通信,通信服务,通信工程及服务,852213.SI
300598.SZ,300598,诚迈科技,江苏,创业板,SZSE,20170120,计算机,软件开发,垂直应用软件,851041.SI
300599.SZ,300599,雄塑科技,广东,创业板,SZSE,20170123,建筑材料,装修建材,管材,850616.SI
300600.SZ,300600,国瑞科技,江苏,创业板,SZSE,20170125,国防军工,航海装备Ⅱ,航海装备Ⅲ,850935.SI
300601.SZ,300601,康泰生物,深圳,创业板,SZSE,20170207,医药生物,生物制品,疫苗,851523.SI
300602.SZ,300602,飞荣达,深圳,创业板,SZSE,20170126,电子,消费电子,消费电子零部件及组装,850854.SI
300603.SZ,300603,立昂技术,新疆,创业板,SZSE,20170126,通信,通信服务,通信工程及服务,852213.SI
300604.SZ,300604,长川科技,浙江,创业板,SZSE,20170417,电子,半导体,半导体设备,850818.SI
300605.SZ,300605,恒锋信息,福建,创业板,SZSE,20170208,计算机,软件开发,垂直应用软件,851041.SI
300606.SZ,300606,金太阳,广东,创业板,SZSE,20170208,机械设备,通用设备,磨具磨料,850713.SI
300607.SZ,300607,拓斯达,广东,创业板,SZSE,20170209,机械设备,自动化设备,机器人,850781.SI
000069.SZ,000069,华侨城A,深圳,主板,SZSE,19970910,房地产,房地产开发,商业地产,851812.SI
000402.SZ,000402,金融街,北京,主板,SZSE,19960626,房地产,房地产开发,商业地产,851812.SI
000503.SZ,000503,国新健康,山东,主板,SZSE,19921130,计算机,软件开发,垂直应用软件,851041.SI
000603.SZ,000603,盛达资源,北京,主板,SZSE,19960823,有色金属,工业金属,铅锌,850553.SI
000713.SZ,000713,国投丰乐,安徽,主板,SZSE,19970422,农林牧渔,种植业,种子,850111.SI
000722.SZ,000722,湖南发展,湖南,主板,SZSE,19970522,公用事业,电力,水力发电,851612.SI
000801.SZ,000801,四川九洲,四川,主板,SZSE,19980506,家用电器,黑色家电,其他黑色家电,851122.SI
001259.SZ,001259,利仁科技,北京,主板,SZSE,20220831,家用电器,小家电,厨房小家电,851131.SI
002106.SZ,002106,莱宝高科,深圳,主板,SZSE,20070112,电子,光学光电子,面板,850831.SI
002107.SZ,002107,沃华医药,山东,主板,SZSE,20070124,医药生物,中药Ⅱ,中药Ⅲ,851521.SI
002108.SZ,002108,沧州明珠,河北,主板,SZSE,20070124,基础化工,塑料,其他塑料制品,850351.SI
002212.SZ,002212,天融信,广东,主板,SZSE,20080201,计算机,软件开发,横向通用软件,851042.SI
002370.SZ,002370,亚太药业,浙江,主板,SZSE,20100316,医药生物,化学制药,化学制剂,851512.SI
002377.SZ,002377,国创高新,湖北,主板,SZSE,20100323,石油石化,炼化及贸易,其他石化,859633.SI
300608.SZ,300608,思特奇,北京,创业板,SZSE,20170213,计算机,软件开发,垂直应用软件,851041.SI
300609.SZ,300609,汇纳科技,上海,创业板,SZSE,20170215,计算机,IT服务Ⅱ,IT服务Ⅲ,852226.SI
300610.SZ,300610,晨化股份,江苏,创业板,SZSE,20170213,基础化工,化学制品,其他化学制品,850339.SI
300611.SZ,300611,美力科技,浙江,创业板,SZSE,20170220,汽车,汽车零部件,底盘与发动机系统,850923.SI
300612.SZ,300612,宣亚国际,北京,创业板,SZSE,20170215,传媒,广告营销,营销代理,857651.SI
000504.SZ,000504,南华生物,湖南,主板,SZSE,19921208,医药生物,医疗服务,其他医疗服务,851565.SI
000802.SZ,000802,北京文化,北京,主板,SZSE,19980108,传媒,影视院线,影视动漫制作,857661.SI
002109.SZ,002109,ST兴化,陕西,主板,SZSE,20070126,基础化工,化学原料,其他化学原料,850324.SI
002186.SZ,002186,全聚德,北京,主板,SZSE,20071120,社会服务,酒店餐饮,餐饮,852141.SI
002468.SZ,002468,申通快递,浙江,主板,SZSE,20100908,交通运输,物流,快递,851784.SI
300613.SZ,300613,富瀚微,上海,创业板,SZSE,20170220,电子,半导体,数字芯片设计,850814.SI
300614.SZ,300614,百川畅银,河南,创业板,SZSE,20210525,环保,环境治理,固废治理,859713.SI
300615.SZ,300615,欣天科技,深圳,创业板,SZSE,20170215,通信,通信设备,通信终端及配件,851026.SI
300616.SZ,300616,尚品宅配,广东,创业板,SZSE,20170307,轻工制造,家居用品,定制家居,851438.SI
300617.SZ,300617,安靠智电,江苏,创业板,SZSE,20170228,电力设备,电网设备,输变电设备,857381.SI
300618.SZ,300618,寒锐钴业,江苏,创业板,SZSE,20170306,有色金属,能源金属,钴,850561.SI
300619.SZ,300619,金银河,广东,创业板,SZSE,20170301,电力设备,电池,锂电专用设备,857373.SI
300620.SZ,300620,光库科技,广东,创业板,SZSE,20170310,通信,通信设备,通信网络设备及器件,851024.SI
300621.SZ,300621,维业股份,深圳,创业板,SZSE,20170316,建筑装饰,装修装饰Ⅱ,装修装饰Ⅲ,857221.SI
300622.SZ,300622,博士眼镜,深圳,创业板,SZSE,20170315,商贸零售,专业连锁Ⅱ,专业连锁Ⅲ,852041.SI
300623.SZ,300623,捷捷微电,江苏,创业板,SZSE,20170314,电子,半导体,分立器件,850812.SI
300624.SZ,300624,万兴科技,西藏,创业板,SZSE,20180118,计算机,软件开发,横向通用软件,851042.SI
300625.SZ,300625,三雄极光,广东,创业板,SZSE,20170317,家用电器,照明设备Ⅱ,照明设备Ⅲ,851151.SI
300626.SZ,300626,华瑞股份,浙江,创业板,SZSE,20170320,电力设备,电机Ⅱ,电机Ⅲ,850741.SI
300627.SZ,300627,华测导航,上海,创业板,SZSE,20170321,通信,通信设备,通信终端及配件,851026.SI
300628.SZ,300628,亿联网络,福建,创业板,SZSE,20170317,通信,通信设备,通信终端及配件,851026.SI
300629.SZ,300629,新劲刚,广东,创业板,SZSE,20170324,国防军工,军工电子Ⅱ,军工电子Ⅲ,857451.SI
300632.SZ,300632,光莆股份,福建,创业板,SZSE,20170406,电子,光学光电子,LED,850832.SI
300633.SZ,300633,开立医疗,深圳,创业板,SZSE,20170406,医药生物,医疗器械,医疗设备,851532.SI
300634.SZ,300634,彩讯股份,深圳,创业板,SZSE,20180323,计算机,IT服务Ⅱ,IT服务Ⅲ,852226.SI
300637.SZ,300637,扬帆新材,浙江,创业板,SZSE,20170412,基础化工,化学制品,其他化学制品,850339.SI
300639.SZ,300639,凯普生物,广东,创业板,SZSE,20170412,医药生物,医疗器械,体外诊断,851534.SI
300640.SZ,300640,德艺文创,福建,创业板,SZSE,20170417,轻工制造,家居用品,其他家居用品,851491.SI
000505.SZ,000505,京粮控股,海南,主板,SZSE,19921221,农林牧渔,农产品加工,粮油加工,850152.SI
000860.SZ,000860,顺鑫农业,北京,主板,SZSE,19981104,食品饮料,白酒Ⅱ,白酒Ⅲ,851251.SI
000895.SZ,000895,双汇发展,河南,主板,SZSE,19981210,食品饮料,食品加工,肉制品,851241.SI
000969.SZ,000969,安泰科技,北京,主板,SZSE,20000529,有色金属,金属新材料,其他金属新材料,850521.SI
002187.SZ,002187,广百股份,广东,主板,SZSE,20071122,商贸零售,一般零售,百货,852031.SI
002344.SZ,002344,海宁皮城,浙江,主板,SZSE,20100126,商贸零售,一般零售,商业物业经营,852034.SI
002378.SZ,002378,章源钨业,江西,主板,SZSE,20100331,有色金属,小金属,钨,850542.SI
002408.SZ,002408,齐翔腾达,山东,主板,SZSE,20100518,石油石化,炼化及贸易,其他石化,859633.SI
300641.SZ,300641,正丹股份,江苏,创业板,SZSE,20170418,基础化工,化学制品,其他化学制品,850339.SI
300642.SZ,300642,透景生命,上海,创业板,SZSE,20170421,医药生物,医疗器械,体外诊断,851534.SI
300643.SZ,300643,万通智控,浙江,创业板,SZSE,20170505,汽车,汽车零部件,其他汽车零部件,850925.SI
300645.SZ,300645,正元智慧,浙江,创业板,SZSE,20170421,计算机,计算机设备,其他计算机设备,850703.SI
300649.SZ,300649,杭州园林,浙江,创业板,SZSE,20170505,建筑装饰,基础建设,园林工程,857251.SI
300650.SZ,300650,太龙股份,福建,创业板,SZSE,20170503,电子,其他电子Ⅱ,其他电子Ⅲ,850841.SI
300651.SZ,300651,金陵体育,江苏,创业板,SZSE,20170509,轻工制造,文娱用品,娱乐用品,851452.SI
300652.SZ,300652,雷迪克,浙江,创业板,SZSE,20170516,汽车,汽车零部件,轮胎轮毂,850924.SI
300653.SZ,300653,正海生物,山东,创业板,SZSE,20170516,医药生物,医疗器械,医疗耗材,851533.SI
300655.SZ,300655,晶瑞电材,江苏,创业板,SZSE,20170523,电子,电子化学品Ⅱ,电子化学品Ⅲ,850861.SI
300656.SZ,300656,民德电子,深圳,创业板,SZSE,20170519,电子,其他电子Ⅱ,其他电子Ⅲ,850841.SI
300657.SZ,300657,弘信电子,福建,创业板,SZSE,20170523,电子,元件,印制电路板,850822.SI
300659.SZ,300659,中孚信息,山东,创业板,SZSE,20170526,计算机,计算机设备,其他计算机设备,850703.SI
300660.SZ,300660,江苏雷利,江苏,创业板,SZSE,20170602,电力设备,电机Ⅱ,电机Ⅲ,850741.SI
300662.SZ,300662,科锐国际,北京,创业板,SZSE,20170608,社会服务,专业服务,人力资源服务,852181.SI
300665.SZ,300665,飞鹿股份,湖南,创业板,SZSE,20170613,基础化工,化学制品,涂料油墨,850335.SI
300666.SZ,300666,江丰电子,浙江,创业板,SZSE,20170615,电子,半导体,半导体材料,850813.SI
000520.SZ,000520,凤凰航运,湖北,主板,SZSE,19931025,交通运输,航运港口,航运,851761.SI
000551.SZ,000551,创元科技,江苏,主板,SZSE,19940106,环保,环保设备Ⅱ,环保设备Ⅲ,859721.SI
000715.SZ,000715,中兴商业,辽宁,主板,SZSE,19970508,商贸零售,一般零售,百货,852031.SI
000739.SZ,000739,普洛药业,浙江,主板,SZSE,19970509,医药生物,化学制药,原料药,851511.SI
000816.SZ,000816,智慧农业,江苏,主板,SZSE,19970818,汽车,汽车零部件,底盘与发动机系统,850923.SI
000929.SZ,000929,兰州黄河,甘肃,主板,SZSE,19990623,食品饮料,非白酒,啤酒,851232.SI
000957.SZ,000957,中通客车,山东,主板,SZSE,20000113,汽车,商用车,商用载客车,850913.SI
000970.SZ,000970,中科三环,北京,主板,SZSE,20000420,有色金属,金属新材料,磁性材料,850522.SI
000990.SZ,000990,诚志股份,江西,主板,SZSE,20000706,基础化工,化学原料,煤化工,850325.SI
001209.SZ,001209,洪兴股份,广东,主板,SZSE,20210723,纺织服饰,服装家纺,非运动服装,851329.SI
002317.SZ,002317,众生药业,广东,主板,SZSE,20091211,医药生物,中药Ⅱ,中药Ⅲ,851521.SI
002469.SZ,002469,三维化学,山东,主板,SZSE,20100908,建筑装饰,专业工程,化学工程,857242.SI
300663.SZ,300663,科蓝软件,北京,创业板,SZSE,20170608,计算机,软件开发,垂直应用软件,851041.SI
300668.SZ,300668,杰恩股份,深圳,创业板,SZSE,20170619,建筑装饰,工程咨询服务Ⅱ,工程咨询服务Ⅲ,857261.SI
300670.SZ,300670,大烨智能,江苏,创业板,SZSE,20170703,电力设备,电网设备,配电设备,857382.SI
300671.SZ,300671,富满微,深圳,创业板,SZSE,20170705,电子,半导体,模拟芯片设计,850815.SI
300672.SZ,300672,国科微,湖南,创业板,SZSE,20170712,电子,半导体,数字芯片设计,850814.SI
300673.SZ,300673,佩蒂股份,浙江,创业板,SZSE,20170711,农林牧渔,饲料,宠物食品,850144.SI
300674.SZ,300674,宇信科技,北京,创业板,SZSE,20181107,计算机,IT服务Ⅱ,IT服务Ⅲ,852226.SI
300675.SZ,300675,建科院,深圳,创业板,SZSE,20170719,建筑装饰,工程咨询服务Ⅱ,工程咨询服务Ⅲ,857261.SI
000153.SZ,000153,丰原药业,安徽,主板,SZSE,20000920,医药生物,化学制药,化学制剂,851512.SI
000803.SZ,000803,山高环能,四川,主板,SZSE,19980303,环保,环境治理,固废治理,859713.SI
002110.SZ,002110,三钢闽光,福建,主板,SZSE,20070126,钢铁,普钢,长材,850441.SI
002355.SZ,002355,兴民智通,山东,主板,SZSE,20100209,汽车,汽车零部件,轮胎轮毂,850924.SI
300677.SZ,300677,英科医疗,山东,创业板,SZSE,20170721,医药生物,医疗器械,医疗耗材,851533.SI
300679.SZ,300679,电连技术,深圳,创业板,SZSE,20170731,电子,消费电子,消费电子零部件及组装,850854.SI
300680.SZ,300680,隆盛科技,江苏,创业板,SZSE,20170725,汽车,汽车零部件,底盘与发动机系统,850923.SI
300681.SZ,300681,英搏尔,广东,创业板,SZSE,20170725,汽车,汽车零部件,汽车电子电气系统,850926.SI
300682.SZ,300682,朗新科技,江苏,创业板,SZSE,20170801,计算机,IT服务Ⅱ,IT服务Ⅲ,852226.SI
300683.SZ,300683,海特生物,湖北,创业板,SZSE,20170808,医药生物,医疗服务,医疗研发外包,851563.SI
300685.SZ,300685,艾德生物,福建,创业板,SZSE,20170802,医药生物,医疗器械,体外诊断,851534.SI
300686.SZ,300686,智动力,深圳,创业板,SZSE,20170804,电子,消费电子,消费电子零部件及组装,850854.SI
300687.SZ,300687,赛意信息,广东,创业板,SZSE,20170803,计算机,IT服务Ⅱ,IT服务Ⅲ,852226.SI
300688.SZ,300688,创业黑马,北京,创业板,SZSE,20170810,社会服务,教育,培训教育,859852.SI
300689.SZ,300689,澄天伟业,深圳,创业板,SZSE,20170809,通信,通信设备,通信终端及配件,851026.SI
300690.SZ,300690,双一科技,山东,创业板,SZSE,20170808,电力设备,风电设备,风电零部件,857362.SI
300692.SZ,300692,中赋科技,安徽,创业板,SZSE,20170821,环保,环境治理,水务及水治理,859712.SI
300693.SZ,300693,盛弘股份,深圳,创业板,SZSE,20170822,电力设备,其他电源设备Ⅱ,其他电源设备Ⅲ,857336.SI
300694.SZ,300694,蠡湖股份,江苏,创业板,SZSE,20181015,汽车,汽车零部件,底盘与发动机系统,850923.SI
300696.SZ,300696,爱乐达,四川,创业板,SZSE,20170822,国防军工,航空装备Ⅱ,航空装备Ⅲ,857421.SI
300700.SZ,300700,岱勒新材,湖南,创业板,SZSE,20170912,机械设备,通用设备,磨具磨料,850713.SI
300703.SZ,300703,创源股份,浙江,创业板,SZSE,20170919,轻工制造,文娱用品,文化用品,851451.SI
300705.SZ,300705,九典制药,湖南,创业板,SZSE,20171010,医药生物,化学制药,化学制剂,851512.SI
300706.SZ,300706,阿石创,福建,创业板,SZSE,20170926,电子,半导体,半导体材料,850813.SI
300707.SZ,300707,威唐工业,江苏,创业板,SZSE,20171010,汽车,汽车零部件,其他汽车零部件,850925.SI
300708.SZ,300708,聚灿光电,江苏,创业板,SZSE,20171016,电子,光学光电子,LED,850832.SI
300710.SZ,300710,万隆光电,浙江,创业板,SZSE,20171019,通信,通信设备,通信网络设备及器件,851024.SI
300712.SZ,300712,永福股份,福建,创业板,SZSE,20171031,建筑装饰,专业工程,其他专业工程,857244.SI
300713.SZ,300713,英可瑞,深圳,创业板,SZSE,20171101,电力设备,其他电源设备Ⅱ,其他电源设备Ⅲ,857336.SI
000420.SZ,000420,吉林化纤,吉林,主板,SZSE,19960802,基础化工,化学纤维,粘胶,850343.SI
000532.SZ,000532,华金资本,广东,主板,SZSE,19940103,非银金融,多元金融,资产管理,851927.SI
000605.SZ,000605,渤海股份,北京,主板,SZSE,19960913,环保,环境治理,水务及水治理,859712.SI
000906.SZ,000906,浙商中拓,浙江,主板,SZSE,19990707,交通运输,物流,原材料供应链服务,851782.SI
000993.SZ,000993,闽东电力,福建,主板,SZSE,20000731,公用事业,电力,水力发电,851612.SI
002111.SZ,002111,威海广泰,山东,主板,SZSE,20070126,国防军工,航空装备Ⅱ,航空装备Ⅲ,857421.SI
002189.SZ,002189,中光学,河南,主板,SZSE,20071203,国防军工,军工电子Ⅱ,军工电子Ⅲ,857451.SI
002250.SZ,002250,联化科技,浙江,主板,SZSE,20080619,基础化工,农化制品,农药,850333.SI
300715.SZ,300715,凯伦股份,江苏,创业板,SZSE,20171026,建筑材料,装修建材,防水材料,850617.SI
300716.SZ,300716,*ST泉为,广东,创业板,SZSE,20171109,电力设备,光伏设备,光伏电池组件,857352.SI
300717.SZ,300717,华信新材,江苏,创业板,SZSE,20171106,基础化工,塑料,其他塑料制品,850351.SI
300719.SZ,300719,安达维尔,北京,创业板,SZSE,20171109,国防军工,航空装备Ⅱ,航空装备Ⅲ,857421.SI
300720.SZ,300720,海川智能,广东,创业板,SZSE,20171106,机械设备,通用设备,仪器仪表,850731.SI
300721.SZ,300721,怡达股份,江苏,创业板,SZSE,20171115,基础化工,化学制品,其他化学制品,850339.SI
300722.SZ,300722,新余国科,江西,创业板,SZSE,20171110,国防军工,航天装备Ⅱ,航天装备Ⅲ,857411.SI
300723.SZ,300723,一品红,广东,创业板,SZSE,20171116,医药生物,化学制药,化学制剂,851512.SI
300724.SZ,300724,捷佳伟创,深圳,创业板,SZSE,20180810,电力设备,光伏设备,光伏加工设备,857355.SI
300726.SZ,300726,宏达电子,湖南,创业板,SZSE,20171121,国防军工,军工电子Ⅱ,军工电子Ⅲ,857451.SI
300727.SZ,300727,润禾材料,浙江,创业板,SZSE,20171127,基础化工,化学制品,有机硅,850136.SI
300729.SZ,300729,乐歌股份,浙江,创业板,SZSE,20171201,轻工制造,家居用品,其他家居用品,851491.SI
300730.SZ,300730,科创信息,湖南,创业板,SZSE,20171205,计算机,软件开发,垂直应用软件,851041.SI
300733.SZ,300733,西菱动力,四川,创业板,SZSE,20180116,汽车,汽车零部件,底盘与发动机系统,850923.SI
300735.SZ,300735,光弘科技,广东,创业板,SZSE,20171229,电子,消费电子,消费电子零部件及组装,850854.SI
300736.SZ,300736,百邦科技,北京,创业板,SZSE,20180109,电子,其他电子Ⅱ,其他电子Ⅲ,850841.SI
300737.SZ,300737,科顺股份,广东,创业板,SZSE,20180125,建筑材料,装修建材,防水材料,850617.SI
000862.SZ,000862,银星能源,宁夏,主板,SZSE,19980915,公用事业,电力,风力发电,851617.SI
002251.SZ,002251,步步高,湖南,主板,SZSE,20080619,商贸零售,一般零售,超市,852032.SI
002379.SZ,002379,宏桥控股,山东,主板,SZSE,20100331,有色金属,工业金属,铝,850551.SI
002409.SZ,002409,雅克科技,江苏,主板,SZSE,20100525,电子,半导体,半导体材料,850813.SI
002412.SZ,002412,汉森制药,湖南,主板,SZSE,20100525,医药生物,中药Ⅱ,中药Ⅲ,851521.SI
300738.SZ,300738,奥飞数据,广东,创业板,SZSE,20180119,通信,通信服务,通信应用增值服务,852214.SI
300739.SZ,300739,明阳电路,深圳,创业板,SZSE,20180201,电子,元件,印制电路板,850822.SI
300740.SZ,300740,水羊股份,湖南,创业板,SZSE,20180208,美容护理,化妆品,品牌化妆品,859822.SI
300741.SZ,300741,华宝股份,西藏,创业板,SZSE,20180301,基础化工,化学制品,食品及饲料添加剂,850135.SI
300743.SZ,300743,天地数码,浙江,创业板,SZSE,20180427,计算机,计算机设备,其他计算机设备,850703.SI
300746.SZ,300746,汉嘉数智,浙江,创业板,SZSE,20180525,建筑装饰,工程咨询服务Ⅱ,工程咨询服务Ⅲ,857261.SI
300747.SZ,300747,锐科激光,湖北,创业板,SZSE,20180625,机械设备,自动化设备,激光设备,850783.SI
300748.SZ,300748,金力永磁,江西,创业板,SZSE,20180921,有色金属,金属新材料,磁性材料,850522.SI
300749.SZ,300749,顶固集创,广东,创业板,SZSE,20180925,轻工制造,家居用品,定制家居,851438.SI
300750.SZ,300750,宁德时代,福建,创业板,SZSE,20180611,电力设备,电池,锂电池,857371.SI
300751.SZ,300751,迈为股份,江苏,创业板,SZSE,20181109,电力设备,光伏设备,光伏加工设备,857355.SI
300752.SZ,300752,隆利科技,深圳,创业板,SZSE,20181130,电子,光学光电子,LED,850832.SI
300753.SZ,300753,爱朋医疗,江苏,创业板,SZSE,20181213,医药生物,医疗器械,医疗设备,851532.SI
300755.SZ,300755,华致酒行,云南,创业板,SZSE,20190129,商贸零售,专业连锁Ⅱ,专业连锁Ⅲ,852041.SI
300756.SZ,300756,金马游乐,广东,创业板,SZSE,20181228,机械设备,专用设备,其他专用设备,850727.SI
300757.SZ,300757,罗博特科,江苏,创业板,SZSE,20190108,机械设备,自动化设备,其他自动化设备,850784.SI
300759.SZ,300759,康龙化成,北京,创业板,SZSE,20190128,医药生物,医疗服务,医疗研发外包,851563.SI
300760.SZ,300760,迈瑞医疗,深圳,创业板,SZSE,20181016,医药生物,医疗器械,医疗设备,851532.SI
300761.SZ,300761,立华股份,江苏,创业板,SZSE,20190218,农林牧渔,养殖业,肉鸡养殖,850173.SI
300763.SZ,300763,锦浪科技,浙江,创业板,SZSE,20190319,电力设备,光伏设备,逆变器,857353.SI
300765.SZ,300765,石药创新,河北,创业板,SZSE,20190322,医药生物,化学制药,原料药,851511.SI
300767.SZ,300767,震安科技,云南,创业板,SZSE,20190329,基础化工,橡胶,其他橡胶制品,850362.SI
300768.SZ,300768,迪普科技,浙江,创业板,SZSE,20190412,计算机,软件开发,横向通用软件,851042.SI
300769.SZ,300769,德方纳米,深圳,创业板,SZSE,20190415,电力设备,电池,电池化学品,857372.SI
000403.SZ,000403,派林生物,山西,主板,SZSE,19960628,医药生物,生物制品,血液制品,851522.SI
000682.SZ,000682,东方电子,山东,主板,SZSE,19970121,电力设备,电网设备,电网自动化设备,857321.SI
000779.SZ,000779,甘咨询,甘肃,主板,SZSE,19970528,建筑装饰,工程咨询服务Ⅱ,工程咨询服务Ⅲ,857261.SI
002413.SZ,002413,雷科防务,北京,主板,SZSE,20100528,国防军工,军工电子Ⅱ,军工电子Ⅲ,857451.SI
002414.SZ,002414,高德红外,湖北,主板,SZSE,20100716,国防军工,军工电子Ⅱ,军工电子Ⅲ,857451.SI
300770.SZ,300770,新媒股份,广东,创业板,SZSE,20190419,传媒,电视广播Ⅱ,电视广播Ⅲ,859951.SI
300771.SZ,300771,智莱科技,深圳,创业板,SZSE,20190422,计算机,计算机设备,其他计算机设备,850703.SI
300772.SZ,300772,运达股份,浙江,创业板,SZSE,20190426,电力设备,风电设备,风电整机,857361.SI
300775.SZ,300775,三角防务,陕西,创业板,SZSE,20190521,国防军工,航空装备Ⅱ,航空装备Ⅲ,857421.SI
300776.SZ,300776,帝尔激光,湖北,创业板,SZSE,20190517,电力设备,光伏设备,光伏加工设备,857355.SI
300778.SZ,300778,新城市,深圳,创业板,SZSE,20190510,建筑装饰,工程咨询服务Ⅱ,工程咨询服务Ⅲ,857261.SI
300779.SZ,300779,惠城环保,山东,创业板,SZSE,20190522,环保,环境治理,固废治理,859713.SI
300781.SZ,300781,因赛集团,广东,创业板,SZSE,20190606,传媒,广告营销,营销代理,857651.SI
300784.SZ,300784,利安科技,浙江,创业板,SZSE,20240607,电子,消费电子,消费电子零部件及组装,850854.SI
300785.SZ,300785,值得买,北京,创业板,SZSE,20190715,传媒,数字媒体,门户网站,857674.SI
300786.SZ,300786,国林科技,山东,创业板,SZSE,20190723,环保,环保设备Ⅱ,环保设备Ⅲ,859721.SI
300788.SZ,300788,中信出版,北京,创业板,SZSE,20190705,传媒,出版,大众出版,857692.SI
300789.SZ,300789,唐源电气,四川,创业板,SZSE,20190828,计算机,计算机设备,其他计算机设备,850703.SI
300790.SZ,300790,宇瞳光学,广东,创业板,SZSE,20190920,计算机,计算机设备,安防设备,850702.SI
300793.SZ,300793,佳禾智能,广东,创业板,SZSE,20191018,电子,消费电子,消费电子零部件及组装,850854.SI
300795.SZ,300795,米奥会展,浙江,创业板,SZSE,20191022,社会服务,专业服务,会展服务,852183.SI
300797.SZ,300797,钢研纳克,北京,创业板,SZSE,20191101,社会服务,专业服务,检测服务,852182.SI
300798.SZ,300798,锦鸡股份,江苏,创业板,SZSE,20191122,基础化工,化学制品,纺织化学制品,850338.SI
300803.SZ,300803,指南针,北京,创业板,SZSE,20191118,计算机,软件开发,垂直应用软件,851041.SI
300806.SZ,300806,斯迪克,江苏,创业板,SZSE,20191125,基础化工,塑料,膜材料,850355.SI
300808.SZ,300808,久量股份,湖北,创业板,SZSE,20191129,电子,光学光电子,LED,850832.SI
300809.SZ,300809,华辰装备,江苏,创业板,SZSE,20191204,机械设备,通用设备,机床工具,850711.SI
000533.SZ,000533,顺钠股份,广东,主板,SZSE,19940103,电力设备,电网设备,输变电设备,857381.SI
000995.SZ,000995,皇台酒业,甘肃,主板,SZSE,20000807,食品饮料,白酒Ⅱ,白酒Ⅲ,851251.SI
001211.SZ,001211,双枪科技,浙江,主板,SZSE,20210805,轻工制造,家居用品,其他家居用品,851491.SI
002252.SZ,002252,上海莱士,上海,主板,SZSE,20080623,医药生物,生物制品,血液制品,851522.SI
300810.SZ,300810,中科海讯,北京,创业板,SZSE,20191206,国防军工,航海装备Ⅱ,航海装备Ⅲ,850935.SI
300811.SZ,300811,铂科新材,深圳,创业板,SZSE,20191230,有色金属,金属新材料,磁性材料,850522.SI
300812.SZ,300812,易天股份,深圳,创业板,SZSE,20200109,电子,消费电子,消费电子零部件及组装,850854.SI
300813.SZ,300813,泰林生物,浙江,创业板,SZSE,20200114,机械设备,专用设备,其他专用设备,850727.SI
300815.SZ,300815,玉禾田,安徽,创业板,SZSE,20200123,环保,环境治理,固废治理,859713.SI
300817.SZ,300817,双飞集团,浙江,创业板,SZSE,20200218,机械设备,通用设备,金属制品,850751.SI
300818.SZ,300818,耐普矿机,江西,创业板,SZSE,20200212,机械设备,通用设备,磨具磨料,850713.SI
300819.SZ,300819,聚杰微纤,江苏,创业板,SZSE,20200312,纺织服饰,纺织制造,其他纺织,851316.SI
300820.SZ,300820,英杰电气,四川,创业板,SZSE,20200213,电力设备,其他电源设备Ⅱ,其他电源设备Ⅲ,857336.SI
300821.SZ,300821,东岳硅材,山东,创业板,SZSE,20200312,基础化工,化学制品,有机硅,850136.SI
300823.SZ,300823,建科智能,天津,创业板,SZSE,20200319,机械设备,专用设备,其他专用设备,850727.SI
300825.SZ,300825,阿尔特,北京,创业板,SZSE,20200327,汽车,汽车服务,汽车综合服务,850233.SI
300826.SZ,300826,测绘股份,江苏,创业板,SZSE,20200403,建筑装饰,工程咨询服务Ⅱ,工程咨询服务Ⅲ,857261.SI
300828.SZ,300828,锐新科技,天津,创业板,SZSE,20200421,机械设备,通用设备,金属制品,850751.SI
300829.SZ,300829,金丹科技,河南,创业板,SZSE,20200422,基础化工,化学制品,食品及饲料添加剂,850135.SI
300830.SZ,300830,金现代,山东,创业板,SZSE,20200506,计算机,软件开发,垂直应用软件,851041.SI
300831.SZ,300831,ST派瑞,陕西,创业板,SZSE,20200507,电子,半导体,分立器件,850812.SI
300832.SZ,300832,新产业,深圳,创业板,SZSE,20200512,医药生物,医疗器械,体外诊断,851534.SI
300837.SZ,300837,浙矿股份,浙江,创业板,SZSE,20200605,机械设备,专用设备,能源及重型设备,850725.SI
300838.SZ,300838,浙江力诺,浙江,创业板,SZSE,20200608,机械设备,通用设备,金属制品,850751.SI
300839.SZ,300839,博汇股份,浙江,创业板,SZSE,20200630,石油石化,炼化及贸易,其他石化,859633.SI
300840.SZ,300840,酷特智能,山东,创业板,SZSE,20200708,纺织服饰,服装家纺,非运动服装,851329.SI
300841.SZ,300841,康华生物,四川,创业板,SZSE,20200616,医药生物,生物制品,疫苗,851523.SI
300843.SZ,300843,胜蓝股份,广东,创业板,SZSE,20200702,电子,消费电子,消费电子零部件及组装,850854.SI
300844.SZ,300844,山水比德,广东,创业板,SZSE,20210813,建筑装饰,工程咨询服务Ⅱ,工程咨询服务Ⅲ,857261.SI
000070.SZ,000070,特发信息,深圳,主板,SZSE,20000511,通信,通信设备,通信线缆及配套,851025.SI
000506.SZ,000506,招金黄金,山东,主板,SZSE,19930312,有色金属,贵金属,黄金,850531.SI
000521.SZ,000521,长虹美菱,安徽,主板,SZSE,19931018,家用电器,白色家电,冰洗,851116.SI
000972.SZ,000972,中基健康,新疆,主板,SZSE,20000926,农林牧渔,农产品加工,果蔬加工,850151.SI
002297.SZ,002297,博云新材,湖南,主板,SZSE,20090929,国防军工,航空装备Ⅱ,航空装备Ⅲ,857421.SI
002318.SZ,002318,久立特材,浙江,主板,SZSE,20091211,钢铁,特钢Ⅱ,特钢Ⅲ,850401.SI
002323.SZ,002323,*ST雅博,山东,主板,SZSE,20091218,建筑装饰,专业工程,其他专业工程,857244.SI
300845.SZ,300845,捷安高科,河南,创业板,SZSE,20200703,计算机,计算机设备,其他计算机设备,850703.SI
300846.SZ,300846,首都在线,北京,创业板,SZSE,20200701,计算机,IT服务Ⅱ,IT服务Ⅲ,852226.SI
300847.SZ,300847,中船汉光,河北,创业板,SZSE,20200709,计算机,计算机设备,其他计算机设备,850703.SI
300849.SZ,300849,锦盛新材,浙江,创业板,SZSE,20200710,美容护理,化妆品,化妆品制造及其他,859821.SI
300851.SZ,300851,交大思诺,北京,创业板,SZSE,20200717,机械设备,轨交设备Ⅱ,轨交设备Ⅲ,850936.SI
300852.SZ,300852,四会富仕,广东,创业板,SZSE,20200713,电子,元件,印制电路板,850822.SI
300854.SZ,300854,中兰环保,深圳,创业板,SZSE,20210916,环保,环境治理,固废治理,859713.SI
300855.SZ,300855,图南股份,江苏,创业板,SZSE,20200723,有色金属,金属新材料,其他金属新材料,850521.SI
300856.SZ,300856,科思股份,江苏,创业板,SZSE,20200722,美容护理,化妆品,化妆品制造及其他,859821.SI
300857.SZ,300857,协创数据,深圳,创业板,SZSE,20200727,电子,消费电子,消费电子零部件及组装,850854.SI
300859.SZ,300859,西域旅游,新疆,创业板,SZSE,20200806,社会服务,旅游及景区,自然景区,852112.SI
300860.SZ,300860,锋尚文化,北京,创业板,SZSE,20200824,社会服务,专业服务,会展服务,852183.SI
300861.SZ,300861,美畅股份,陕西,创业板,SZSE,20200824,机械设备,通用设备,磨具磨料,850713.SI
300862.SZ,300862,蓝盾光电,安徽,创业板,SZSE,20200824,机械设备,通用设备,仪器仪表,850731.SI
300863.SZ,300863,卡倍亿,浙江,创业板,SZSE,20200824,汽车,汽车零部件,汽车电子电气系统,850926.SI
300864.SZ,300864,南大环境,江苏,创业板,SZSE,20200824,环保,环境治理,综合环境治理,859714.SI
300865.SZ,300865,大宏立,四川,创业板,SZSE,20200824,机械设备,专用设备,能源及重型设备,850725.SI
300868.SZ,300868,杰美特,深圳,创业板,SZSE,20200824,电子,消费电子,消费电子零部件及组装,850854.SI
300869.SZ,300869,康泰医学,河北,创业板,SZSE,20200824,医药生物,医疗器械,医疗设备,851532.SI
000078.SZ,000078,ST海王,深圳,主板,SZSE,19981218,医药生物,医药商业,医药流通,851542.SI
000565.SZ,000565,渝三峡A,重庆,主板,SZSE,19940408,基础化工,化学制品,涂料油墨,850335.SI
000973.SZ,000973,佛塑科技,广东,主板,SZSE,20000525,基础化工,塑料,膜材料,850355.SI
002253.SZ,002253,川大智胜,四川,主板,SZSE,20080623,计算机,软件开发,垂直应用软件,851041.SI
300866.SZ,300866,安克创新,湖南,创业板,SZSE,20200824,电子,消费电子,品牌消费电子,850853.SI
300870.SZ,300870,欧陆通,深圳,创业板,SZSE,20200824,电力设备,其他电源设备Ⅱ,其他电源设备Ⅲ,857336.SI
300871.SZ,300871,回盛生物,湖北,创业板,SZSE,20200824,农林牧渔,动物保健Ⅱ,动物保健Ⅲ,850181.SI
300872.SZ,300872,天阳科技,西藏,创业板,SZSE,20200824,计算机,IT服务Ⅱ,IT服务Ⅲ,852226.SI
300873.SZ,300873,海晨股份,江苏,创业板,SZSE,20200824,交通运输,物流,中间产品及消费品供应链服务,851783.SI
300875.SZ,300875,捷强装备,天津,创业板,SZSE,20200824,国防军工,地面兵装Ⅱ,地面兵装Ⅲ,857431.SI
300876.SZ,300876,蒙泰高新,广东,创业板,SZSE,20200824,基础化工,化学纤维,其他化学纤维,850344.SI
300880.SZ,300880,迦南智能,浙江,创业板,SZSE,20200901,电力设备,电网设备,电工仪器仪表,857323.SI
300883.SZ,300883,龙利得,安徽,创业板,SZSE,20200910,轻工制造,包装印刷,纸包装,851425.SI
300884.SZ,300884,狄耐克,福建,创业板,SZSE,20201112,计算机,计算机设备,安防设备,850702.SI
300885.SZ,300885,海昌新材,江苏,创业板,SZSE,20200910,机械设备,通用设备,金属制品,850751.SI
300887.SZ,300887,谱尼测试,北京,创业板,SZSE,20200916,社会服务,专业服务,检测服务,852182.SI
300889.SZ,300889,爱克股份,深圳,创业板,SZSE,20200916,电子,光学光电子,LED,850832.SI
300891.SZ,300891,惠云钛业,广东,创业板,SZSE,20200917,基础化工,化学原料,钛白粉,850326.SI
300892.SZ,300892,品渥食品,上海,创业板,SZSE,20200924,食品饮料,饮料乳品,乳品,851243.SI
300893.SZ,300893,松原安全,浙江,创业板,SZSE,20200924,汽车,汽车零部件,车身附件及饰件,850922.SI
300896.SZ,300896,爱美客,北京,创业板,SZSE,20200928,美容护理,医疗美容,医美耗材,859831.SI
300897.SZ,300897,山科智能,浙江,创业板,SZSE,20200928,机械设备,通用设备,仪器仪表,850731.SI
300898.SZ,300898,熊猫乳品,浙江,创业板,SZSE,20201016,食品饮料,饮料乳品,乳品,851243.SI
300899.SZ,300899,上海凯鑫,上海,创业板,SZSE,20201016,环保,环境治理,水务及水治理,859712.SI
300900.SZ,300900,广联航空,黑龙江,创业板,SZSE,20201029,国防军工,航空装备Ⅱ,航空装备Ⅲ,857421.SI
300901.SZ,300901,中胤时尚,浙江,创业板,SZSE,20201029,纺织服饰,服装家纺,非运动服装,851329.SI
300902.SZ,300902,国安达,福建,创业板,SZSE,20201029,机械设备,专用设备,其他专用设备,850727.SI
300904.SZ,300904,威力传动,宁夏,创业板,SZSE,20230809,电力设备,风电设备,风电零部件,857362.SI
300905.SZ,300905,宝丽迪,江苏,创业板,SZSE,20201105,基础化工,化学纤维,其他化学纤维,850344.SI
000607.SZ,000607,华媒控股,浙江,主板,SZSE,19960830,传媒,广告营销,广告媒体,857652.SI
000782.SZ,000782,恒申新材,广东,主板,SZSE,19970619,基础化工,化学纤维,锦纶,850346.SI
000828.SZ,000828,东莞控股,广东,主板,SZSE,19970617,交通运输,铁路公路,高速公路,851731.SI
000868.SZ,000868,安凯客车,安徽,主板,SZSE,19970725,汽车,商用车,商用载客车,850913.SI
000975.SZ,000975,山金国际,内蒙,主板,SZSE,20000608,有色金属,贵金属,黄金,850531.SI
002213.SZ,002213,大为股份,深圳,主板,SZSE,20080201,电子,半导体,数字芯片设计,850814.SI
002271.SZ,002271,东方雨虹,北京,主板,SZSE,20080910,建筑材料,装修建材,防水材料,850617.SI
002298.SZ,002298,中电鑫龙,安徽,主板,SZSE,20090929,计算机,软件开发,垂直应用软件,851041.SI
002319.SZ,002319,乐通股份,广东,主板,SZSE,20091211,基础化工,化学制品,涂料油墨,850335.SI
002324.SZ,002324,普利特,上海,主板,SZSE,20091218,基础化工,塑料,改性塑料,850353.SI
300906.SZ,300906,日月明,江西,创业板,SZSE,20201105,机械设备,通用设备,仪器仪表,850731.SI
300907.SZ,300907,康平科技,江苏,创业板,SZSE,20201118,电力设备,电机Ⅱ,电机Ⅲ,850741.SI
300909.SZ,300909,汇创达,深圳,创业板,SZSE,20201118,电子,光学光电子,面板,850831.SI
300910.SZ,300910,瑞丰新材,河南,创业板,SZSE,20201127,基础化工,化学制品,其他化学制品,850339.SI
300911.SZ,300911,亿田智能,浙江,创业板,SZSE,20201203,家用电器,厨卫电器,厨房电器,851141.SI
300913.SZ,300913,兆龙互连,浙江,创业板,SZSE,20201207,通信,通信设备,通信线缆及配套,851025.SI
300915.SZ,300915,海融科技,上海,创业板,SZSE,20201202,食品饮料,饮料乳品,乳品,851243.SI
300916.SZ,300916,朗特智能,深圳,创业板,SZSE,20201202,电子,消费电子,消费电子零部件及组装,850854.SI
300917.SZ,300917,特发服务,深圳,创业板,SZSE,20201221,房地产,房地产服务,物业管理,851831.SI
300918.SZ,300918,南山智尚,山东,创业板,SZSE,20201222,纺织服饰,纺织制造,其他纺织,851316.SI
300920.SZ,300920,润阳科技,浙江,创业板,SZSE,20201225,基础化工,塑料,其他塑料制品,850351.SI
300921.SZ,300921,南凌科技,深圳,创业板,SZSE,20201222,通信,通信服务,通信应用增值服务,852214.SI
300923.SZ,300923,研奥股份,吉林,创业板,SZSE,20201224,机械设备,轨交设备Ⅱ,轨交设备Ⅲ,850936.SI
000029.SZ,000029,深深房A,深圳,主板,SZSE,19930915,房地产,房地产开发,住宅开发,851811.SI
000404.SZ,000404,长虹华意,江西,主板,SZSE,19960619,家用电器,家电零部件Ⅱ,家电零部件Ⅲ,851161.SI
000650.SZ,000650,仁和药业,江西,主板,SZSE,19961210,医药生物,中药Ⅱ,中药Ⅲ,851521.SI
000723.SZ,000723,美锦能源,山西,主板,SZSE,19970515,煤炭,焦炭Ⅱ,焦炭Ⅲ,859521.SI
000807.SZ,000807,云铝股份,云南,主板,SZSE,19980408,有色金属,工业金属,铝,850551.SI
000899.SZ,000899,赣能股份,江西,主板,SZSE,19971126,公用事业,电力,火力发电,851611.SI
002112.SZ,002112,三变科技,浙江,主板,SZSE,20070208,电力设备,电网设备,输变电设备,857381.SI
002232.SZ,002232,启明信息,吉林,主板,SZSE,20080509,计算机,IT服务Ⅱ,IT服务Ⅲ,852226.SI
002380.SZ,002380,科远智慧,江苏,主板,SZSE,20100331,计算机,IT服务Ⅱ,IT服务Ⅲ,852226.SI
300925.SZ,300925,法本信息,深圳,创业板,SZSE,20201230,计算机,软件开发,垂直应用软件,851041.SI
300926.SZ,300926,博俊科技,江苏,创业板,SZSE,20210107,汽车,汽车零部件,其他汽车零部件,850925.SI
300927.SZ,300927,江天化学,江苏,创业板,SZSE,20210107,基础化工,化学原料,其他化学原料,850324.SI
300928.SZ,300928,华安鑫创,北京,创业板,SZSE,20210106,汽车,汽车零部件,汽车电子电气系统,850926.SI
300929.SZ,300929,华骐环保,安徽,创业板,SZSE,20210120,环保,环境治理,水务及水治理,859712.SI
300930.SZ,300930,屹通新材,浙江,创业板,SZSE,20210121,有色金属,金属新材料,其他金属新材料,850521.SI
300932.SZ,300932,三友联众,广东,创业板,SZSE,20210122,电力设备,电网设备,配电设备,857382.SI
300933.SZ,300933,中辰股份,江苏,创业板,SZSE,20210122,电力设备,电网设备,线缆部件及其他,857344.SI
300935.SZ,300935,盈建科,北京,创业板,SZSE,20210120,计算机,软件开发,垂直应用软件,851041.SI
300936.SZ,300936,中英科技,江苏,创业板,SZSE,20210126,电子,元件,印制电路板,850822.SI
300937.SZ,300937,药易购,四川,创业板,SZSE,20210127,医药生物,医药商业,医药流通,851542.SI
300938.SZ,300938,信测标准,深圳,创业板,SZSE,20210127,社会服务,专业服务,检测服务,852182.SI
300941.SZ,300941,创识科技,福建,创业板,SZSE,20210209,计算机,计算机设备,其他计算机设备,850703.SI
300942.SZ,300942,易瑞生物,深圳,创业板,SZSE,20210209,医药生物,医疗器械,体外诊断,851534.SI
000001.SZ,000001,平安银行,深圳,主板,SZSE,19910403,银行,股份制银行Ⅱ,股份制银行Ⅲ,857831.SI
000534.SZ,000534,万泽股份,广东,主板,SZSE,19940110,医药生物,生物制品,其他生物制品,851524.SI
000591.SZ,000591,太阳能,重庆,主板,SZSE,19960208,公用事业,电力,光伏发电,851616.SI
000783.SZ,000783,长江证券,湖北,主板,SZSE,19970731,非银金融,证券Ⅱ,证券Ⅲ,851931.SI
000829.SZ,000829,天音控股,江西,主板,SZSE,19971202,商贸零售,专业连锁Ⅱ,专业连锁Ⅲ,852041.SI
000869.SZ,000869,张裕A,山东,主板,SZSE,20001026,食品饮料,非白酒,其他酒类,851233.SI
000915.SZ,000915,华特达因,山东,主板,SZSE,19990609,医药生物,化学制药,化学制剂,851512.SI
000997.SZ,000997,新大陆,福建,主板,SZSE,20000807,计算机,计算机设备,其他计算机设备,850703.SI
001212.SZ,001212,中旗新材,广东,主板,SZSE,20210823,建筑材料,装修建材,其他建材,850614.SI
002190.SZ,002190,成飞集成,四川,主板,SZSE,20071203,汽车,汽车零部件,其他汽车零部件,850925.SI
002214.SZ,002214,大立科技,浙江,主板,SZSE,20080218,国防军工,军工电子Ⅱ,军工电子Ⅲ,857451.SI
300943.SZ,300943,春晖智控,浙江,创业板,SZSE,20210210,机械设备,通用设备,金属制品,850751.SI
300946.SZ,300946,恒而达,福建,创业板,SZSE,20210208,机械设备,通用设备,金属制品,850751.SI
300947.SZ,300947,德必集团,上海,创业板,SZSE,20210210,商贸零售,一般零售,商业物业经营,852034.SI
300949.SZ,300949,奥雅股份,深圳,创业板,SZSE,20210226,建筑装饰,基础建设,园林工程,857251.SI
300953.SZ,300953,震裕科技,浙江,创业板,SZSE,20210318,电力设备,电池,锂电池,857371.SI
300955.SZ,300955,嘉亨家化,福建,创业板,SZSE,20210324,美容护理,化妆品,化妆品制造及其他,859821.SI
300956.SZ,300956,英力股份,安徽,创业板,SZSE,20210326,电子,消费电子,消费电子零部件及组装,850854.SI
300957.SZ,300957,贝泰妮,云南,创业板,SZSE,20210325,美容护理,化妆品,品牌化妆品,859822.SI
300958.SZ,300958,建工修复,北京,创业板,SZSE,20210329,环保,环境治理,综合环境治理,859714.SI
300960.SZ,300960,通业科技,深圳,创业板,SZSE,20210329,机械设备,轨交设备Ⅱ,轨交设备Ⅲ,850936.SI
000155.SZ,000155,川能动力,四川,主板,SZSE,20000926,公用事业,电力,风力发电,851617.SI
000566.SZ,000566,海南海药,海南,主板,SZSE,19940525,医药生物,化学制药,化学制剂,851512.SI
000592.SZ,000592,平潭发展,福建,主板,SZSE,19960327,农林牧渔,林业Ⅱ,林业Ⅲ,850131.SI
002114.SZ,002114,罗平锌电,云南,主板,SZSE,20070215,有色金属,工业金属,铅锌,850553.SI
002191.SZ,002191,劲嘉股份,深圳,主板,SZSE,20071205,轻工制造,包装印刷,纸包装,851425.SI
002299.SZ,002299,圣农发展,福建,主板,SZSE,20091021,农林牧渔,养殖业,肉鸡养殖,850173.SI
300962.SZ,300962,中金辐照,深圳,创业板,SZSE,20210409,社会服务,专业服务,其他专业服务,852184.SI
300963.SZ,300963,中洲特材,上海,创业板,SZSE,20210409,有色金属,金属新材料,其他金属新材料,850521.SI
300964.SZ,300964,本川智能,江苏,创业板,SZSE,20210805,电子,元件,印制电路板,850822.SI
300965.SZ,300965,恒宇信通,北京,创业板,SZSE,20210402,国防军工,航空装备Ⅱ,航空装备Ⅲ,857421.SI
300968.SZ,300968,格林精密,广东,创业板,SZSE,20210415,电子,消费电子,消费电子零部件及组装,850854.SI
300969.SZ,300969,恒帅股份,浙江,创业板,SZSE,20210412,汽车,汽车零部件,其他汽车零部件,850925.SI
300970.SZ,300970,华绿生物,江苏,创业板,SZSE,20210412,农林牧渔,种植业,食用菌,850114.SI
300971.SZ,300971,博亚精工,湖北,创业板,SZSE,20210415,机械设备,专用设备,其他专用设备,850727.SI
300972.SZ,300972,万辰集团,福建,创业板,SZSE,20210419,商贸零售,一般零售,超市,852032.SI
300975.SZ,300975,商络电子,江苏,创业板,SZSE,20210421,电子,元件,被动元件,850823.SI
300976.SZ,300976,达瑞电子,广东,创业板,SZSE,20210419,电子,消费电子,消费电子零部件及组装,850854.SI
300977.SZ,300977,深圳瑞捷,深圳,创业板,SZSE,20210420,建筑装饰,工程咨询服务Ⅱ,工程咨询服务Ⅲ,857261.SI
300978.SZ,300978,东箭科技,广东,创业板,SZSE,20210426,汽车,汽车零部件,车身附件及饰件,850922.SI
300979.SZ,300979,华利集团,广东,创业板,SZSE,20210426,纺织服饰,纺织制造,纺织鞋类制造,851317.SI
300980.SZ,300980,祥源新材,湖北,创业板,SZSE,20210421,基础化工,塑料,其他塑料制品,850351.SI
300981.SZ,300981,中红医疗,河北,创业板,SZSE,20210427,医药生物,医疗器械,医疗耗材,851533.SI
300982.SZ,300982,苏文电能,江苏,创业板,SZSE,20210427,建筑装饰,基础建设,基建市政工程,857236.SI
300984.SZ,300984,金沃股份,浙江,创业板,SZSE,20210618,机械设备,通用设备,其他通用设备,850716.SI
300985.SZ,300985,致远新能,吉林,创业板,SZSE,20210429,机械设备,通用设备,金属制品,850751.SI
300986.SZ,300986,志特新材,江西,创业板,SZSE,20210430,建筑装饰,专业工程,其他专业工程,857244.SI
000030.SZ,000030,富奥股份,吉林,主板,SZSE,19930929,汽车,汽车零部件,底盘与发动机系统,850923.SI
000753.SZ,000753,漳州发展,福建,主板,SZSE,19970626,综合,综合Ⅱ,综合Ⅲ,852311.SI
002254.SZ,002254,泰和新材,山东,主板,SZSE,20080625,基础化工,化学纤维,其他化学纤维,850344.SI
002381.SZ,002381,双箭股份,浙江,主板,SZSE,20100402,基础化工,橡胶,其他橡胶制品,850362.SI
300987.SZ,300987,川网传媒,四川,创业板,SZSE,20210511,传媒,数字媒体,门户网站,857674.SI
300988.SZ,300988,津荣天宇,天津,创业板,SZSE,20210512,机械设备,专用设备,其他专用设备,850727.SI
300989.SZ,300989,蕾奥规划,深圳,创业板,SZSE,20210507,建筑装饰,工程咨询服务Ⅱ,工程咨询服务Ⅲ,857261.SI
300991.SZ,300991,创益通,深圳,创业板,SZSE,20210520,电子,其他电子Ⅱ,其他电子Ⅲ,850841.SI
300992.SZ,300992,泰福泵业,浙江,创业板,SZSE,20210525,机械设备,通用设备,其他通用设备,850716.SI
300993.SZ,300993,玉马科技,山东,创业板,SZSE,20210524,轻工制造,家居用品,其他家居用品,851491.SI
300995.SZ,300995,奇德新材,广东,创业板,SZSE,20210526,基础化工,塑料,改性塑料,850353.SI
300996.SZ,300996,普联软件,山东,创业板,SZSE,20210603,计算机,软件开发,垂直应用软件,851041.SI
301002.SZ,301002,崧盛股份,深圳,创业板,SZSE,20210607,电力设备,电网设备,输变电设备,857381.SI
301005.SZ,301005,超捷股份,上海,创业板,SZSE,20210601,汽车,汽车零部件,其他汽车零部件,850925.SI
301006.SZ,301006,迈拓股份,江苏,创业板,SZSE,20210607,机械设备,通用设备,仪器仪表,850731.SI
301008.SZ,301008,宏昌科技,浙江,创业板,SZSE,20210611,家用电器,家电零部件Ⅱ,家电零部件Ⅲ,851161.SI
301009.SZ,301009,可靠股份,浙江,创业板,SZSE,20210617,美容护理,个护用品,生活用纸,859811.SI
301010.SZ,301010,晶雪节能,江苏,创业板,SZSE,20210618,建筑材料,装修建材,其他建材,850614.SI
301011.SZ,301011,华立科技,广东,创业板,SZSE,20210617,轻工制造,文娱用品,娱乐用品,851452.SI
301012.SZ,301012,扬电科技,江苏,创业板,SZSE,20210622,电力设备,电网设备,输变电设备,857381.SI
301013.SZ,301013,利和兴,深圳,创业板,SZSE,20210629,机械设备,专用设备,其他专用设备,850727.SI
301015.SZ,301015,百洋医药,山东,创业板,SZSE,20210630,医药生物,医药商业,医药流通,851542.SI
301016.SZ,301016,雷尔伟,江苏,创业板,SZSE,20210630,机械设备,轨交设备Ⅱ,轨交设备Ⅲ,850936.SI
301018.SZ,301018,申菱环境,广东,创业板,SZSE,20210707,机械设备,通用设备,制冷空调设备,850715.SI
301019.SZ,301019,宁波色母,浙江,创业板,SZSE,20210628,基础化工,塑料,其他塑料制品,850351.SI
301020.SZ,301020,密封科技,山东,创业板,SZSE,20210706,汽车,汽车零部件,底盘与发动机系统,850923.SI
301021.SZ,301021,英诺激光,深圳,创业板,SZSE,20210706,机械设备,自动化设备,激光设备,850783.SI
301022.SZ,301022,海泰科,山东,创业板,SZSE,20210702,汽车,汽车零部件,其他汽车零部件,850925.SI
301023.SZ,301023,奕帆传动,江苏,创业板,SZSE,20210707,电力设备,电机Ⅱ,电机Ⅲ,850741.SI
000523.SZ,000523,红棉股份,广东,主板,SZSE,19931108,综合,综合Ⅱ,综合Ⅲ,852311.SI
000683.SZ,000683,博源化工,内蒙,主板,SZSE,19970131,基础化工,化学原料,纯碱,850321.SI
000725.SZ,000725,京东方A,北京,主板,SZSE,20010112,电子,光学光电子,面板,850831.SI
002346.SZ,002346,柘中股份,上海,主板,SZSE,20100128,电力设备,电网设备,配电设备,857382.SI
002443.SZ,002443,金洲管道,浙江,主板,SZSE,20100706,钢铁,特钢Ⅱ,特钢Ⅲ,850401.SI
301024.SZ,301024,霍普股份,上海,创业板,SZSE,20210728,建筑装饰,工程咨询服务Ⅱ,工程咨询服务Ⅲ,857261.SI
301028.SZ,301028,鼎熔岩,福建,创业板,SZSE,20210720,机械设备,通用设备,其他通用设备,850716.SI
301029.SZ,301029,怡合达,广东,创业板,SZSE,20210723,机械设备,自动化设备,其他自动化设备,850784.SI
301030.SZ,301030,*ST仕净,江苏,创业板,SZSE,20210722,电力设备,光伏设备,光伏电池组件,857352.SI
301031.SZ,301031,中熔电气,陕西,创业板,SZSE,20210715,电子,其他电子Ⅱ,其他电子Ⅲ,850841.SI
301033.SZ,301033,迈普医学,广东,创业板,SZSE,20210726,医药生物,医疗器械,医疗耗材,851533.SI
301035.SZ,301035,润丰股份,山东,创业板,SZSE,20210728,基础化工,农化制品,农药,850333.SI
301038.SZ,301038,深水规院,深圳,创业板,SZSE,20210804,建筑装饰,工程咨询服务Ⅱ,工程咨询服务Ⅲ,857261.SI
301039.SZ,301039,中集车辆,深圳,创业板,SZSE,20210708,汽车,商用车,商用载货车,850912.SI
301040.SZ,301040,中环海陆,江苏,创业板,SZSE,20210803,电力设备,风电设备,风电零部件,857362.SI
301041.SZ,301041,金百泽,深圳,创业板,SZSE,20210811,电子,元件,印制电路板,850822.SI
301045.SZ,301045,天禄科技,江苏,创业板,SZSE,20210813,电子,光学光电子,面板,850831.SI
301046.SZ,301046,能辉科技,上海,创业板,SZSE,20210817,建筑装饰,专业工程,其他专业工程,857244.SI
301047.SZ,301047,义翘神州,北京,创业板,SZSE,20210816,医药生物,生物制品,其他生物制品,851524.SI
301048.SZ,301048,金鹰重工,湖北,创业板,SZSE,20210818,机械设备,轨交设备Ⅱ,轨交设备Ⅲ,850936.SI
301049.SZ,301049,超越科技,安徽,创业板,SZSE,20210824,环保,环境治理,固废治理,859713.SI
301051.SZ,301051,信濠光电,深圳,创业板,SZSE,20210827,电子,消费电子,消费电子零部件及组装,850854.SI
301053.SZ,301053,远信工业,浙江,创业板,SZSE,20210901,机械设备,专用设备,纺织服装设备,850721.SI
301056.SZ,301056,森赫股份,浙江,创业板,SZSE,20210907,机械设备,专用设备,楼宇设备,850728.SI
301059.SZ,301059,金三江,广东,创业板,SZSE,20210913,基础化工,化学制品,其他化学制品,850339.SI
301060.SZ,301060,兰卫医学,上海,创业板,SZSE,20210913,医药生物,医疗服务,诊断服务,851562.SI
301061.SZ,301061,匠心家居,江苏,创业板,SZSE,20210913,轻工制造,家居用品,成品家居,851437.SI
000407.SZ,000407,胜利股份,山东,主板,SZSE,19960703,公用事业,燃气Ⅱ,燃气Ⅲ,851631.SI
000567.SZ,000567,海德股份,海南,主板,SZSE,19940525,非银金融,多元金融,资产管理,851927.SI
000593.SZ,000593,德龙汇能,四川,主板,SZSE,19960312,公用事业,燃气Ⅱ,燃气Ⅲ,851631.SI
000930.SZ,000930,中粮科技,安徽,主板,SZSE,19990712,农林牧渔,农产品加工,其他农产品加工,850154.SI
001230.SZ,001230,劲旅环境,安徽,主板,SZSE,20220715,环保,环境治理,固废治理,859713.SI
002347.SZ,002347,泰尔股份,安徽,主板,SZSE,20100128,机械设备,通用设备,金属制品,850751.SI
002371.SZ,002371,北方华创,北京,主板,SZSE,20100316,电子,半导体,半导体设备,850818.SI
301062.SZ,301062,上海艾录,上海,创业板,SZSE,20210914,轻工制造,包装印刷,纸包装,851425.SI
301063.SZ,301063,海锅股份,江苏,创业板,SZSE,20210924,机械设备,专用设备,能源及重型设备,850725.SI
301065.SZ,301065,本立科技,浙江,创业板,SZSE,20210914,医药生物,化学制药,原料药,851511.SI
301066.SZ,301066,万事利,浙江,创业板,SZSE,20210922,纺织服饰,纺织制造,其他纺织,851316.SI
301067.SZ,301067,显盈科技,深圳,创业板,SZSE,20210922,电子,消费电子,消费电子零部件及组装,850854.SI
301068.SZ,301068,大地海洋,浙江,创业板,SZSE,20210928,环保,环境治理,固废治理,859713.SI
301069.SZ,301069,凯盛新材,山东,创业板,SZSE,20210927,基础化工,化学原料,其他化学原料,850324.SI
301070.SZ,301070,开勒股份,上海,创业板,SZSE,20210923,机械设备,通用设备,制冷空调设备,850715.SI
301071.SZ,301071,力量钻石,河南,创业板,SZSE,20210924,基础化工,非金属材料Ⅱ,非金属材料Ⅲ,850523.SI
301072.SZ,301072,中捷精工,江苏,创业板,SZSE,20210929,汽车,汽车零部件,底盘与发动机系统,850923.SI
301075.SZ,301075,多瑞医药,西藏,创业板,SZSE,20210929,医药生物,化学制药,化学制剂,851512.SI
301076.SZ,301076,新瀚新材,江苏,创业板,SZSE,20211011,基础化工,化学制品,其他化学制品,850339.SI
301077.SZ,301077,星华新材,浙江,创业板,SZSE,20210930,基础化工,化学制品,其他化学制品,850339.SI
301078.SZ,301078,孩子王,江苏,创业板,SZSE,20211014,商贸零售,专业连锁Ⅱ,专业连锁Ⅲ,852041.SI
301079.SZ,301079,邵阳液压,湖南,创业板,SZSE,20211019,机械设备,工程机械,工程机械器件,850772.SI
301080.SZ,301080,百普赛斯,北京,创业板,SZSE,20211018,医药生物,生物制品,其他生物制品,851524.SI
301081.SZ,301081,严牌股份,浙江,创业板,SZSE,20211020,环保,环保设备Ⅱ,环保设备Ⅲ,859721.SI
301082.SZ,301082,久盛电气,浙江,创业板,SZSE,20211027,电力设备,电网设备,线缆部件及其他,857344.SI
301085.SZ,301085,亚康股份,北京,创业板,SZSE,20211018,计算机,IT服务Ⅱ,IT服务Ⅲ,852226.SI
301086.SZ,301086,鸿富瀚,深圳,创业板,SZSE,20211020,电子,消费电子,消费电子零部件及组装,850854.SI
000536.SZ,000536,华映科技,福建,主板,SZSE,19931126,电子,光学光电子,面板,850831.SI
000608.SZ,000608,阳光股份,广西,主板,SZSE,19960919,房地产,房地产开发,商业地产,851812.SI
000726.SZ,000726,鲁泰A,山东,主板,SZSE,20001225,纺织服饰,纺织制造,棉纺,851312.SI
002193.SZ,002193,ST如意,山东,主板,SZSE,20071207,纺织服饰,服装家纺,非运动服装,851329.SI
301087.SZ,301087,可孚医疗,湖南,创业板,SZSE,20211025,医药生物,医疗器械,医疗设备,851532.SI
301088.SZ,301088,戎美股份,江苏,创业板,SZSE,20211028,纺织服饰,服装家纺,非运动服装,851329.SI
301089.SZ,301089,拓新药业,河南,创业板,SZSE,20211027,医药生物,化学制药,原料药,851511.SI
301090.SZ,301090,华润材料,江苏,创业板,SZSE,20211026,基础化工,塑料,其他塑料制品,850351.SI
301091.SZ,301091,深城交,深圳,创业板,SZSE,20211029,建筑装饰,工程咨询服务Ⅱ,工程咨询服务Ⅲ,857261.SI
301093.SZ,301093,华兰股份,江苏,创业板,SZSE,20211101,医药生物,医疗器械,医疗耗材,851533.SI
301095.SZ,301095,广立微,浙江,创业板,SZSE,20220805,计算机,软件开发,垂直应用软件,851041.SI
301096.SZ,301096,百诚医药,浙江,创业板,SZSE,20211220,医药生物,医疗服务,医疗研发外包,851563.SI
301097.SZ,301097,天益医疗,浙江,创业板,SZSE,20220407,医药生物,医疗器械,医疗耗材,851533.SI
301099.SZ,301099,雅创电子,上海,创业板,SZSE,20211122,电子,其他电子Ⅱ,其他电子Ⅲ,850841.SI
301100.SZ,301100,风光股份,辽宁,创业板,SZSE,20211217,基础化工,化学制品,其他化学制品,850339.SI
301101.SZ,301101,明月镜片,江苏,创业板,SZSE,20211216,轻工制造,文娱用品,文化用品,851451.SI
301102.SZ,301102,兆讯传媒,天津,创业板,SZSE,20220328,传媒,广告营销,广告媒体,857652.SI
301103.SZ,301103,何氏眼科,辽宁,创业板,SZSE,20220322,医药生物,医疗服务,医院,851564.SI
301105.SZ,301105,鸿铭股份,广东,创业板,SZSE,20221230,机械设备,专用设备,印刷包装机械,850726.SI
301106.SZ,301106,骏成科技,江苏,创业板,SZSE,20220128,电子,光学光电子,面板,850831.SI
301107.SZ,301107,瑜欣电子,重庆,创业板,SZSE,20220524,机械设备,通用设备,其他通用设备,850716.SI
301108.SZ,301108,洁雅股份,安徽,创业板,SZSE,20211203,美容护理,个护用品,生活用纸,859811.SI
301109.SZ,301109,军信股份,湖南,创业板,SZSE,20220413,环保,环境治理,固废治理,859713.SI
301111.SZ,301111,粤万年青,广东,创业板,SZSE,20211207,医药生物,中药Ⅱ,中药Ⅲ,851521.SI
301112.SZ,301112,信邦智能,广东,创业板,SZSE,20220629,机械设备,自动化设备,机器人,850781.SI
301113.SZ,301113,雅艺科技,浙江,创业板,SZSE,20211222,轻工制造,家居用品,其他家居用品,851491.SI
301115.SZ,301115,联检科技,江苏,创业板,SZSE,20220831,社会服务,专业服务,检测服务,852182.SI
301116.SZ,301116,益客食品,江苏,创业板,SZSE,20220118,农林牧渔,养殖业,肉鸡养殖,850173.SI
301117.SZ,301117,佳缘科技,四川,创业板,SZSE,20220117,计算机,计算机设备,安防设备,850702.SI
301118.SZ,301118,恒光股份,湖南,创业板,SZSE,20211118,基础化工,化学原料,其他化学原料,850324.SI
000031.SZ,000031,大悦城,深圳,主板,SZSE,19931008,房地产,房地产开发,商业地产,851812.SI
000408.SZ,000408,藏格矿业,青海,主板,SZSE,19960628,基础化工,农化制品,钾肥,850336.SI
000552.SZ,000552,甘肃能化,甘肃,主板,SZSE,19940106,煤炭,煤炭开采,动力煤,859511.SI
002234.SZ,002234,民和股份,山东,主板,SZSE,20080516,农林牧渔,养殖业,肉鸡养殖,850173.SI
002255.SZ,002255,海陆重工,江苏,主板,SZSE,20080625,电力设备,其他电源设备Ⅱ,火电设备,857334.SI
002356.SZ,002356,鹏飞绿能,深圳,主板,SZSE,20100209,商贸零售,一般零售,多业态零售,852033.SI
002400.SZ,002400,省广集团,广东,主板,SZSE,20100506,传媒,广告营销,营销代理,857651.SI
301120.SZ,301120,新特电气,北京,创业板,SZSE,20220419,电力设备,电网设备,输变电设备,857381.SI
301121.SZ,301121,紫建电子,重庆,创业板,SZSE,20220808,电力设备,电池,锂电池,857371.SI
301122.SZ,301122,采纳股份,江苏,创业板,SZSE,20220126,医药生物,医疗器械,医疗耗材,851533.SI
301126.SZ,301126,达嘉维康,湖南,创业板,SZSE,20211207,医药生物,医药商业,医药流通,851542.SI
301127.SZ,301127,武汉天源,湖北,创业板,SZSE,20211230,环保,环境治理,水务及水治理,859712.SI
301128.SZ,301128,强瑞技术,深圳,创业板,SZSE,20211110,机械设备,专用设备,其他专用设备,850727.SI
301130.SZ,301130,西点药业,吉林,创业板,SZSE,20220223,医药生物,化学制药,化学制剂,851512.SI
301131.SZ,301131,聚赛龙,广东,创业板,SZSE,20220314,基础化工,塑料,改性塑料,850353.SI
301135.SZ,301135,瑞德智能,广东,创业板,SZSE,20220412,家用电器,家电零部件Ⅱ,家电零部件Ⅲ,851161.SI
301136.SZ,301136,招标股份,福建,创业板,SZSE,20220111,建筑装饰,工程咨询服务Ⅱ,工程咨询服务Ⅲ,857261.SI
301137.SZ,301137,哈焊华通,江苏,创业板,SZSE,20220322,机械设备,通用设备,金属制品,850751.SI
301138.SZ,301138,华研精机,广东,创业板,SZSE,20211215,机械设备,专用设备,印刷包装机械,850726.SI
301139.SZ,301139,*ST元道,新疆,创业板,SZSE,20220708,通信,通信服务,通信工程及服务,852213.SI
301141.SZ,301141,中科磁业,浙江,创业板,SZSE,20230403,有色金属,金属新材料,磁性材料,850522.SI
301148.SZ,301148,嘉戎技术,福建,创业板,SZSE,20220421,环保,环境治理,水务及水治理,859712.SI
301149.SZ,301149,隆华新材,山东,创业板,SZSE,20211110,基础化工,化学制品,其他化学制品,850339.SI
301151.SZ,301151,冠龙节能,上海,创业板,SZSE,20220411,机械设备,通用设备,金属制品,850751.SI
301152.SZ,301152,天力锂能,河南,创业板,SZSE,20220829,电力设备,电池,电池化学品,857372.SI
000553.SZ,000553,安道麦A,湖北,主板,SZSE,19931203,基础化工,农化制品,农药,850333.SI
000931.SZ,000931,中关村,北京,主板,SZSE,19990712,医药生物,化学制药,化学制剂,851512.SI
001231.SZ,001231,农心科技,陕西,主板,SZSE,20220819,基础化工,农化制品,农药,850333.SI
002194.SZ,002194,武汉凡谷,湖北,主板,SZSE,20071207,通信,通信设备,通信网络设备及器件,851024.SI
002235.SZ,002235,安妮股份,福建,主板,SZSE,20080516,轻工制造,造纸,特种纸,851413.SI
002382.SZ,002382,蓝帆医疗,山东,主板,SZSE,20100402,医药生物,医疗器械,医疗耗材,851533.SI
002415.SZ,002415,海康威视,浙江,主板,SZSE,20100528,计算机,计算机设备,安防设备,850702.SI
002470.SZ,002470,金正大,山东,主板,SZSE,20100908,基础化工,农化制品,复合肥,850381.SI
301153.SZ,301153,中科江南,北京,创业板,SZSE,20220518,计算机,软件开发,垂直应用软件,851041.SI
301155.SZ,301155,海力风电,江苏,创业板,SZSE,20211124,电力设备,风电设备,风电零部件,857362.SI
301156.SZ,301156,美农生物,上海,创业板,SZSE,20220617,基础化工,化学制品,食品及饲料添加剂,850135.SI
301157.SZ,301157,华塑科技,浙江,创业板,SZSE,20230309,电力设备,其他电源设备Ⅱ,其他电源设备Ⅲ,857336.SI
301158.SZ,301158,德石股份,山东,创业板,SZSE,20220117,机械设备,专用设备,能源及重型设备,850725.SI
301159.SZ,301159,三维天地,北京,创业板,SZSE,20220107,计算机,软件开发,垂直应用软件,851041.SI
301161.SZ,301161,唯万密封,上海,创业板,SZSE,20220914,机械设备,工程机械,工程机械器件,850772.SI
301162.SZ,301162,国能日新,北京,创业板,SZSE,20220429,计算机,软件开发,垂直应用软件,851041.SI
301163.SZ,301163,宏德股份,江苏,创业板,SZSE,20220419,电力设备,风电设备,风电零部件,857362.SI
301165.SZ,301165,锐捷网络,福建,创业板,SZSE,20221121,通信,通信设备,通信网络设备及器件,851024.SI
301166.SZ,301166,优宁维,上海,创业板,SZSE,20211228,医药生物,生物制品,其他生物制品,851524.SI
301167.SZ,301167,建研设计,安徽,创业板,SZSE,20211206,建筑装饰,工程咨询服务Ⅱ,工程咨询服务Ⅲ,857261.SI
301168.SZ,301168,通灵股份,江苏,创业板,SZSE,20211210,电力设备,光伏设备,光伏电池组件,857352.SI
301169.SZ,301169,零点有数,北京,创业板,SZSE,20211103,社会服务,专业服务,其他专业服务,852184.SI
301170.SZ,301170,锡南科技,江苏,创业板,SZSE,20230627,汽车,汽车零部件,底盘与发动机系统,850923.SI
301171.SZ,301171,易点天下,陕西,创业板,SZSE,20220819,传媒,广告营销,营销代理,857651.SI
301172.SZ,301172,君逸数码,四川,创业板,SZSE,20230726,计算机,IT服务Ⅱ,IT服务Ⅲ,852226.SI
000697.SZ,000697,炼石航空,陕西,主板,SZSE,19970325,国防军工,航空装备Ⅱ,航空装备Ⅲ,857421.SI
000727.SZ,000727,冠捷科技,江苏,主板,SZSE,19970520,电子,光学光电子,面板,850831.SI
002195.SZ,002195,岩山科技,上海,主板,SZSE,20071212,计算机,IT服务Ⅱ,IT服务Ⅲ,852226.SI
002416.SZ,002416,爱施德,深圳,主板,SZSE,20100528,商贸零售,专业连锁Ⅱ,专业连锁Ⅲ,852041.SI
301175.SZ,301175,中科环保,北京,创业板,SZSE,20220708,环保,环境治理,固废治理,859713.SI
301176.SZ,301176,逸豪新材,江西,创业板,SZSE,20220928,电子,元件,印制电路板,850822.SI
301178.SZ,301178,天亿马,广东,创业板,SZSE,20211112,计算机,IT服务Ⅱ,IT服务Ⅲ,852226.SI
301179.SZ,301179,泽宇智能,江苏,创业板,SZSE,20211208,电力设备,电网设备,电网自动化设备,857321.SI
301180.SZ,301180,万祥科技,江苏,创业板,SZSE,20211116,电子,消费电子,消费电子零部件及组装,850854.SI
301181.SZ,301181,标榜股份,江苏,创业板,SZSE,20220221,汽车,汽车零部件,其他汽车零部件,850925.SI
301182.SZ,301182,凯旺科技,河南,创业板,SZSE,20211223,计算机,计算机设备,安防设备,850702.SI
301183.SZ,301183,东田微,湖北,创业板,SZSE,20220524,电子,光学光电子,光学元件,850833.SI
301185.SZ,301185,鸥玛软件,山东,创业板,SZSE,20211119,计算机,IT服务Ⅱ,IT服务Ⅲ,852226.SI
301186.SZ,301186,超达装备,江苏,创业板,SZSE,20211223,汽车,汽车零部件,其他汽车零部件,850925.SI
301187.SZ,301187,欧圣电气,江苏,创业板,SZSE,20220422,家用电器,小家电,清洁小家电,851132.SI
301188.SZ,301188,力诺药包,山东,创业板,SZSE,20211111,医药生物,医疗器械,医疗耗材,851533.SI
301189.SZ,301189,奥尼电子,深圳,创业板,SZSE,20211228,电子,消费电子,品牌消费电子,850853.SI
301190.SZ,301190,善水科技,江西,创业板,SZSE,20211224,基础化工,化学原料,其他化学原料,850324.SI
301191.SZ,301191,菲菱科思,深圳,创业板,SZSE,20220526,通信,通信设备,通信终端及配件,851026.SI
301192.SZ,301192,泰祥股份,湖北,创业板,SZSE,20220811,汽车,汽车零部件,底盘与发动机系统,850923.SI
301193.SZ,301193,家联科技,浙江,创业板,SZSE,20211209,轻工制造,家居用品,其他家居用品,851491.SI
301195.SZ,301195,北路智控,江苏,创业板,SZSE,20220801,计算机,软件开发,垂直应用软件,851041.SI
301196.SZ,301196,唯科科技,福建,创业板,SZSE,20220111,基础化工,塑料,其他塑料制品,850351.SI
301197.SZ,301197,工大科雅,河北,创业板,SZSE,20220808,机械设备,通用设备,仪器仪表,850731.SI
301198.SZ,301198,喜悦智行,浙江,创业板,SZSE,20211202,轻工制造,包装印刷,塑料包装,851424.SI
301199.SZ,301199,迈赫股份,山东,创业板,SZSE,20211207,机械设备,自动化设备,机器人,850781.SI
301200.SZ,301200,大族数控,深圳,创业板,SZSE,20220228,机械设备,专用设备,其他专用设备,850727.SI
301201.SZ,301201,诚达药业,浙江,创业板,SZSE,20220120,医药生物,医疗服务,医疗研发外包,851563.SI
301203.SZ,301203,国泰环保,浙江,创业板,SZSE,20230404,环保,环境治理,水务及水治理,859712.SI
000032.SZ,000032,深桑达A,深圳,主板,SZSE,19931028,建筑装饰,专业工程,其他专业工程,857244.SI
000728.SZ,000728,国元证券,安徽,主板,SZSE,19970616,非银金融,证券Ⅱ,证券Ⅲ,851931.SI
000809.SZ,000809,和展能源,辽宁,主板,SZSE,19980616,电力设备,风电设备,风电零部件,857362.SI
000830.SZ,000830,鲁西化工,山东,主板,SZSE,19980807,基础化工,化学原料,煤化工,850325.SI
000932.SZ,000932,华菱钢铁,湖南,主板,SZSE,19990803,钢铁,普钢,板材,850442.SI
000958.SZ,000958,电投产融,河北,主板,SZSE,19991223,公用事业,电力,核力发电,851618.SI
301207.SZ,301207,华兰疫苗,河南,创业板,SZSE,20220218,医药生物,生物制品,疫苗,851523.SI
301208.SZ,301208,中亦科技,北京,创业板,SZSE,20220707,计算机,IT服务Ⅱ,IT服务Ⅲ,852226.SI
301209.SZ,301209,联合化学,山东,创业板,SZSE,20220825,基础化工,化学制品,涂料油墨,850335.SI
301210.SZ,301210,金杨精密,江苏,创业板,SZSE,20230630,电力设备,电池,锂电池,857371.SI
301211.SZ,301211,亨迪药业,湖北,创业板,SZSE,20211222,医药生物,化学制药,原料药,851511.SI
301212.SZ,301212,联盛化学,浙江,创业板,SZSE,20220419,基础化工,化学制品,其他化学制品,850339.SI
301213.SZ,301213,观想科技,四川,创业板,SZSE,20211206,国防军工,军工电子Ⅱ,军工电子Ⅲ,857451.SI
301217.SZ,301217,铜冠铜箔,安徽,创业板,SZSE,20220127,电力设备,电池,锂电池,857371.SI
301218.SZ,301218,华是科技,浙江,创业板,SZSE,20220307,计算机,IT服务Ⅱ,IT服务Ⅲ,852226.SI
301219.SZ,301219,腾远钴业,江西,创业板,SZSE,20220317,有色金属,能源金属,钴,850561.SI
301221.SZ,301221,光庭信息,湖北,创业板,SZSE,20211222,汽车,汽车零部件,汽车电子电气系统,850926.SI
301222.SZ,301222,浙江恒威,浙江,创业板,SZSE,20220309,电力设备,电池,蓄电池及其他电池,857375.SI
301223.SZ,301223,中荣股份,广东,创业板,SZSE,20221026,轻工制造,包装印刷,纸包装,851425.SI
301225.SZ,301225,恒勃股份,浙江,创业板,SZSE,20230616,汽车,汽车零部件,底盘与发动机系统,850923.SI
301226.SZ,301226,祥明智能,江苏,创业板,SZSE,20220325,电力设备,电机Ⅱ,电机Ⅲ,850741.SI
301227.SZ,301227,森鹰窗业,黑龙江,创业板,SZSE,20220926,轻工制造,家居用品,定制家居,851438.SI
301229.SZ,301229,纽泰格,江苏,创业板,SZSE,20220222,汽车,汽车零部件,底盘与发动机系统,850923.SI
301230.SZ,301230,泓博医药,上海,创业板,SZSE,20221101,医药生物,医疗服务,医疗研发外包,851563.SI
301232.SZ,301232,飞沃科技,湖南,创业板,SZSE,20230615,电力设备,风电设备,风电零部件,857362.SI
301234.SZ,301234,五洲医疗,安徽,创业板,SZSE,20220705,医药生物,医疗器械,医疗耗材,851533.SI
301235.SZ,301235,华康洁净,湖北,创业板,SZSE,20220128,医药生物,医疗器械,医疗设备,851532.SI
000409.SZ,000409,云鼎科技,山东,主板,SZSE,19960627,计算机,IT服务Ⅱ,IT服务Ⅲ,852226.SI
000568.SZ,000568,泸州老窖,四川,主板,SZSE,19940509,食品饮料,白酒Ⅱ,白酒Ⅲ,851251.SI
000609.SZ,000609,*ST中迪,北京,主板,SZSE,19961010,房地产,房地产开发,住宅开发,851811.SI
000729.SZ,000729,燕京啤酒,北京,主板,SZSE,19970716,食品饮料,非白酒,啤酒,851232.SI
000875.SZ,000875,电投绿能,吉林,主板,SZSE,20020926,公用事业,电力,电能综合服务,851610.SI
000933.SZ,000933,神火股份,河南,主板,SZSE,19990831,有色金属,工业金属,铝,850551.SI
001260.SZ,001260,坤泰股份,山东,主板,SZSE,20230216,汽车,汽车零部件,车身附件及饰件,850922.SI
002445.SZ,002445,中南文化,江苏,主板,SZSE,20100713,机械设备,通用设备,金属制品,850751.SI
301236.SZ,301236,软通动力,北京,创业板,SZSE,20220315,计算机,IT服务Ⅱ,IT服务Ⅲ,852226.SI
301237.SZ,301237,和顺科技,浙江,创业板,SZSE,20220323,基础化工,塑料,膜材料,850355.SI
301238.SZ,301238,瑞泰新材,江苏,创业板,SZSE,20220617,电力设备,电池,电池化学品,857372.SI
301239.SZ,301239,普瑞眼科,四川,创业板,SZSE,20220705,医药生物,医疗服务,医院,851564.SI
301246.SZ,301246,宏源药业,湖北,创业板,SZSE,20230320,医药生物,化学制药,原料药,851511.SI
301248.SZ,301248,杰创智能,广东,创业板,SZSE,20220420,计算机,IT服务Ⅱ,IT服务Ⅲ,852226.SI
301251.SZ,301251,威尔高,江西,创业板,SZSE,20230906,电子,元件,印制电路板,850822.SI
301255.SZ,301255,通力科技,浙江,创业板,SZSE,20221227,机械设备,通用设备,金属制品,850751.SI
301256.SZ,301256,华融化学,四川,创业板,SZSE,20220322,基础化工,化学原料,无机盐,850323.SI
301257.SZ,301257,普蕊斯,上海,创业板,SZSE,20220517,医药生物,医疗服务,医疗研发外包,851563.SI
301258.SZ,301258,富士莱,江苏,创业板,SZSE,20220329,医药生物,化学制药,原料药,851511.SI
301259.SZ,301259,艾布鲁,湖南,创业板,SZSE,20220426,环保,环境治理,综合环境治理,859714.SI
301260.SZ,301260,格力博,江苏,创业板,SZSE,20230208,机械设备,专用设备,农用机械,850723.SI
301261.SZ,301261,恒工精密,河北,创业板,SZSE,20230710,机械设备,通用设备,金属制品,850751.SI
301262.SZ,301262,海看股份,山东,创业板,SZSE,20230620,传媒,电视广播Ⅱ,电视广播Ⅲ,859951.SI
301266.SZ,301266,宇邦新材,江苏,创业板,SZSE,20220608,电力设备,光伏设备,光伏辅材,857354.SI
301267.SZ,301267,华厦眼科,福建,创业板,SZSE,20221107,医药生物,医疗服务,医院,851564.SI
000917.SZ,000917,电广传媒,湖南,主板,SZSE,19990325,传媒,电视广播Ⅱ,电视广播Ⅲ,859951.SI
001215.SZ,001215,千味央厨,河南,主板,SZSE,20210906,食品饮料,食品加工,预加工食品,851246.SI
002196.SZ,002196,方正电机,浙江,主板,SZSE,20071212,电力设备,电机Ⅱ,电机Ⅲ,850741.SI
002401.SZ,002401,中远海科,上海,主板,SZSE,20100506,计算机,IT服务Ⅱ,IT服务Ⅲ,852226.SI
002472.SZ,002472,双环传动,浙江,主板,SZSE,20100910,汽车,汽车零部件,底盘与发动机系统,850923.SI
301268.SZ,301268,铭利达,深圳,创业板,SZSE,20220407,机械设备,通用设备,金属制品,850751.SI
301269.SZ,301269,华大九天,北京,创业板,SZSE,20220729,计算机,软件开发,垂直应用软件,851041.SI
301270.SZ,301270,汉仪股份,北京,创业板,SZSE,20220831,计算机,软件开发,横向通用软件,851042.SI
301272.SZ,301272,英华特,江苏,创业板,SZSE,20230713,机械设备,通用设备,制冷空调设备,850715.SI
301273.SZ,301273,瑞晨环保,上海,创业板,SZSE,20221025,机械设备,通用设备,其他通用设备,850716.SI
301275.SZ,301275,汉朔科技,浙江,创业板,SZSE,20250311,电子,其他电子Ⅱ,其他电子Ⅲ,850841.SI
301276.SZ,301276,嘉曼服饰,北京,创业板,SZSE,20220909,纺织服饰,服装家纺,非运动服装,851329.SI
301277.SZ,301277,新天地,河南,创业板,SZSE,20221116,医药生物,化学制药,原料药,851511.SI
301278.SZ,301278,快可电子,江苏,创业板,SZSE,20220804,电力设备,光伏设备,光伏电池组件,857352.SI
301279.SZ,301279,金道科技,浙江,创业板,SZSE,20220413,机械设备,工程机械,工程机械器件,850772.SI
301280.SZ,301280,珠城科技,浙江,创业板,SZSE,20221226,家用电器,家电零部件Ⅱ,家电零部件Ⅲ,851161.SI
301287.SZ,301287,康力源,江苏,创业板,SZSE,20230614,轻工制造,文娱用品,娱乐用品,851452.SI
301289.SZ,301289,国缆检测,上海,创业板,SZSE,20220622,社会服务,专业服务,检测服务,852182.SI
301290.SZ,301290,东星医疗,江苏,创业板,SZSE,20221130,医药生物,医疗器械,医疗设备,851532.SI
301291.SZ,301291,明阳电气,广东,创业板,SZSE,20230630,电力设备,电网设备,配电设备,857382.SI
301292.SZ,301292,海科新源,山东,创业板,SZSE,20230707,电力设备,电池,电池化学品,857372.SI
301293.SZ,301293,三博脑科,北京,创业板,SZSE,20230505,医药生物,医疗服务,医院,851564.SI
301295.SZ,301295,美硕科技,浙江,创业板,SZSE,20230628,电力设备,电网设备,输变电设备,857381.SI
301296.SZ,301296,新巨丰,山东,创业板,SZSE,20220902,轻工制造,包装印刷,纸包装,851425.SI
301297.SZ,301297,富乐德,安徽,创业板,SZSE,20221230,电子,半导体,半导体设备,850818.SI
301298.SZ,301298,东利机械,河北,创业板,SZSE,20220606,汽车,汽车零部件,其他汽车零部件,850925.SI
301300.SZ,301300,远翔新材,福建,创业板,SZSE,20220819,基础化工,橡胶,炭黑,850363.SI
000716.SZ,000716,黑芝麻,广西,主板,SZSE,19970418,食品饮料,休闲食品,零食,851281.SI
000755.SZ,000755,山西高速,山西,主板,SZSE,19970627,交通运输,铁路公路,高速公路,851731.SI
002383.SZ,002383,合众思壮,北京,主板,SZSE,20100402,国防军工,军工电子Ⅱ,军工电子Ⅲ,857451.SI
301301.SZ,301301,川宁生物,新疆,创业板,SZSE,20221227,医药生物,化学制药,原料药,851511.SI
301302.SZ,301302,华如科技,北京,创业板,SZSE,20220623,国防军工,军工电子Ⅱ,军工电子Ⅲ,857451.SI
301303.SZ,301303,真兰仪表,上海,创业板,SZSE,20230220,机械设备,通用设备,仪器仪表,850731.SI
301305.SZ,301305,朗坤科技,深圳,创业板,SZSE,20230523,环保,环境治理,固废治理,859713.SI
301306.SZ,301306,西测测试,陕西,创业板,SZSE,20220726,国防军工,军工电子Ⅱ,军工电子Ⅲ,857451.SI
301307.SZ,301307,美利信,重庆,创业板,SZSE,20230424,机械设备,通用设备,金属制品,850751.SI
301308.SZ,301308,江波龙,深圳,创业板,SZSE,20220805,电子,半导体,数字芯片设计,850814.SI
301310.SZ,301310,鑫宏业,江苏,创业板,SZSE,20230602,汽车,汽车零部件,汽车电子电气系统,850926.SI
301311.SZ,301311,昆船智能,云南,创业板,SZSE,20221130,机械设备,通用设备,其他通用设备,850716.SI
301312.SZ,301312,智立方,深圳,创业板,SZSE,20220711,机械设备,自动化设备,其他自动化设备,850784.SI
301313.SZ,301313,凡拓数创,广东,创业板,SZSE,20220930,传媒,数字媒体,其他数字媒体,857676.SI
301314.SZ,301314,科瑞思,广东,创业板,SZSE,20230328,通信,通信设备,通信网络设备及器件,851024.SI
301315.SZ,301315,威士顿,上海,创业板,SZSE,20230621,计算机,软件开发,横向通用软件,851042.SI
301317.SZ,301317,鑫磊股份,浙江,创业板,SZSE,20230119,机械设备,通用设备,其他通用设备,850716.SI
301318.SZ,301318,维海德,深圳,创业板,SZSE,20220810,计算机,计算机设备,安防设备,850702.SI
301319.SZ,301319,唯特偶,深圳,创业板,SZSE,20220929,电子,电子化学品Ⅱ,电子化学品Ⅲ,850861.SI
301320.SZ,301320,豪江智能,山东,创业板,SZSE,20230609,机械设备,自动化设备,工控设备,850782.SI
301321.SZ,301321,翰博高新,安徽,创业板,SZSE,20220818,电子,光学光电子,面板,850831.SI
301322.SZ,301322,绿通科技,广东,创业板,SZSE,20230306,汽车,摩托车及其他,其他运输设备,858811.SI
301323.SZ,301323,新莱福,广东,创业板,SZSE,20230606,有色金属,金属新材料,磁性材料,850522.SI
301325.SZ,301325,曼恩斯特,深圳,创业板,SZSE,20230512,电力设备,电池,锂电专用设备,857373.SI
301326.SZ,301326,捷邦科技,广东,创业板,SZSE,20220921,电子,消费电子,消费电子零部件及组装,850854.SI
301327.SZ,301327,华宝新能,深圳,创业板,SZSE,20220919,电力设备,电池,锂电池,857371.SI
301328.SZ,301328,维峰电子,广东,创业板,SZSE,20220908,电子,其他电子Ⅱ,其他电子Ⅲ,850841.SI
301329.SZ,301329,信音电子,江苏,创业板,SZSE,20230717,电子,消费电子,消费电子零部件及组装,850854.SI
301331.SZ,301331,恩威医药,西藏,创业板,SZSE,20220921,医药生物,中药Ⅱ,中药Ⅲ,851521.SI
301332.SZ,301332,德尔玛,广东,创业板,SZSE,20230518,家用电器,小家电,清洁小家电,851132.SI
000002.SZ,000002,万科A,深圳,主板,SZSE,19910129,房地产,房地产开发,住宅开发,851811.SI
000507.SZ,000507,珠海港,广东,主板,SZSE,19930326,公用事业,电力,风力发电,851617.SI
000595.SZ,000595,新能股份,宁夏,主板,SZSE,19960419,公用事业,电力,风力发电,851617.SI
000610.SZ,000610,*ST西旅,陕西,主板,SZSE,19960926,社会服务,旅游及景区,旅游综合,852131.SI
000810.SZ,000810,创维数字,四川,主板,SZSE,19980602,家用电器,黑色家电,其他黑色家电,851122.SI
000831.SZ,000831,中国稀土,江西,主板,SZSE,19980911,有色金属,小金属,稀土,850541.SI
000900.SZ,000900,现代投资,湖南,主板,SZSE,19990128,交通运输,铁路公路,高速公路,851731.SI
000935.SZ,000935,四川双马,四川,主板,SZSE,19990824,非银金融,多元金融,资产管理,851927.SI
001233.SZ,001233,海安集团,福建,主板,SZSE,20251125,汽车,汽车零部件,轮胎轮毂,850924.SI
002290.SZ,002290,禾盛新材,江苏,主板,SZSE,20090903,家用电器,家电零部件Ⅱ,家电零部件Ⅲ,851161.SI
301333.SZ,301333,诺思格,北京,创业板,SZSE,20220802,医药生物,医疗服务,医疗研发外包,851563.SI
301335.SZ,301335,天元宠物,浙江,创业板,SZSE,20221118,轻工制造,文娱用品,娱乐用品,851452.SI
301336.SZ,301336,趣睡科技,四川,创业板,SZSE,20220812,轻工制造,家居用品,成品家居,851437.SI
301337.SZ,301337,亚华电子,山东,创业板,SZSE,20230526,计算机,软件开发,垂直应用软件,851041.SI
301345.SZ,301345,涛涛车业,浙江,创业板,SZSE,20230321,汽车,摩托车及其他,摩托车,858812.SI
301348.SZ,301348,蓝箭电子,广东,创业板,SZSE,20230810,电子,半导体,集成电路封测,850817.SI
301349.SZ,301349,信德新材,辽宁,创业板,SZSE,20220909,电力设备,电池,电池化学品,857372.SI
301353.SZ,301353,普莱得,浙江,创业板,SZSE,20230530,机械设备,通用设备,其他通用设备,850716.SI
301355.SZ,301355,南王科技,福建,创业板,SZSE,20230612,轻工制造,包装印刷,纸包装,851425.SI
301357.SZ,301357,北方长龙,陕西,创业板,SZSE,20230418,国防军工,地面兵装Ⅱ,地面兵装Ⅲ,857431.SI
301358.SZ,301358,湖南裕能,湖南,创业板,SZSE,20230209,电力设备,电池,电池化学品,857372.SI
301359.SZ,301359,东南电子,浙江,创业板,SZSE,20221109,电子,其他电子Ⅱ,其他电子Ⅲ,850841.SI
301360.SZ,301360,荣旗科技,江苏,创业板,SZSE,20230425,机械设备,通用设备,仪器仪表,850731.SI
301361.SZ,301361,众智科技,河南,创业板,SZSE,20221116,电力设备,电网设备,配电设备,857382.SI
000524.SZ,000524,岭南控股,广东,主板,SZSE,19931118,社会服务,旅游及景区,旅游综合,852131.SI
000612.SZ,000612,焦作万方,河南,主板,SZSE,19960926,有色金属,工业金属,铝,850551.SI
000717.SZ,000717,中南股份,广东,主板,SZSE,19970508,钢铁,普钢,长材,850441.SI
000731.SZ,000731,四川美丰,四川,主板,SZSE,19970617,基础化工,农化制品,氮肥,850331.SI
001216.SZ,001216,华瓷股份,湖南,主板,SZSE,20211019,轻工制造,家居用品,其他家居用品,851491.SI
002348.SZ,002348,高乐股份,广东,主板,SZSE,20100203,轻工制造,文娱用品,娱乐用品,851452.SI
002357.SZ,002357,富临运业,四川,主板,SZSE,20100210,交通运输,铁路公路,公交,851721.SI
301362.SZ,301362,民爆光电,深圳,创业板,SZSE,20230804,家用电器,照明设备Ⅱ,照明设备Ⅲ,851151.SI
301363.SZ,301363,美好医疗,深圳,创业板,SZSE,20221012,医药生物,医疗器械,医疗设备,851532.SI
301365.SZ,301365,矩阵股份,深圳,创业板,SZSE,20221122,建筑装饰,工程咨询服务Ⅱ,工程咨询服务Ⅲ,857261.SI
301366.SZ,301366,一博科技,深圳,创业板,SZSE,20220926,电子,元件,印制电路板,850822.SI
301367.SZ,301367,瑞迈特,北京,创业板,SZSE,20221101,医药生物,医疗器械,医疗设备,851532.SI
301368.SZ,301368,丰立智能,浙江,创业板,SZSE,20221215,机械设备,通用设备,金属制品,850751.SI
301369.SZ,301369,联动科技,广东,创业板,SZSE,20220922,电子,半导体,半导体设备,850818.SI
301370.SZ,301370,国科恒泰,北京,创业板,SZSE,20230712,医药生物,医疗器械,医疗耗材,851533.SI
301371.SZ,301371,敷尔佳,黑龙江,创业板,SZSE,20230801,美容护理,化妆品,品牌化妆品,859822.SI
301372.SZ,301372,科净源,北京,创业板,SZSE,20230811,环保,环境治理,水务及水治理,859712.SI
301373.SZ,301373,凌玮科技,广东,创业板,SZSE,20230208,基础化工,化学制品,其他化学制品,850339.SI
301376.SZ,301376,致欧科技,河南,创业板,SZSE,20230621,轻工制造,家居用品,成品家居,851437.SI
301380.SZ,301380,挖金客,北京,创业板,SZSE,20221025,通信,通信服务,通信应用增值服务,852214.SI
301381.SZ,301381,赛维时代,深圳,创业板,SZSE,20230712,商贸零售,互联网电商,跨境电商,852062.SI
301383.SZ,301383,天键股份,江西,创业板,SZSE,20230609,电子,消费电子,消费电子零部件及组装,850854.SI
301386.SZ,301386,未来电器,江苏,创业板,SZSE,20230329,电力设备,电网设备,配电设备,857382.SI
301387.SZ,301387,光大同创,深圳,创业板,SZSE,20230418,电子,消费电子,消费电子零部件及组装,850854.SI
301388.SZ,301388,欣灵电气,浙江,创业板,SZSE,20221109,电力设备,电网设备,配电设备,857382.SI
301389.SZ,301389,隆扬电子,江苏,创业板,SZSE,20221031,电子,消费电子,消费电子零部件及组装,850854.SI
301390.SZ,301390,经纬股份,浙江,创业板,SZSE,20230508,建筑装饰,工程咨询服务Ⅱ,工程咨询服务Ⅲ,857261.SI
000620.SZ,000620,盈新发展,北京,主板,SZSE,19961029,房地产,房地产开发,住宅开发,851811.SI
000936.SZ,000936,华西股份,江苏,主板,SZSE,19990810,基础化工,化学纤维,涤纶,850341.SI
000959.SZ,000959,首钢股份,北京,主板,SZSE,19991216,钢铁,普钢,板材,850442.SI
001266.SZ,001266,宏英智能,上海,主板,SZSE,20220228,机械设备,自动化设备,工控设备,850782.SI
002326.SZ,002326,永太科技,浙江,主板,SZSE,20091222,基础化工,化学制品,氟化工,850382.SI
301391.SZ,301391,卡莱特,深圳,创业板,SZSE,20221201,计算机,计算机设备,其他计算机设备,850703.SI
301392.SZ,301392,汇成真空,广东,创业板,SZSE,20240605,机械设备,专用设备,其他专用设备,850727.SI
301393.SZ,301393,昊帆生物,江苏,创业板,SZSE,20230712,医药生物,生物制品,其他生物制品,851524.SI
301395.SZ,301395,仁信新材,广东,创业板,SZSE,20230703,基础化工,塑料,合成树脂,850354.SI
301396.SZ,301396,宏景科技,广东,创业板,SZSE,20221111,计算机,IT服务Ⅱ,IT服务Ⅲ,852226.SI
301397.SZ,301397,溯联股份,重庆,创业板,SZSE,20230628,汽车,汽车零部件,底盘与发动机系统,850923.SI
301399.SZ,301399,英特科技,浙江,创业板,SZSE,20230523,机械设备,通用设备,制冷空调设备,850715.SI
301408.SZ,301408,华人健康,安徽,创业板,SZSE,20230301,医药生物,医药商业,线下药店,851543.SI
301418.SZ,301418,协昌科技,江苏,创业板,SZSE,20230821,机械设备,自动化设备,工控设备,850782.SI
301429.SZ,301429,森泰股份,安徽,创业板,SZSE,20230417,建筑材料,装修建材,其他建材,850614.SI
301439.SZ,301439,泓淋电力,山东,创业板,SZSE,20230317,电力设备,电网设备,线缆部件及其他,857344.SI
301458.SZ,301458,钧崴电子,广东,创业板,SZSE,20250110,电子,元件,被动元件,850823.SI
301468.SZ,301468,博盈特焊,广东,创业板,SZSE,20230724,机械设备,通用设备,其他通用设备,850716.SI
301469.SZ,301469,恒达新材,浙江,创业板,SZSE,20230822,轻工制造,造纸,特种纸,851413.SI
301479.SZ,301479,弘景光电,广东,创业板,SZSE,20250318,电子,光学光电子,光学元件,850833.SI
301486.SZ,301486,致尚科技,深圳,创业板,SZSE,20230707,电子,消费电子,消费电子零部件及组装,850854.SI
301487.SZ,301487,盟固利,天津,创业板,SZSE,20230809,电力设备,电池,电池化学品,857372.SI
301488.SZ,301488,豪恩汽电,深圳,创业板,SZSE,20230704,汽车,汽车零部件,汽车电子电气系统,850926.SI
301489.SZ,301489,思泉新材,广东,创业板,SZSE,20231024,电子,电子化学品Ⅱ,电子化学品Ⅲ,850861.SI
301491.SZ,301491,汉桑科技,江苏,创业板,SZSE,20250806,电子,消费电子,消费电子零部件及组装,850854.SI
301498.SZ,301498,乖宝宠物,山东,创业板,SZSE,20230816,农林牧渔,饲料,宠物食品,850144.SI
301499.SZ,301499,维科精密,上海,创业板,SZSE,20230721,汽车,汽车零部件,汽车电子电气系统,850926.SI
301500.SZ,301500,飞南资源,广东,创业板,SZSE,20230921,环保,环境治理,固废治理,859713.SI
301501.SZ,301501,恒鑫生活,安徽,创业板,SZSE,20250319,轻工制造,家居用品,其他家居用品,851491.SI
000036.SZ,000036,华联控股,深圳,主板,SZSE,19940617,房地产,房地产开发,住宅开发,851811.SI
000037.SZ,000037,深南电A,深圳,主板,SZSE,19940701,公用事业,电力,火力发电,851611.SI
001234.SZ,001234,泰慕士,江苏,主板,SZSE,20220111,纺织服饰,服装家纺,运动服装,851328.SI
002215.SZ,002215,诺普信,深圳,主板,SZSE,20080218,农林牧渔,种植业,其他种植业,850113.SI
002446.SZ,002446,盛路通信,广东,主板,SZSE,20100713,国防军工,军工电子Ⅱ,军工电子Ⅲ,857451.SI
002474.SZ,002474,榕基软件,福建,主板,SZSE,20100915,计算机,IT服务Ⅱ,IT服务Ⅲ,852226.SI
301503.SZ,301503,智迪科技,广东,创业板,SZSE,20230717,计算机,计算机设备,其他计算机设备,850703.SI
301505.SZ,301505,苏州规划,江苏,创业板,SZSE,20230719,建筑装饰,工程咨询服务Ⅱ,工程咨询服务Ⅲ,857261.SI
301507.SZ,301507,民生健康,浙江,创业板,SZSE,20230905,医药生物,化学制药,化学制剂,851512.SI
301508.SZ,301508,中机认检,北京,创业板,SZSE,20231201,社会服务,专业服务,检测服务,852182.SI
301509.SZ,301509,金凯生科,辽宁,创业板,SZSE,20230803,医药生物,医疗服务,医疗研发外包,851563.SI
301510.SZ,301510,固高科技,深圳,创业板,SZSE,20230815,机械设备,自动化设备,工控设备,850782.SI
301511.SZ,301511,德福科技,江西,创业板,SZSE,20230817,电力设备,电池,锂电池,857371.SI
301512.SZ,301512,智信精密,深圳,创业板,SZSE,20230720,机械设备,自动化设备,其他自动化设备,850784.SI
301516.SZ,301516,中远通,深圳,创业板,SZSE,20231208,电力设备,其他电源设备Ⅱ,其他电源设备Ⅲ,857336.SI
301517.SZ,301517,陕西华达,陕西,创业板,SZSE,20231017,国防军工,军工电子Ⅱ,军工电子Ⅲ,857451.SI
301518.SZ,301518,长华化学,江苏,创业板,SZSE,20230803,基础化工,化学制品,其他化学制品,850339.SI
301520.SZ,301520,万邦医药,安徽,创业板,SZSE,20230925,医药生物,医疗服务,医疗研发外包,851563.SI
301522.SZ,301522,上大股份,河北,创业板,SZSE,20241016,有色金属,金属新材料,其他金属新材料,850521.SI
301525.SZ,301525,儒竞科技,上海,创业板,SZSE,20230830,机械设备,通用设备,制冷空调设备,850715.SI
301526.SZ,301526,国际复材,重庆,创业板,SZSE,20231226,建筑材料,玻璃玻纤,玻纤制造,857122.SI
301528.SZ,301528,多浦乐,广东,创业板,SZSE,20230828,机械设备,通用设备,仪器仪表,850731.SI
301538.SZ,301538,骏鼎达,深圳,创业板,SZSE,20240320,基础化工,塑料,改性塑料,850353.SI
301539.SZ,301539,宏鑫科技,浙江,创业板,SZSE,20240415,汽车,汽车零部件,轮胎轮毂,850924.SI
301548.SZ,301548,崇德科技,湖南,创业板,SZSE,20230920,机械设备,通用设备,金属制品,850751.SI
301550.SZ,301550,斯菱智驱,浙江,创业板,SZSE,20230915,汽车,汽车零部件,底盘与发动机系统,850923.SI
301551.SZ,301551,无线传媒,河北,创业板,SZSE,20240926,传媒,电视广播Ⅱ,电视广播Ⅲ,859951.SI
000088.SZ,000088,盐田港,深圳,主板,SZSE,19970728,交通运输,航运港口,港口,851711.SI
000410.SZ,000410,沈阳机床,辽宁,主板,SZSE,19960718,机械设备,通用设备,机床工具,850711.SI
000421.SZ,000421,南京公用,江苏,主板,SZSE,19960806,综合,综合Ⅱ,综合Ⅲ,852311.SI
000554.SZ,000554,泰山石油,山东,主板,SZSE,19931215,石油石化,炼化及贸易,油品石化贸易,859632.SI
000698.SZ,000698,ST沈化,辽宁,主板,SZSE,19970220,石油石化,炼化及贸易,炼油化工,859631.SI
000756.SZ,000756,新华制药,山东,主板,SZSE,19970806,医药生物,化学制药,原料药,851511.SI
000878.SZ,000878,云南铜业,云南,主板,SZSE,19980602,有色金属,工业金属,铜,850552.SI
002216.SZ,002216,三全食品,河南,主板,SZSE,20080220,食品饮料,食品加工,预加工食品,851246.SI
002274.SZ,002274,华昌化工,江苏,主板,SZSE,20080925,基础化工,化学原料,煤化工,850325.SI
002418.SZ,002418,康盛股份,浙江,主板,SZSE,20100601,家用电器,家电零部件Ⅱ,家电零部件Ⅲ,851161.SI
301552.SZ,301552,科力装备,河北,创业板,SZSE,20240722,汽车,汽车零部件,车身附件及饰件,850922.SI
301555.SZ,301555,惠柏新材,上海,创业板,SZSE,20231031,基础化工,塑料,合成树脂,850354.SI
301556.SZ,301556,托普云农,浙江,创业板,SZSE,20241017,计算机,IT服务Ⅱ,IT服务Ⅲ,852226.SI
301557.SZ,301557,常友科技,江苏,创业板,SZSE,20250304,电力设备,风电设备,风电零部件,857362.SI
301558.SZ,301558,三态股份,深圳,创业板,SZSE,20230928,商贸零售,互联网电商,跨境电商,852062.SI
301559.SZ,301559,中集环科,江苏,创业板,SZSE,20231011,机械设备,通用设备,金属制品,850751.SI
301560.SZ,301560,众捷汽车,江苏,创业板,SZSE,20250425,汽车,汽车零部件,底盘与发动机系统,850923.SI
301563.SZ,301563,云汉芯城,上海,创业板,SZSE,20250930,电子,其他电子Ⅱ,其他电子Ⅲ,850841.SI
301565.SZ,301565,中仑新材,福建,创业板,SZSE,20240620,基础化工,塑料,膜材料,850355.SI
301566.SZ,301566,达利凯普,辽宁,创业板,SZSE,20231229,电子,元件,被动元件,850823.SI
301567.SZ,301567,贝隆精密,浙江,创业板,SZSE,20240116,电子,消费电子,消费电子零部件及组装,850854.SI
301568.SZ,301568,思泰克,福建,创业板,SZSE,20231128,机械设备,自动化设备,其他自动化设备,850784.SI
301571.SZ,301571,国科天成,北京,创业板,SZSE,20240821,国防军工,军工电子Ⅱ,军工电子Ⅲ,857451.SI
000039.SZ,000039,中集集团,深圳,主板,SZSE,19940408,机械设备,通用设备,金属制品,850751.SI
002385.SZ,002385,大北农,北京,主板,SZSE,20100409,农林牧渔,饲料,畜禽饲料,850142.SI
301575.SZ,301575,艾芬达,江西,创业板,SZSE,20250910,轻工制造,家居用品,卫浴制品,851439.SI
301577.SZ,301577,美信科技,广东,创业板,SZSE,20240124,通信,通信设备,通信网络设备及器件,851024.SI
301580.SZ,301580,爱迪特,河北,创业板,SZSE,20240626,医药生物,医疗器械,医疗耗材,851533.SI
301584.SZ,301584,建发致新,上海,创业板,SZSE,20250925,医药生物,医药商业,医药流通,851542.SI
301585.SZ,301585,蓝宇股份,浙江,创业板,SZSE,20241220,基础化工,化学制品,纺织化学制品,850338.SI
301586.SZ,301586,佳力奇,安徽,创业板,SZSE,20240828,国防军工,航空装备Ⅱ,航空装备Ⅲ,857421.SI
301587.SZ,301587,中瑞股份,江苏,创业板,SZSE,20240408,电力设备,电池,锂电池,857371.SI
301589.SZ,301589,诺瓦星云,陕西,创业板,SZSE,20240208,计算机,计算机设备,其他计算机设备,850703.SI
301590.SZ,301590,优优绿能,深圳,创业板,SZSE,20250605,电力设备,其他电源设备Ⅱ,其他电源设备Ⅲ,857336.SI
301591.SZ,301591,肯特股份,江苏,创业板,SZSE,20240228,基础化工,塑料,其他塑料制品,850351.SI
301592.SZ,301592,六九一二,四川,创业板,SZSE,20241024,国防军工,军工电子Ⅱ,军工电子Ⅲ,857451.SI
301595.SZ,301595,太力科技,广东,创业板,SZSE,20250519,轻工制造,家居用品,其他家居用品,851491.SI
301602.SZ,301602,超研股份,广东,创业板,SZSE,20250122,医药生物,医疗器械,医疗设备,851532.SI
301606.SZ,301606,绿联科技,深圳,创业板,SZSE,20240726,电子,消费电子,品牌消费电子,850853.SI
301607.SZ,301607,富特科技,浙江,创业板,SZSE,20240904,汽车,汽车零部件,汽车电子电气系统,850926.SI
301608.SZ,301608,博实结,深圳,创业板,SZSE,20240801,计算机,计算机设备,其他计算机设备,850703.SI
301609.SZ,301609,山大电力,山东,创业板,SZSE,20250723,电力设备,电网设备,电网自动化设备,857321.SI
301613.SZ,301613,新铝时代,重庆,创业板,SZSE,20241025,汽车,汽车零部件,其他汽车零部件,850925.SI
301616.SZ,301616,浙江华业,浙江,创业板,SZSE,20250327,机械设备,通用设备,其他通用设备,850716.SI
301617.SZ,301617,博苑新材,山东,创业板,SZSE,20241211,基础化工,化学制品,其他化学制品,850339.SI
301618.SZ,301618,长联科技,广东,创业板,SZSE,20240930,基础化工,化学制品,纺织化学制品,850338.SI
301622.SZ,301622,英思特,内蒙,创业板,SZSE,20241204,有色金属,金属新材料,磁性材料,850522.SI
301626.SZ,301626,苏州天脉,江苏,创业板,SZSE,20241024,电子,消费电子,消费电子零部件及组装,850854.SI
301628.SZ,301628,强达电路,深圳,创业板,SZSE,20241031,电子,元件,印制电路板,850822.SI
301629.SZ,301629,矽电股份,深圳,创业板,SZSE,20250324,电子,半导体,半导体设备,850818.SI
301630.SZ,301630,同宇新材,广东,创业板,SZSE,20250710,电子,电子化学品Ⅱ,电子化学品Ⅲ,850861.SI
301631.SZ,301631,壹连科技,深圳,创业板,SZSE,20241122,汽车,汽车零部件,汽车电子电气系统,850926.SI
301632.SZ,301632,广东建科,广东,创业板,SZSE,20250812,社会服务,专业服务,检测服务,852182.SI
301633.SZ,301633,港迪技术,湖北,创业板,SZSE,20241107,机械设备,自动化设备,工控设备,850782.SI
000157.SZ,000157,中联重科,湖南,主板,SZSE,20001012,机械设备,工程机械,工程机械整机,850771.SI
000509.SZ,000509,华塑控股,四川,主板,SZSE,19930507,电子,光学光电子,面板,850831.SI
000700.SZ,000700,模塑科技,江苏,主板,SZSE,19970228,汽车,汽车零部件,车身附件及饰件,850922.SI
000719.SZ,000719,中原传媒,河南,主板,SZSE,19970331,传媒,出版,大众出版,857692.SI
000786.SZ,000786,北新建材,北京,主板,SZSE,19970606,建筑材料,装修建材,其他建材,850614.SI
301636.SZ,301636,泽润新能,江苏,创业板,SZSE,20250516,电力设备,光伏设备,光伏电池组件,857352.SI
301638.SZ,301638,南网数字,广东,创业板,SZSE,20251118,计算机,IT服务Ⅱ,IT服务Ⅲ,852226.SI
301656.SZ,301656,联合动力,江苏,创业板,SZSE,20250925,汽车,汽车零部件,汽车电子电气系统,850926.SI
301658.SZ,301658,首航新能,深圳,创业板,SZSE,20250402,电力设备,光伏设备,逆变器,857353.SI
301662.SZ,301662,宏工科技,广东,创业板,SZSE,20250417,电力设备,电池,锂电专用设备,857373.SI
301665.SZ,301665,泰禾股份,江苏,创业板,SZSE,20250411,基础化工,农化制品,农药,850333.SI
301667.SZ,301667,纳百川,浙江,创业板,SZSE,20251223,汽车,汽车零部件,底盘与发动机系统,850923.SI
301668.SZ,301668,昊创瑞通,北京,创业板,SZSE,20250926,电力设备,电网设备,配电设备,857382.SI
301678.SZ,301678,新恒汇,山东,创业板,SZSE,20250620,电子,半导体,半导体材料,850813.SI
301687.SZ,301687,新广益,江苏,创业板,SZSE,20251231,基础化工,塑料,膜材料,850355.SI
302132.SZ,302132,中航成飞,陕西,创业板,SZSE,20100827,国防军工,航空装备Ⅱ,航空装备Ⅲ,857421.SI
600000.SH,600000,浦发银行,上海,主板,SSE,19991110,银行,股份制银行Ⅱ,股份制银行Ⅲ,857831.SI
600004.SH,600004,白云机场,广东,主板,SSE,20030428,交通运输,航空机场,机场,851751.SI
600006.SH,600006,东风股份,湖北,主板,SSE,19990727,汽车,商用车,商用载货车,850912.SI
600008.SH,600008,首创环保,北京,主板,SSE,20000427,环保,环境治理,水务及水治理,859712.SI
600009.SH,600009,上海机场,上海,主板,SSE,19980218,交通运输,航空机场,机场,851751.SI
600010.SH,600010,包钢股份,内蒙,主板,SSE,20010309,钢铁,普钢,板材,850442.SI
600011.SH,600011,华能国际,北京,主板,SSE,20011206,公用事业,电力,火力发电,851611.SI
600012.SH,600012,皖通高速,安徽,主板,SSE,20030107,交通运输,铁路公路,高速公路,851731.SI
600015.SH,600015,华夏银行,北京,主板,SSE,20030912,银行,股份制银行Ⅱ,股份制银行Ⅲ,857831.SI
600016.SH,600016,民生银行,北京,主板,SSE,20001219,银行,股份制银行Ⅱ,股份制银行Ⅲ,857831.SI
600017.SH,600017,日照港,山东,主板,SSE,20061017,交通运输,航运港口,港口,851711.SI
600018.SH,600018,上港集团,上海,主板,SSE,20061026,交通运输,航运港口,港口,851711.SI
000089.SZ,000089,深圳机场,深圳,主板,SZSE,19980420,交通运输,航空机场,机场,851751.SI
000422.SZ,000422,湖北宜化,湖北,主板,SZSE,19960815,基础化工,农化制品,氮肥,850331.SI
000510.SZ,000510,新金路,四川,主板,SZSE,19930507,基础化工,化学原料,氯碱,850322.SI
000537.SZ,000537,绿发电力,天津,主板,SZSE,19931210,公用事业,电力,风力发电,851617.SI
000596.SZ,000596,古井贡酒,安徽,主板,SZSE,19960927,食品饮料,白酒Ⅱ,白酒Ⅲ,851251.SI
000757.SZ,000757,浩物股份,四川,主板,SZSE,19970627,汽车,汽车服务,汽车综合服务,850233.SI
000818.SZ,000818,航锦科技,辽宁,主板,SZSE,19971017,基础化工,化学原料,氯碱,850322.SI
000960.SZ,000960,锡业股份,云南,主板,SZSE,20000221,有色金属,小金属,其他小金属,850544.SI
002236.SZ,002236,大华股份,浙江,主板,SZSE,20080520,计算机,计算机设备,安防设备,850702.SI
002293.SZ,002293,罗莱生活,江苏,主板,SZSE,20090910,纺织服饰,服装家纺,家纺,851326.SI
600020.SH,600020,中原高速,河南,主板,SSE,20030808,交通运输,铁路公路,高速公路,851731.SI
600021.SH,600021,上海电力,上海,主板,SSE,20031029,公用事业,电力,火力发电,851611.SI
600022.SH,600022,山东钢铁,山东,主板,SSE,20040629,钢铁,普钢,板材,850442.SI
600023.SH,600023,浙能电力,浙江,主板,SSE,20131219,公用事业,电力,火力发电,851611.SI
600025.SH,600025,华能水电,云南,主板,SSE,20171215,公用事业,电力,水力发电,851612.SI
600026.SH,600026,中远海能,上海,主板,SSE,20020523,交通运输,航运港口,航运,851761.SI
600027.SH,600027,华电国际,山东,主板,SSE,20050203,公用事业,电力,火力发电,851611.SI
600028.SH,600028,中国石化,北京,主板,SSE,20010808,石油石化,炼化及贸易,炼油化工,859631.SI
600029.SH,600029,南方航空,广东,主板,SSE,20030725,交通运输,航空机场,航空运输,851741.SI
600030.SH,600030,中信证券,深圳,主板,SSE,20030106,非银金融,证券Ⅱ,证券Ⅲ,851931.SI
600031.SH,600031,三一重工,北京,主板,SSE,20030703,机械设备,工程机械,工程机械整机,850771.SI
600032.SH,600032,浙江新能,浙江,主板,SSE,20210525,公用事业,电力,光伏发电,851616.SI
000042.SZ,000042,中洲控股,深圳,主板,SZSE,19940921,房地产,房地产开发,住宅开发,851811.SI
000597.SZ,000597,东北制药,辽宁,主板,SZSE,19960523,医药生物,化学制药,化学制剂,851512.SI
000998.SZ,000998,隆平高科,湖南,主板,SZSE,20001211,农林牧渔,种植业,种子,850111.SI
002449.SZ,002449,国星光电,广东,主板,SZSE,20100716,电子,光学光电子,LED,850832.SI
600033.SH,600033,福建高速,福建,主板,SSE,20010209,交通运输,铁路公路,高速公路,851731.SI
600035.SH,600035,楚天高速,湖北,主板,SSE,20040310,交通运输,铁路公路,高速公路,851731.SI
600036.SH,600036,招商银行,深圳,主板,SSE,20020409,银行,股份制银行Ⅱ,股份制银行Ⅲ,857831.SI
600037.SH,600037,歌华有线,北京,主板,SSE,20010208,传媒,电视广播Ⅱ,电视广播Ⅲ,859951.SI
600038.SH,600038,中直股份,黑龙江,主板,SSE,20001218,国防军工,航空装备Ⅱ,航空装备Ⅲ,857421.SI
600039.SH,600039,四川路桥,四川,主板,SSE,20030325,建筑装饰,基础建设,基建市政工程,857236.SI
600048.SH,600048,保利发展,广东,主板,SSE,20060731,房地产,房地产开发,住宅开发,851811.SI
600050.SH,600050,中国联通,北京,主板,SSE,20021009,通信,通信服务,电信运营商,852212.SI
600051.SH,600051,宁波联合,浙江,主板,SSE,19970410,综合,综合Ⅱ,综合Ⅲ,852311.SI
600052.SH,600052,东望时代,浙江,主板,SSE,19970415,公用事业,电力,热力服务,851614.SI
600053.SH,600053,*ST九鼎,江西,主板,SSE,19970418,非银金融,多元金融,资产管理,851927.SI
600054.SH,600054,黄山旅游,安徽,主板,SSE,19970506,社会服务,旅游及景区,自然景区,852112.SI
600055.SH,600055,万东医疗,北京,主板,SSE,19970519,医药生物,医疗器械,医疗设备,851532.SI
600056.SH,600056,中国医药,北京,主板,SSE,19970515,医药生物,医药商业,医药流通,851542.SI
600057.SH,600057,厦门象屿,福建,主板,SSE,19970604,交通运输,物流,原材料供应链服务,851782.SI
600058.SH,600058,五矿发展,北京,主板,SSE,19970528,商贸零售,贸易Ⅱ,贸易Ⅲ,852021.SI
600060.SH,600060,海信视像,山东,主板,SSE,19970422,家用电器,黑色家电,彩电,851121.SI
600064.SH,600064,南京高科,江苏,主板,SSE,19970506,房地产,房地产开发,住宅开发,851811.SI
600066.SH,600066,宇通客车,河南,主板,SSE,19970508,汽车,商用车,商用载客车,850913.SI
600071.SH,600071,凤凰光学,江西,主板,SSE,19970528,电子,光学光电子,光学元件,850833.SI
600072.SH,600072,中船科技,上海,主板,SSE,19970603,电力设备,风电设备,风电零部件,857362.SI
600078.SH,600078,澄星股份,江苏,主板,SSE,19970627,基础化工,农化制品,磷肥及磷化工,850332.SI
600079.SH,600079,ST人福,湖北,主板,SSE,19970606,医药生物,化学制药,化学制剂,851512.SI
600081.SH,600081,东风科技,上海,主板,SSE,19970703,汽车,汽车零部件,车身附件及饰件,850922.SI
000158.SZ,000158,常山北明,河北,主板,SZSE,20000724,计算机,IT服务Ⅱ,IT服务Ⅲ,852226.SI
000615.SZ,000615,*ST美谷,湖北,主板,SZSE,19961016,美容护理,医疗美容,医美服务,859832.SI
002198.SZ,002198,ST嘉应,广东,主板,SZSE,20071218,医药生物,中药Ⅱ,中药Ⅲ,851521.SI
002256.SZ,002256,兆新股份,深圳,主板,SZSE,20080625,公用事业,电力,光伏发电,851616.SI
002294.SZ,002294,信立泰,深圳,主板,SZSE,20090910,医药生物,化学制药,化学制剂,851512.SI
002309.SZ,002309,中利集团,江苏,主板,SZSE,20091127,电力设备,电网设备,线缆部件及其他,857344.SI
002358.SZ,002358,森源电气,河南,主板,SZSE,20100210,电力设备,电网设备,输变电设备,857381.SI
002451.SZ,002451,摩恩电气,上海,主板,SZSE,20100720,电力设备,电网设备,线缆部件及其他,857344.SI
002475.SZ,002475,立讯精密,深圳,主板,SZSE,20100915,电子,消费电子,消费电子零部件及组装,850854.SI
600082.SH,600082,ST海泰,天津,主板,SSE,19970620,房地产,房地产开发,产业地产,851813.SI
600084.SH,600084,*ST尼雅,新疆,主板,SSE,19970711,食品饮料,非白酒,其他酒类,851233.SI
600085.SH,600085,同仁堂,北京,主板,SSE,19970625,医药生物,中药Ⅱ,中药Ⅲ,851521.SI
600089.SH,600089,特变电工,新疆,主板,SSE,19970618,电力设备,电网设备,输变电设备,857381.SI
600094.SH,600094,大名城,上海,主板,SSE,19970703,房地产,房地产开发,住宅开发,851811.SI
600095.SH,600095,湘财股份,黑龙江,主板,SSE,19970708,非银金融,证券Ⅱ,证券Ⅲ,851931.SI
600096.SH,600096,云天化,云南,主板,SSE,19970709,基础化工,农化制品,磷肥及磷化工,850332.SI
600097.SH,600097,开创国际,上海,主板,SSE,19970619,农林牧渔,渔业,海洋捕捞,850121.SI
600098.SH,600098,广州发展,广东,主板,SSE,19970718,公用事业,电力,火力发电,851611.SI
600099.SH,600099,林海股份,江苏,主板,SSE,19970704,汽车,摩托车及其他,其他运输设备,858811.SI
600104.SH,600104,上汽集团,上海,主板,SSE,19971125,汽车,乘用车,综合乘用车,850952.SI
600105.SH,600105,永鼎股份,江苏,主板,SSE,19970929,通信,通信设备,通信线缆及配套,851025.SI
600106.SH,600106,重庆路桥,重庆,主板,SSE,19970618,交通运输,铁路公路,高速公路,851731.SI
600108.SH,600108,亚盛集团,甘肃,主板,SSE,19970818,农林牧渔,种植业,其他种植业,850113.SI
600109.SH,600109,国金证券,四川,主板,SSE,19970807,非银金融,证券Ⅱ,证券Ⅲ,851931.SI
600110.SH,600110,诺德股份,吉林,主板,SSE,19971007,电力设备,电池,锂电池,857371.SI
000159.SZ,000159,国际实业,新疆,主板,SZSE,20000926,电力设备,光伏设备,光伏辅材,857354.SI
000920.SZ,000920,沃顿科技,贵州,主板,SZSE,19990616,基础化工,塑料,膜材料,850355.SI
002116.SZ,002116,中国海诚,上海,主板,SZSE,20070215,建筑装饰,专业工程,其他专业工程,857244.SI
002117.SZ,002117,东港股份,山东,主板,SZSE,20070302,轻工制造,包装印刷,印刷,851422.SI
002119.SZ,002119,康强电子,浙江,主板,SZSE,20070302,电子,半导体,半导体材料,850813.SI
002120.SZ,002120,韵达股份,浙江,主板,SZSE,20070306,交通运输,物流,快递,851784.SI
002217.SZ,002217,ST合力泰,福建,主板,SZSE,20080220,电子,光学光电子,面板,850831.SI
002237.SZ,002237,恒邦股份,山东,主板,SZSE,20080520,有色金属,贵金属,黄金,850531.SI
002320.SZ,002320,海峡股份,海南,主板,SZSE,20091216,交通运输,航运港口,航运,851761.SI
002402.SZ,002402,和而泰,深圳,主板,SZSE,20100511,电子,消费电子,消费电子零部件及组装,850854.SI
600111.SH,600111,北方稀土,内蒙,主板,SSE,19970924,有色金属,小金属,稀土,850541.SI
600113.SH,600113,浙江东日,浙江,主板,SSE,19971021,商贸零售,一般零售,商业物业经营,852034.SI
600114.SH,600114,东睦股份,浙江,主板,SSE,20040511,机械设备,通用设备,金属制品,850751.SI
600117.SH,600117,西宁特钢,青海,主板,SSE,19971015,钢铁,特钢Ⅱ,特钢Ⅲ,850401.SI
600118.SH,600118,中国卫星,北京,主板,SSE,19970908,国防军工,航天装备Ⅱ,航天装备Ⅲ,857411.SI
600119.SH,600119,*ST长投,上海,主板,SSE,19980115,交通运输,物流,跨境物流,851785.SI
600120.SH,600120,浙江东方,浙江,主板,SSE,19971201,非银金融,多元金融,金融控股,851922.SI
600121.SH,600121,郑州煤电,河南,主板,SSE,19980107,煤炭,煤炭开采,动力煤,859511.SI
600123.SH,600123,兰花科创,山西,主板,SSE,19981217,煤炭,煤炭开采,焦煤,859512.SI
600125.SH,600125,铁龙物流,辽宁,主板,SSE,19980511,交通运输,铁路公路,铁路运输,851771.SI
600127.SH,600127,金健米业,湖南,主板,SSE,19980506,农林牧渔,农产品加工,粮油加工,850152.SI
600129.SH,600129,太极集团,重庆,主板,SSE,19971118,医药生物,中药Ⅱ,中药Ⅲ,851521.SI
600130.SH,600130,波导股份,浙江,主板,SSE,20000706,电子,消费电子,消费电子零部件及组装,850854.SI
002122.SZ,002122,ST汇洲,浙江,主板,SZSE,20070328,机械设备,通用设备,机床工具,850711.SI
002123.SZ,002123,梦网科技,辽宁,主板,SZSE,20070328,通信,通信服务,通信应用增值服务,852214.SI
002124.SZ,002124,天邦食品,浙江,主板,SZSE,20070403,农林牧渔,养殖业,生猪养殖,850172.SI
002125.SZ,002125,湘潭电化,湖南,主板,SZSE,20070403,电力设备,电池,电池化学品,857372.SI
002300.SZ,002300,太阳电缆,福建,主板,SZSE,20091021,电力设备,电网设备,线缆部件及其他,857344.SI
600131.SH,600131,国网信通,四川,主板,SSE,19980402,计算机,IT服务Ⅱ,IT服务Ⅲ,852226.SI
600132.SH,600132,重庆啤酒,重庆,主板,SSE,19971030,食品饮料,非白酒,啤酒,851232.SI
600133.SH,600133,东湖高新,湖北,主板,SSE,19980212,环保,环境治理,综合环境治理,859714.SI
600135.SH,600135,乐凯胶片,河北,主板,SSE,19980122,基础化工,塑料,膜材料,850355.SI
600138.SH,600138,中青旅,北京,主板,SSE,19971203,社会服务,旅游及景区,人工景区,852111.SI
600141.SH,600141,兴发集团,湖北,主板,SSE,19990616,基础化工,农化制品,磷肥及磷化工,850332.SI
600149.SH,600149,廊坊发展,河北,主板,SSE,19991014,公用事业,电力,热力服务,851614.SI
600150.SH,600150,中国船舶,上海,主板,SSE,19980520,国防军工,航海装备Ⅱ,航海装备Ⅲ,850935.SI
600151.SH,600151,航天机电,上海,主板,SSE,19980605,汽车,汽车零部件,底盘与发动机系统,850923.SI
600152.SH,600152,维科技术,浙江,主板,SSE,19980609,电力设备,电池,锂电池,857371.SI
600153.SH,600153,建发股份,福建,主板,SSE,19980616,交通运输,物流,原材料供应链服务,851782.SI
600155.SH,600155,华创云信,北京,主板,SSE,19980918,非银金融,证券Ⅱ,证券Ⅲ,851931.SI
600156.SH,600156,华升股份,湖南,主板,SSE,19980527,纺织服饰,纺织制造,其他纺织,851316.SI
600157.SH,600157,永泰能源,山西,主板,SSE,19980513,公用事业,电力,电能综合服务,851610.SI
600158.SH,600158,中体产业,天津,主板,SSE,19980327,社会服务,体育Ⅱ,体育Ⅲ,852161.SI
600159.SH,600159,大龙地产,北京,主板,SSE,19980526,房地产,房地产开发,住宅开发,851811.SI
600160.SH,600160,巨化股份,浙江,主板,SSE,19980626,基础化工,化学制品,氟化工,850382.SI
600161.SH,600161,天坛生物,北京,主板,SSE,19980616,医药生物,生物制品,血液制品,851522.SI
600163.SH,600163,中闽能源,福建,主板,SSE,19980602,公用事业,电力,风力发电,851617.SI
600165.SH,600165,ST宁科,宁夏,主板,SSE,19980529,基础化工,化学制品,其他化学制品,850339.SI
600166.SH,600166,福田汽车,北京,主板,SSE,19980602,汽车,商用车,商用载货车,850912.SI
600167.SH,600167,联美控股,辽宁,主板,SSE,19990128,公用事业,电力,热力服务,851614.SI
000045.SZ,000045,深纺织A,深圳,主板,SZSE,19940815,电子,光学光电子,面板,850831.SI
000090.SZ,000090,天健集团,深圳,主板,SZSE,19990721,房地产,房地产开发,住宅开发,851811.SI
000570.SZ,000570,苏常柴A,江苏,主板,SZSE,19940701,汽车,汽车零部件,底盘与发动机系统,850923.SI
001236.SZ,001236,弘业期货,江苏,主板,SZSE,20220805,非银金融,多元金融,期货,851923.SI
002126.SZ,002126,银轮股份,浙江,主板,SZSE,20070418,汽车,汽车零部件,底盘与发动机系统,850923.SI
002128.SZ,002128,电投能源,内蒙,主板,SZSE,20070418,煤炭,煤炭开采,动力煤,859511.SI
002129.SZ,002129,TCL中环,天津,主板,SZSE,20070420,电力设备,光伏设备,硅料硅片,857351.SI
002130.SZ,002130,沃尔核材,深圳,主板,SZSE,20070420,电子,其他电子Ⅱ,其他电子Ⅲ,850841.SI
002132.SZ,002132,恒星科技,河南,主板,SZSE,20070427,机械设备,通用设备,金属制品,850751.SI
002134.SZ,002134,天津普林,天津,主板,SZSE,20070516,电子,元件,印制电路板,850822.SI
002135.SZ,002135,东南网架,浙江,主板,SZSE,20070530,建筑装饰,专业工程,钢结构,857241.SI
002136.SZ,002136,安纳达,安徽,主板,SZSE,20070530,基础化工,化学原料,钛白粉,850326.SI
002137.SZ,002137,实益达,深圳,主板,SZSE,20070613,电子,光学光电子,LED,850832.SI
002238.SZ,002238,天威视讯,深圳,主板,SZSE,20080526,传媒,电视广播Ⅱ,电视广播Ⅲ,859951.SI
002258.SZ,002258,利尔化学,四川,主板,SZSE,20080708,基础化工,农化制品,农药,850333.SI
600168.SH,600168,武汉控股,湖北,主板,SSE,19980427,环保,环境治理,水务及水治理,859712.SI
600169.SH,600169,ST太重,山西,主板,SSE,19980904,机械设备,专用设备,能源及重型设备,850725.SI
000538.SZ,000538,云南白药,云南,主板,SZSE,19931215,医药生物,中药Ⅱ,中药Ⅲ,851521.SI
000617.SZ,000617,中油资本,新疆,主板,SZSE,19961022,非银金融,多元金融,金融控股,851922.SI
000665.SZ,000665,湖北广电,湖北,主板,SZSE,19961210,传媒,电视广播Ⅱ,电视广播Ⅲ,859951.SI
000977.SZ,000977,浪潮信息,山东,主板,SZSE,20000608,计算机,计算机设备,其他计算机设备,850703.SI
002138.SZ,002138,顺络电子,深圳,主板,SZSE,20070613,电子,元件,被动元件,850823.SI
002140.SZ,002140,东华科技,安徽,主板,SZSE,20070712,建筑装饰,专业工程,化学工程,857242.SI
002276.SZ,002276,万马股份,浙江,主板,SZSE,20090710,电力设备,电网设备,线缆部件及其他,857344.SI
002361.SZ,002361,神剑股份,安徽,主板,SZSE,20100303,基础化工,塑料,合成树脂,850354.SI
002386.SZ,002386,天原股份,四川,主板,SZSE,20100409,基础化工,化学原料,氯碱,850322.SI
002404.SZ,002404,嘉欣丝绸,浙江,主板,SZSE,20100511,纺织服饰,服装家纺,非运动服装,851329.SI
600170.SH,600170,上海建工,上海,主板,SSE,19980623,建筑装饰,房屋建设Ⅱ,房屋建设Ⅲ,850623.SI
600171.SH,600171,上海贝岭,上海,主板,SSE,19980924,电子,半导体,模拟芯片设计,850815.SI
600173.SH,600173,卧龙新能,浙江,主板,SSE,19990415,房地产,房地产开发,住宅开发,851811.SI
600176.SH,600176,中国巨石,浙江,主板,SSE,19990422,建筑材料,玻璃玻纤,玻纤制造,857122.SI
600177.SH,600177,雅戈尔,浙江,主板,SSE,19981119,纺织服饰,服装家纺,非运动服装,851329.SI
600178.SH,600178,东安动力,黑龙江,主板,SSE,19981014,汽车,汽车零部件,底盘与发动机系统,850923.SI
600179.SH,600179,安通控股,福建,主板,SSE,19981104,交通运输,航运港口,航运,851761.SI
600182.SH,600182,S佳通,黑龙江,主板,SSE,19990507,汽车,汽车零部件,轮胎轮毂,850924.SI
600183.SH,600183,生益科技,广东,主板,SSE,19981028,电子,元件,印制电路板,850822.SI
600184.SH,600184,光电股份,湖北,主板,SSE,20031106,国防军工,地面兵装Ⅱ,地面兵装Ⅲ,857431.SI
600185.SH,600185,珠免集团,广东,主板,SSE,19990611,商贸零售,旅游零售Ⅱ,旅游零售Ⅲ,852071.SI
600186.SH,600186,莲花控股,河南,主板,SSE,19980825,食品饮料,调味发酵品Ⅱ,调味发酵品Ⅲ,851242.SI
600187.SH,600187,*ST国中,黑龙江,主板,SSE,19981111,环保,环境治理,水务及水治理,859712.SI
000525.SZ,000525,红太阳,江苏,主板,SZSE,19931028,基础化工,农化制品,农药,850333.SI
000623.SZ,000623,吉林敖东,吉林,主板,SZSE,19961028,医药生物,中药Ⅱ,中药Ⅲ,851521.SI
000901.SZ,000901,航天科技,黑龙江,主板,SZSE,19990401,汽车,汽车零部件,汽车电子电气系统,850926.SI
001217.SZ,001217,华尔泰,安徽,主板,SZSE,20210929,基础化工,化学原料,其他化学原料,850324.SI
002141.SZ,002141,贤丰控股,广东,主板,SZSE,20070720,电子,元件,印制电路板,850822.SI
002144.SZ,002144,宏达高科,浙江,主板,SZSE,20070803,纺织服饰,纺织制造,其他纺织,851316.SI
002145.SZ,002145,钛能化学,甘肃,主板,SZSE,20070803,基础化工,化学原料,钛白粉,850326.SI
002218.SZ,002218,拓日新能,深圳,主板,SZSE,20080228,公用事业,电力,光伏发电,851616.SI
002321.SZ,002321,华英农业,河南,主板,SZSE,20091216,农林牧渔,养殖业,其他养殖,850174.SI
002363.SZ,002363,隆基机械,山东,主板,SZSE,20100305,汽车,汽车零部件,底盘与发动机系统,850923.SI
600189.SH,600189,泉阳泉,吉林,主板,SSE,19981007,食品饮料,饮料乳品,软饮料,851271.SI
600192.SH,600192,长城电工,甘肃,主板,SSE,19981224,电力设备,电网设备,输变电设备,857381.SI
600195.SH,600195,中牧股份,北京,主板,SSE,19990107,农林牧渔,动物保健Ⅱ,动物保健Ⅲ,850181.SI
600196.SH,600196,复星医药,上海,主板,SSE,19980807,医药生物,化学制药,化学制剂,851512.SI
600197.SH,600197,伊力特,新疆,主板,SSE,19990916,食品饮料,白酒Ⅱ,白酒Ⅲ,851251.SI
600198.SH,600198,大唐电信,北京,主板,SSE,19981021,通信,通信设备,通信终端及配件,851026.SI
600199.SH,600199,金种子酒,安徽,主板,SSE,19980812,食品饮料,白酒Ⅱ,白酒Ⅲ,851251.SI
600201.SH,600201,生物股份,内蒙,主板,SSE,19990115,农林牧渔,动物保健Ⅱ,动物保健Ⅲ,850181.SI
600202.SH,600202,哈空调,黑龙江,主板,SSE,19990603,机械设备,通用设备,制冷空调设备,850715.SI
600203.SH,600203,福日电子,福建,主板,SSE,19990514,电子,消费电子,消费电子零部件及组装,850854.SI
600206.SH,600206,有研新材,北京,主板,SSE,19990319,电子,半导体,半导体材料,850813.SI
600207.SH,600207,安彩高科,河南,主板,SSE,19990714,电力设备,光伏设备,光伏辅材,857354.SI
600208.SH,600208,衢州发展,浙江,主板,SSE,19990623,房地产,房地产开发,住宅开发,851811.SI
000423.SZ,000423,东阿阿胶,山东,主板,SZSE,19960729,医药生物,中药Ⅱ,中药Ⅲ,851521.SI
000555.SZ,000555,神州信息,深圳,主板,SZSE,19940408,计算机,IT服务Ⅱ,IT服务Ⅲ,852226.SI
000625.SZ,000625,长安汽车,重庆,主板,SZSE,19970610,汽车,乘用车,综合乘用车,850952.SI
000902.SZ,000902,新洋丰,湖北,主板,SZSE,19990408,基础化工,农化制品,复合肥,850381.SI
002146.SZ,002146,荣盛发展,河北,主板,SZSE,20070808,房地产,房地产开发,住宅开发,851811.SI
002148.SZ,002148,北纬科技,北京,主板,SZSE,20070810,通信,通信服务,通信应用增值服务,852214.SI
002149.SZ,002149,西部材料,陕西,主板,SZSE,20070810,有色金属,小金属,其他小金属,850544.SI
002327.SZ,002327,富安娜,深圳,主板,SZSE,20091230,纺织服饰,服装家纺,家纺,851326.SI
002388.SZ,002388,新亚制程,浙江,主板,SZSE,20100413,电子,其他电子Ⅱ,其他电子Ⅲ,850841.SI
002389.SZ,002389,航天彩虹,浙江,主板,SZSE,20100413,国防军工,航空装备Ⅱ,航空装备Ⅲ,857421.SI
002427.SZ,002427,尤夫股份,浙江,主板,SZSE,20100608,基础化工,化学纤维,涤纶,850341.SI
600211.SH,600211,西藏药业,西藏,主板,SSE,19990721,医药生物,生物制品,其他生物制品,851524.SI
600217.SH,600217,中再资环,陕西,主板,SSE,19991216,环保,环境治理,固废治理,859713.SI
600218.SH,600218,全柴动力,安徽,主板,SSE,19981203,汽车,汽车零部件,底盘与发动机系统,850923.SI
600219.SH,600219,南山铝业,山东,主板,SSE,19991223,有色金属,工业金属,铝,850551.SI
600223.SH,600223,福瑞达,山东,主板,SSE,20000113,美容护理,化妆品,品牌化妆品,859822.SI
600228.SH,600228,返利科技,江西,主板,SSE,19990119,传媒,数字媒体,门户网站,857674.SI
600229.SH,600229,城市传媒,山东,主板,SSE,20000309,传媒,出版,大众出版,857692.SI
600230.SH,600230,沧州大化,河北,主板,SSE,20000406,基础化工,化学制品,聚氨酯,850372.SI
600231.SH,600231,凌钢股份,辽宁,主板,SSE,20000511,钢铁,普钢,长材,850441.SI
600232.SH,600232,金鹰股份,浙江,主板,SSE,20000602,机械设备,专用设备,纺织服装设备,850721.SI
600233.SH,600233,圆通速递,辽宁,主板,SSE,20000608,交通运输,物流,快递,851784.SI
000513.SZ,000513,丽珠集团,广东,主板,SZSE,19931028,医药生物,化学制药,化学制剂,851512.SI
000758.SZ,000758,中色股份,北京,主板,SZSE,19970416,有色金属,工业金属,铅锌,850553.SI
001218.SZ,001218,丽臣实业,湖南,主板,SZSE,20211015,基础化工,化学制品,其他化学制品,850339.SI
001219.SZ,001219,青岛食品,山东,主板,SZSE,20211021,食品饮料,休闲食品,烘焙食品,851282.SI
002150.SZ,002150,正泰电源,江苏,主板,SZSE,20070810,电力设备,光伏设备,逆变器,857353.SI
002151.SZ,002151,北斗星通,北京,主板,SZSE,20070813,国防军工,军工电子Ⅱ,军工电子Ⅲ,857451.SI
002152.SZ,002152,广电运通,广东,主板,SZSE,20070813,计算机,计算机设备,其他计算机设备,850703.SI
002153.SZ,002153,石基信息,北京,主板,SZSE,20070813,计算机,软件开发,垂直应用软件,851041.SI
002154.SZ,002154,报喜鸟,浙江,主板,SZSE,20070816,纺织服饰,服装家纺,非运动服装,851329.SI
002155.SZ,002155,湖南黄金,湖南,主板,SZSE,20070816,有色金属,贵金属,黄金,850531.SI
002199.SZ,002199,东晶电子,浙江,主板,SZSE,20071221,电子,元件,被动元件,850823.SI
002259.SZ,002259,升达林业,四川,主板,SZSE,20080716,公用事业,燃气Ⅱ,燃气Ⅲ,851631.SI
002277.SZ,002277,友阿股份,湖南,主板,SZSE,20090717,商贸零售,一般零售,百货,852031.SI
600234.SH,600234,科新发展,山西,主板,SSE,20000615,建筑装饰,装修装饰Ⅱ,装修装饰Ⅲ,857221.SI
600235.SH,600235,民丰特纸,浙江,主板,SSE,20000615,轻工制造,造纸,特种纸,851413.SI
600236.SH,600236,桂冠电力,广西,主板,SSE,20000323,公用事业,电力,水力发电,851612.SI
600237.SH,600237,铜峰电子,安徽,主板,SSE,20000609,电子,元件,被动元件,850823.SI
600238.SH,600238,ST椰岛,海南,主板,SSE,20000120,食品饮料,非白酒,其他酒类,851233.SI
600239.SH,600239,ST云城,云南,主板,SSE,19991202,房地产,房地产开发,商业地产,851812.SI
600243.SH,600243,*ST海华,青海,主板,SSE,20001120,机械设备,通用设备,其他通用设备,850716.SI
000921.SZ,000921,海信家电,山东,主板,SZSE,19990713,家用电器,白色家电,空调,851112.SI
000978.SZ,000978,桂林旅游,广西,主板,SZSE,20000518,社会服务,旅游及景区,自然景区,852112.SI
002156.SZ,002156,通富微电,江苏,主板,SZSE,20070816,电子,半导体,集成电路封测,850817.SI
002157.SZ,002157,正邦科技,江西,主板,SZSE,20070817,农林牧渔,养殖业,生猪养殖,850172.SI
002158.SZ,002158,汉钟精机,上海,主板,SZSE,20070817,机械设备,通用设备,制冷空调设备,850715.SI
002159.SZ,002159,三特索道,湖北,主板,SZSE,20070817,社会服务,旅游及景区,自然景区,852112.SI
002160.SZ,002160,常铝股份,江苏,主板,SZSE,20070821,有色金属,工业金属,铝,850551.SI
002161.SZ,002161,远望谷,深圳,主板,SZSE,20070821,电子,其他电子Ⅱ,其他电子Ⅲ,850841.SI
002405.SZ,002405,四维图新,北京,主板,SZSE,20100518,计算机,软件开发,垂直应用软件,851041.SI
002476.SZ,002476,新叶股份,山东,主板,SZSE,20100915,石油石化,炼化及贸易,其他石化,859633.SI
600246.SH,600246,万通发展,北京,主板,SSE,20000922,房地产,房地产开发,住宅开发,851811.SI
600248.SH,600248,陕建股份,陕西,主板,SSE,20000622,建筑装饰,房屋建设Ⅱ,房屋建设Ⅲ,850623.SI
600249.SH,600249,两面针,广西,主板,SSE,20040130,美容护理,个护用品,洗护用品,859812.SI
600250.SH,600250,南京商旅,江苏,主板,SSE,20010306,社会服务,旅游及景区,旅游综合,852131.SI
600251.SH,600251,冠农股份,新疆,主板,SSE,20030609,农林牧渔,农产品加工,果蔬加工,850151.SI
600252.SH,600252,中恒集团,广西,主板,SSE,20001130,医药生物,中药Ⅱ,中药Ⅲ,851521.SI
600255.SH,600255,鑫科材料,安徽,主板,SSE,20001122,有色金属,金属新材料,其他金属新材料,850521.SI
600257.SH,600257,大湖股份,湖南,主板,SSE,20000612,农林牧渔,渔业,水产养殖,850122.SI
600258.SH,600258,首旅酒店,北京,主板,SSE,20000601,社会服务,酒店餐饮,酒店,852121.SI
600259.SH,600259,中稀有色,海南,主板,SSE,20000525,有色金属,小金属,稀土,850541.SI
600261.SH,600261,阳光照明,浙江,主板,SSE,20000720,家用电器,照明设备Ⅱ,照明设备Ⅲ,851151.SI
600265.SH,600265,*ST景谷,云南,主板,SSE,20000825,农林牧渔,林业Ⅱ,林业Ⅲ,850131.SI
600266.SH,600266,城建发展,北京,主板,SSE,19990203,房地产,房地产开发,住宅开发,851811.SI
000626.SZ,000626,远大控股,江苏,主板,SZSE,19961128,交通运输,物流,原材料供应链服务,851782.SI
002162.SZ,002162,悦心健康,上海,主板,SZSE,20070823,轻工制造,家居用品,瓷砖地板,851436.SI
002163.SZ,002163,海南发展,深圳,主板,SZSE,20070823,建筑装饰,装修装饰Ⅱ,装修装饰Ⅲ,857221.SI
002164.SZ,002164,宁波东力,浙江,主板,SZSE,20070823,机械设备,通用设备,金属制品,850751.SI
002165.SZ,002165,红宝丽,江苏,主板,SZSE,20070913,基础化工,化学制品,聚氨酯,850372.SI
002168.SZ,002168,ST惠程,重庆,主板,SZSE,20070919,电力设备,电网设备,配电设备,857382.SI
002169.SZ,002169,智光电气,广东,主板,SZSE,20070919,电力设备,电网设备,电网自动化设备,857321.SI
002170.SZ,002170,芭田股份,深圳,主板,SZSE,20070919,基础化工,农化制品,复合肥,850381.SI
002171.SZ,002171,楚江新材,安徽,主板,SZSE,20070921,有色金属,工业金属,铜,850552.SI
002278.SZ,002278,神开股份,上海,主板,SZSE,20090811,机械设备,专用设备,能源及重型设备,850725.SI
600267.SH,600267,海正药业,浙江,主板,SSE,20000725,医药生物,化学制药,化学制剂,851512.SI
600268.SH,600268,国电南自,江苏,主板,SSE,19991118,电力设备,电网设备,电网自动化设备,857321.SI
600269.SH,600269,赣粤高速,江西,主板,SSE,20000518,交通运输,铁路公路,高速公路,851731.SI
600271.SH,600271,航天信息,北京,主板,SSE,20030711,计算机,IT服务Ⅱ,IT服务Ⅲ,852226.SI
600272.SH,600272,开开实业,上海,主板,SSE,20010228,医药生物,医药商业,医药流通,851542.SI
600273.SH,600273,嘉化能源,浙江,主板,SSE,20030627,基础化工,化学制品,其他化学制品,850339.SI
600276.SH,600276,恒瑞医药,江苏,主板,SSE,20001018,医药生物,化学制药,化学制剂,851512.SI
600278.SH,600278,东方创业,上海,主板,SSE,20000712,商贸零售,贸易Ⅱ,贸易Ⅲ,852021.SI
600279.SH,600279,重庆港,重庆,主板,SSE,20000731,交通运输,航运港口,港口,851711.SI
600280.SH,600280,中央商场,江苏,主板,SSE,20000926,商贸零售,一般零售,百货,852031.SI
600281.SH,600281,华阳新材,山西,主板,SSE,20001109,有色金属,小金属,其他小金属,850544.SI
600282.SH,600282,南钢股份,江苏,主板,SSE,20000919,钢铁,特钢Ⅱ,特钢Ⅲ,850401.SI
600284.SH,600284,浦东建设,上海,主板,SSE,20040316,建筑装饰,基础建设,基建市政工程,857236.SI
000526.SZ,000526,学大教育,福建,主板,SZSE,19931101,社会服务,教育,培训教育,859852.SI
000572.SZ,000572,海马汽车,海南,主板,SZSE,19940808,汽车,乘用车,综合乘用车,850952.SI
000788.SZ,000788,北大医药,重庆,主板,SZSE,19970616,医药生物,化学制药,化学制剂,851512.SI
000962.SZ,000962,东方钽业,宁夏,主板,SZSE,20000120,有色金属,小金属,其他小金属,850544.SI
000980.SZ,000980,众泰汽车,浙江,主板,SZSE,20000616,汽车,汽车零部件,汽车电子电气系统,850926.SI
002172.SZ,002172,澳洋健康,江苏,主板,SZSE,20070921,医药生物,医疗服务,医院,851564.SI
002173.SZ,002173,创新医疗,浙江,主板,SZSE,20070925,医药生物,医疗服务,医院,851564.SI
002175.SZ,002175,*ST东智,广西,主板,SZSE,20071012,机械设备,通用设备,仪器仪表,850731.SI
002328.SZ,002328,新朋股份,上海,主板,SZSE,20091230,汽车,汽车零部件,其他汽车零部件,850925.SI
002372.SZ,002372,伟星新材,浙江,主板,SZSE,20100318,建筑材料,装修建材,管材,850616.SI
002453.SZ,002453,华软科技,北京,主板,SZSE,20100720,基础化工,化学制品,其他化学制品,850339.SI
600285.SH,600285,羚锐制药,河南,主板,SSE,20001018,医药生物,中药Ⅱ,中药Ⅲ,851521.SI
600287.SH,600287,苏豪时尚,江苏,主板,SSE,20000901,商贸零售,贸易Ⅱ,贸易Ⅲ,852021.SI
600288.SH,600288,大恒科技,北京,主板,SSE,20001129,计算机,软件开发,横向通用软件,851042.SI
600289.SH,600289,ST信通,黑龙江,主板,SSE,20000720,通信,通信服务,通信工程及服务,852213.SI
600292.SH,600292,电投水电,重庆,主板,SSE,20001101,公用事业,电力,水力发电,851612.SI
600293.SH,600293,三峡新材,湖北,主板,SSE,20000919,建筑材料,玻璃玻纤,玻璃制造,857121.SI
600295.SH,600295,鄂尔多斯,内蒙,主板,SSE,20010426,钢铁,冶钢原料,冶钢辅料,850432.SI
600298.SH,600298,安琪酵母,湖北,主板,SSE,20000818,食品饮料,调味发酵品Ⅱ,调味发酵品Ⅲ,851242.SI
600299.SH,600299,安迪苏,北京,主板,SSE,20000420,基础化工,化学制品,食品及饲料添加剂,850135.SI
600300.SH,600300,维维股份,江苏,主板,SSE,20000630,食品饮料,饮料乳品,软饮料,851271.SI
600301.SH,600301,华锡有色,广西,主板,SSE,20000712,有色金属,小金属,其他小金属,850544.SI
000668.SZ,000668,荣丰控股,山东,主板,SZSE,19961210,房地产,房地产开发,住宅开发,851811.SI
000701.SZ,000701,厦门信达,福建,主板,SZSE,19970226,商贸零售,贸易Ⅱ,贸易Ⅲ,852021.SI
000811.SZ,000811,冰轮环境,山东,主板,SZSE,19980528,机械设备,通用设备,制冷空调设备,850715.SI
000965.SZ,000965,天保基建,天津,主板,SZSE,20000406,房地产,房地产开发,住宅开发,851811.SI
002177.SZ,002177,御银股份,广东,主板,SZSE,20071101,商贸零售,一般零售,商业物业经营,852034.SI
002178.SZ,002178,延华智能,上海,主板,SZSE,20071101,计算机,软件开发,垂直应用软件,851041.SI
002329.SZ,002329,皇氏集团,广西,主板,SZSE,20100106,食品饮料,饮料乳品,乳品,851243.SI
002330.SZ,002330,得利斯,山东,主板,SZSE,20100106,食品饮料,食品加工,肉制品,851241.SI
600302.SH,600302,ST标准,陕西,主板,SSE,20001213,机械设备,专用设备,纺织服装设备,850721.SI
600305.SH,600305,恒顺醋业,江苏,主板,SSE,20010206,食品饮料,调味发酵品Ⅱ,调味发酵品Ⅲ,851242.SI
600307.SH,600307,酒钢宏兴,甘肃,主板,SSE,20001220,钢铁,普钢,板材,850442.SI
600309.SH,600309,万华化学,山东,主板,SSE,20010105,基础化工,化学制品,聚氨酯,850372.SI
600320.SH,600320,振华重工,上海,主板,SSE,20001221,机械设备,专用设备,能源及重型设备,850725.SI
600322.SH,600322,津投城开,天津,主板,SSE,20010910,房地产,房地产开发,住宅开发,851811.SI
600325.SH,600325,华发股份,广东,主板,SSE,20040225,房地产,房地产开发,住宅开发,851811.SI
600326.SH,600326,西藏天路,西藏,主板,SSE,20010116,建筑材料,水泥,水泥制造,857111.SI
600327.SH,600327,大东方,江苏,主板,SSE,20020625,商贸零售,一般零售,百货,852031.SI
600328.SH,600328,中盐化工,内蒙,主板,SSE,20001222,基础化工,化学原料,无机盐,850323.SI
600329.SH,600329,达仁堂,天津,主板,SSE,20010606,医药生物,中药Ⅱ,中药Ⅲ,851521.SI
600331.SH,600331,宏达股份,四川,主板,SSE,20011220,基础化工,农化制品,磷肥及磷化工,850332.SI
600332.SH,600332,白云山,广东,主板,SSE,20010206,医药生物,中药Ⅱ,中药Ⅲ,851521.SI
600333.SH,600333,长春燃气,吉林,主板,SSE,20001211,公用事业,燃气Ⅱ,燃气Ⅲ,851631.SI
600335.SH,600335,国机汽车,天津,主板,SSE,20010305,汽车,汽车服务,汽车经销商,850232.SI
600336.SH,600336,澳柯玛,山东,主板,SSE,20001229,家用电器,白色家电,冰洗,851116.SI
000048.SZ,000048,京基智农,深圳,主板,SZSE,19941101,农林牧渔,养殖业,生猪养殖,850172.SI
000049.SZ,000049,德赛电池,深圳,主板,SZSE,19950320,电力设备,电池,锂电池,857371.SI
000050.SZ,000050,深天马A,深圳,主板,SZSE,19950315,电子,光学光电子,面板,850831.SI
000055.SZ,000055,方大集团,深圳,主板,SZSE,19960415,建筑材料,装修建材,其他建材,850614.SI
000056.SZ,000056,*ST皇庭,深圳,主板,SZSE,19960708,房地产,房地产服务,物业管理,851831.SI
000058.SZ,000058,深赛格,深圳,主板,SZSE,19961226,商贸零售,一般零售,商业物业经营,852034.SI
000059.SZ,000059,华锦股份,辽宁,主板,SZSE,19970130,石油石化,炼化及贸易,炼油化工,859631.SI
000880.SZ,000880,潍柴重机,山东,主板,SZSE,19980402,机械设备,通用设备,其他通用设备,850716.SI
002179.SZ,002179,中航光电,河南,主板,SZSE,20071101,国防军工,军工电子Ⅱ,军工电子Ⅲ,857451.SI
002181.SZ,002181,粤传媒,广东,主板,SZSE,20071116,传媒,出版,大众出版,857692.SI
002279.SZ,002279,久其软件,北京,主板,SZSE,20090811,计算机,软件开发,横向通用软件,851042.SI
002295.SZ,002295,精艺股份,广东,主板,SZSE,20090929,有色金属,工业金属,铜,850552.SI
002436.SZ,002436,兴森科技,深圳,主板,SZSE,20100618,电子,元件,印制电路板,850822.SI
600338.SH,600338,西藏珠峰,西藏,主板,SSE,20001227,有色金属,工业金属,铅锌,850553.SI
600339.SH,600339,中油工程,新疆,主板,SSE,20001225,石油石化,油服工程,油气及炼化工程,859622.SI
600340.SH,600340,*ST华幸,河北,主板,SSE,20031230,房地产,房地产开发,产业地产,851813.SI
600345.SH,600345,长江通信,湖北,主板,SSE,20001222,通信,通信设备,其他通信设备,851027.SI
600346.SH,600346,恒力石化,辽宁,主板,SSE,20010820,石油石化,炼化及贸易,炼油化工,859631.SI
600350.SH,600350,山东高速,山东,主板,SSE,20020318,交通运输,铁路公路,高速公路,851731.SI
000631.SZ,000631,顺发恒能,浙江,主板,SZSE,19961122,公用事业,电力,电能综合服务,851610.SI
000669.SZ,000669,ST金鸿,湖南,主板,SZSE,19961210,公用事业,燃气Ⅱ,燃气Ⅲ,851631.SI
000789.SZ,000789,万年青,江西,主板,SZSE,19970923,建筑材料,水泥,水泥制造,857111.SI
000863.SZ,000863,三湘印象,上海,主板,SZSE,19970925,房地产,房地产开发,住宅开发,851811.SI
000908.SZ,000908,石药景峰,湖南,主板,SZSE,19990203,医药生物,化学制药,化学制剂,851512.SI
001221.SZ,001221,悍高集团,广东,主板,SZSE,20250730,轻工制造,家居用品,其他家居用品,851491.SI
002360.SZ,002360,ST同德,山西,主板,SZSE,20100303,基础化工,化学制品,民爆制品,850337.SI
002373.SZ,002373,千方科技,北京,主板,SZSE,20100318,计算机,IT服务Ⅱ,IT服务Ⅲ,852226.SI
000571.SZ,000571,新大洲A,海南,主板,SZSE,19940525,煤炭,煤炭开采,动力煤,859511.SI
002444.SZ,002444,巨星科技,浙江,主板,SZSE,20100713,机械设备,通用设备,其他通用设备,850716.SI
002452.SZ,002452,长高电气,湖南,主板,SZSE,20100720,电力设备,电网设备,输变电设备,857381.SI
002485.SZ,002485,ST雪发,山东,主板,SZSE,20101015,交通运输,物流,原材料供应链服务,851782.SI
000709.SZ,000709,河钢股份,河北,主板,SZSE,19970416,钢铁,普钢,板材,850442.SI
000710.SZ,000710,贝瑞基因,四川,主板,SZSE,19970422,医药生物,医疗服务,诊断服务,851562.SI
000799.SZ,000799,酒鬼酒,湖南,主板,SZSE,19970718,食品饮料,白酒Ⅱ,白酒Ⅲ,851251.SI
000848.SZ,000848,承德露露,河北,主板,SZSE,19971113,食品饮料,饮料乳品,软饮料,851271.SI
001227.SZ,001227,兰州银行,甘肃,主板,SZSE,20220117,银行,城商行Ⅱ,城商行Ⅲ,857841.SI
001282.SZ,001282,三联锻造,安徽,主板,SZSE,20230524,汽车,汽车零部件,底盘与发动机系统,850923.SI
001325.SZ,001325,元创股份,浙江,主板,SZSE,20251218,基础化工,橡胶,其他橡胶制品,850362.SI
002273.SZ,002273,水晶光电,浙江,主板,SZSE,20080919,电子,光学光电子,光学元件,850833.SI
002457.SZ,002457,青龙管业,宁夏,主板,SZSE,20100803,建筑材料,装修建材,管材,850616.SI
002489.SZ,002489,浙江永强,浙江,主板,SZSE,20101021,轻工制造,家居用品,成品家居,851437.SI
000686.SZ,000686,东北证券,吉林,主板,SZSE,19970227,非银金融,证券Ⅱ,证券Ⅲ,851931.SI
000752.SZ,000752,*ST西发,西藏,主板,SZSE,19970625,食品饮料,非白酒,啤酒,851232.SI
001896.SZ,001896,豫能控股,河南,主板,SZSE,19980122,公用事业,电力,火力发电,851611.SI
002286.SZ,002286,保龄宝,山东,主板,SZSE,20090828,农林牧渔,农产品加工,其他农产品加工,850154.SI
002384.SZ,002384,东山精密,江苏,主板,SZSE,20100409,电子,元件,印制电路板,850822.SI
002501.SZ,002501,*ST利源,吉林,主板,SZSE,20101117,有色金属,工业金属,铝,850551.SI
002536.SZ,002536,飞龙股份,河南,主板,SZSE,20110111,汽车,汽车零部件,底盘与发动机系统,850923.SI
000735.SZ,000735,罗牛山,海南,主板,SZSE,19970611,农林牧渔,养殖业,生猪养殖,850172.SI
000919.SZ,000919,金陵药业,江苏,主板,SZSE,19991118,医药生物,化学制药,化学制剂,851512.SI
002032.SZ,002032,苏泊尔,浙江,主板,SZSE,20040817,家用电器,小家电,厨房小家电,851131.SI
002441.SZ,002441,众业达,广东,主板,SZSE,20100706,电力设备,电网设备,配电设备,857382.SI
002532.SZ,002532,天山铝业,新疆,主板,SZSE,20101231,有色金属,工业金属,铝,850551.SI
000703.SZ,000703,恒逸石化,广西,主板,SZSE,19970328,石油石化,炼化及贸易,炼油化工,859631.SI
000792.SZ,000792,盐湖股份,青海,主板,SZSE,19970904,基础化工,农化制品,钾肥,850336.SI
000820.SZ,000820,神雾节能,江西,主板,SZSE,19980630,环保,环保设备Ⅱ,环保设备Ⅲ,859721.SI
000877.SZ,000877,天山股份,新疆,主板,SZSE,19990107,建筑材料,水泥,水泥制造,857111.SI
000913.SZ,000913,钱江摩托,浙江,主板,SZSE,19990514,汽车,摩托车及其他,摩托车,858812.SI
001395.SZ,001395,亚联机械,吉林,主板,SZSE,20250127,机械设备,专用设备,其他专用设备,850727.SI
002535.SZ,002535,林州重机,河南,主板,SZSE,20110111,机械设备,专用设备,能源及重型设备,850725.SI
002546.SZ,002546,新联电子,江苏,主板,SZSE,20110211,电力设备,电网设备,电工仪器仪表,857323.SI
000785.SZ,000785,居然智家,湖北,主板,SZSE,19970711,商贸零售,一般零售,商业物业经营,852034.SI
001202.SZ,001202,炬申股份,广东,主板,SZSE,20210429,交通运输,物流,原材料供应链服务,851782.SI
002601.SZ,002601,龙佰集团,河南,主板,SZSE,20110715,基础化工,化学原料,钛白粉,850326.SI
002613.SZ,002613,北玻股份,河南,主板,SZSE,20110830,建筑材料,玻璃玻纤,玻璃制造,857121.SI
000559.SZ,000559,万向钱潮,浙江,主板,SZSE,19940110,汽车,汽车零部件,底盘与发动机系统,850923.SI
000885.SZ,000885,城发环境,河南,主板,SZSE,19990319,环保,环境治理,固废治理,859713.SI
000898.SZ,000898,鞍钢股份,辽宁,主板,SZSE,19971225,钢铁,普钢,板材,850442.SI
000925.SZ,000925,众合科技,浙江,主板,SZSE,19990611,机械设备,轨交设备Ⅱ,轨交设备Ⅲ,850936.SI
001201.SZ,001201,东瑞股份,广东,主板,SZSE,20210428,农林牧渔,养殖业,生猪养殖,850172.SI
001366.SZ,001366,播恩集团,江西,主板,SZSE,20230307,农林牧渔,饲料,畜禽饲料,850142.SI
002093.SZ,002093,国脉科技,福建,主板,SZSE,20061215,社会服务,教育,学历教育,859851.SI
002462.SZ,002462,嘉事堂,北京,主板,SZSE,20100818,医药生物,医药商业,医药流通,851542.SI
002625.SZ,002625,光启技术,深圳,主板,SZSE,20111103,国防军工,航空装备Ⅱ,航空装备Ⅲ,857421.SI
000876.SZ,000876,新希望,四川,主板,SZSE,19980311,农林牧渔,饲料,畜禽饲料,850142.SI
000892.SZ,000892,欢瑞世纪,重庆,主板,SZSE,19990115,传媒,影视院线,影视动漫制作,857661.SI
000909.SZ,000909,*ST数源,浙江,主板,SZSE,19990507,房地产,房地产开发,住宅开发,851811.SI
001210.SZ,001210,金房能源,北京,主板,SZSE,20210729,公用事业,电力,热力服务,851614.SI
002064.SZ,002064,华峰化学,浙江,主板,SZSE,20060823,基础化工,化学纤维,氨纶,850345.SI
002166.SZ,002166,莱茵生物,广西,主板,SZSE,20070913,基础化工,化学制品,食品及饲料添加剂,850135.SI
002466.SZ,002466,天齐锂业,四川,主板,SZSE,20100831,有色金属,能源金属,锂,850543.SI
002493.SZ,002493,荣盛石化,浙江,主板,SZSE,20101102,石油石化,炼化及贸易,炼油化工,859631.SI
002521.SZ,002521,齐峰新材,山东,主板,SZSE,20101210,轻工制造,造纸,特种纸,851413.SI
002539.SZ,002539,云图控股,四川,主板,SZSE,20110118,基础化工,农化制品,复合肥,850381.SI
001205.SZ,001205,盛航股份,江苏,主板,SZSE,20210513,交通运输,航运港口,航运,851761.SI
001333.SZ,001333,光华股份,浙江,主板,SZSE,20221208,基础化工,塑料,合成树脂,850354.SI
002041.SZ,002041,登海种业,山东,主板,SZSE,20050418,农林牧渔,种植业,种子,850111.SI
002139.SZ,002139,拓邦股份,深圳,主板,SZSE,20070629,电子,消费电子,消费电子零部件及组装,850854.SI
002566.SZ,002566,益盛药业,吉林,主板,SZSE,20110318,医药生物,中药Ⅱ,中药Ⅲ,851521.SI
002634.SZ,002634,*ST棒杰,浙江,主板,SZSE,20111205,纺织服饰,服装家纺,非运动服装,851329.SI
002767.SZ,002767,先锋电子,浙江,主板,SZSE,20150612,机械设备,通用设备,仪器仪表,850731.SI
002180.SZ,002180,奔图科技,广东,主板,SZSE,20071113,计算机,计算机设备,其他计算机设备,850703.SI
002188.SZ,002188,中天服务,浙江,主板,SZSE,20071122,房地产,房地产服务,物业管理,851831.SI
002629.SZ,002629,仁智股份,浙江,主板,SZSE,20111103,石油石化,油服工程,油田服务,859621.SI
002715.SZ,002715,登云股份,广东,主板,SZSE,20140219,汽车,汽车零部件,底盘与发动机系统,850923.SI
002729.SZ,002729,好利科技,福建,主板,SZSE,20140912,电子,其他电子Ⅱ,其他电子Ⅲ,850841.SI
002027.SZ,002027,分众传媒,上海,主板,SZSE,20040804,传媒,广告营销,广告媒体,857652.SI
002048.SZ,002048,宁波华翔,浙江,主板,SZSE,20050603,汽车,汽车零部件,车身附件及饰件,850922.SI
002090.SZ,002090,金智科技,江苏,主板,SZSE,20061208,电力设备,电网设备,电网自动化设备,857321.SI
002269.SZ,002269,美邦服饰,上海,主板,SZSE,20080828,纺织服饰,服装家纺,非运动服装,851329.SI
002656.SZ,002656,摩登大道,广东,主板,SZSE,20120228,纺织服饰,服装家纺,非运动服装,851329.SI
002762.SZ,002762,金发拉比,广东,主板,SZSE,20150610,纺织服饰,服装家纺,非运动服装,851329.SI
002791.SZ,002791,坚朗五金,广东,主板,SZSE,20160329,建筑材料,装修建材,其他建材,850614.SI
002797.SZ,002797,第一创业,深圳,主板,SZSE,20160511,非银金融,证券Ⅱ,证券Ⅲ,851931.SI
002822.SZ,002822,ST中装,深圳,主板,SZSE,20161129,建筑装饰,装修装饰Ⅱ,装修装饰Ⅲ,857221.SI
002019.SZ,002019,亿帆医药,浙江,主板,SZSE,20040713,医药生物,化学制药,化学制剂,851512.SI
002094.SZ,002094,青岛金王,山东,主板,SZSE,20061215,美容护理,化妆品,化妆品制造及其他,859821.SI
002197.SZ,002197,证通电子,深圳,主板,SZSE,20071218,计算机,计算机设备,其他计算机设备,850703.SI
002224.SZ,002224,三力士,浙江,主板,SZSE,20080425,基础化工,橡胶,其他橡胶制品,850362.SI
002240.SZ,002240,盛新锂能,四川,主板,SZSE,20080523,有色金属,能源金属,锂,850543.SI
002264.SZ,002264,新华都,福建,主板,SZSE,20080731,传媒,广告营销,营销代理,857651.SI
002692.SZ,002692,远程股份,江苏,主板,SZSE,20120808,电力设备,电网设备,线缆部件及其他,857344.SI
002701.SZ,002701,奥瑞金,北京,主板,SZSE,20121011,轻工制造,包装印刷,金属包装,851423.SI
002730.SZ,002730,电光科技,浙江,主板,SZSE,20141009,机械设备,专用设备,能源及重型设备,850725.SI
002861.SZ,002861,瀛通通讯,湖北,主板,SZSE,20170413,电子,消费电子,消费电子零部件及组装,850854.SI
002133.SZ,002133,广宇集团,浙江,主板,SZSE,20070427,房地产,房地产开发,住宅开发,851811.SI
002233.SZ,002233,塔牌集团,广东,主板,SZSE,20080516,建筑材料,水泥,水泥制造,857111.SI
002242.SZ,002242,九阳股份,山东,主板,SZSE,20080528,家用电器,小家电,厨房小家电,851131.SI
002283.SZ,002283,天润工业,山东,主板,SZSE,20090821,汽车,汽车零部件,底盘与发动机系统,850923.SI
002331.SZ,002331,皖通科技,安徽,主板,SZSE,20100106,计算机,IT服务Ⅱ,IT服务Ⅲ,852226.SI
002763.SZ,002763,汇洁股份,深圳,主板,SZSE,20150610,纺织服饰,服装家纺,非运动服装,851329.SI
002815.SZ,002815,崇达技术,深圳,主板,SZSE,20161012,电子,元件,印制电路板,850822.SI
002832.SZ,002832,比音勒芬,广东,主板,SZSE,20161223,纺织服饰,服装家纺,非运动服装,851329.SI
002847.SZ,002847,盐津铺子,湖南,主板,SZSE,20170208,食品饮料,休闲食品,零食,851281.SI
002078.SZ,002078,太阳纸业,山东,主板,SZSE,20061116,轻工制造,造纸,大宗用纸,851412.SI
002104.SZ,002104,恒宝股份,江苏,主板,SZSE,20070110,通信,通信设备,通信终端及配件,851026.SI
002167.SZ,002167,东方锆业,广东,主板,SZSE,20070913,有色金属,小金属,其他小金属,850544.SI
002174.SZ,002174,游族网络,福建,主板,SZSE,20070925,传媒,游戏Ⅱ,游戏Ⅲ,857641.SI
002270.SZ,002270,华明装备,山东,主板,SZSE,20080905,电力设备,电网设备,输变电设备,857381.SI
002301.SZ,002301,齐心集团,深圳,主板,SZSE,20091021,轻工制造,文娱用品,文化用品,851451.SI
002771.SZ,002771,真视通,北京,主板,SZSE,20150629,计算机,IT服务Ⅱ,IT服务Ⅲ,852226.SI
002801.SZ,002801,微光股份,浙江,主板,SZSE,20160622,电力设备,电机Ⅱ,电机Ⅲ,850741.SI
002836.SZ,002836,新宏泽,广东,主板,SZSE,20161229,轻工制造,包装印刷,纸包装,851425.SI
002115.SZ,002115,三维通信,浙江,主板,SZSE,20070215,通信,通信服务,通信工程及服务,852213.SI
002127.SZ,002127,南极电商,江苏,主板,SZSE,20070418,商贸零售,互联网电商,电商服务,852063.SI
002351.SZ,002351,漫步者,深圳,主板,SZSE,20100205,电子,消费电子,品牌消费电子,850853.SI
002387.SZ,002387,维信诺,江苏,主板,SZSE,20100413,电子,光学光电子,面板,850831.SI
002928.SZ,002928,华夏航空,贵州,主板,SZSE,20180302,交通运输,航空机场,航空运输,851741.SI
002131.SZ,002131,利欧股份,浙江,主板,SZSE,20070427,机械设备,通用设备,金属制品,850751.SI
002142.SZ,002142,宁波银行,浙江,主板,SZSE,20070719,银行,城商行Ⅱ,城商行Ⅲ,857841.SI
002282.SZ,002282,博深股份,河北,主板,SZSE,20090821,机械设备,通用设备,磨具磨料,850713.SI
002292.SZ,002292,奥飞娱乐,广东,主板,SZSE,20090910,传媒,影视院线,影视动漫制作,857661.SI
002788.SZ,002788,鹭燕医药,福建,主板,SZSE,20160218,医药生物,医药商业,医药流通,851542.SI
002897.SZ,002897,意华股份,浙江,主板,SZSE,20170907,通信,通信设备,通信网络设备及器件,851024.SI
002226.SZ,002226,江南化工,安徽,主板,SZSE,20080506,基础化工,化学制品,民爆制品,850337.SI
002230.SZ,002230,科大讯飞,安徽,主板,SZSE,20080512,计算机,软件开发,横向通用软件,851042.SI
002426.SZ,002426,胜利精密,江苏,主板,SZSE,20100608,电子,消费电子,消费电子零部件及组装,850854.SI
002811.SZ,002811,郑中设计,深圳,主板,SZSE,20160908,建筑装饰,装修装饰Ⅱ,装修装饰Ⅲ,857221.SI
002903.SZ,002903,宇环数控,湖南,主板,SZSE,20171013,机械设备,通用设备,机床工具,850711.SI
003002.SZ,003002,壶化股份,山西,主板,SZSE,20200922,基础化工,化学制品,民爆制品,850337.SI
002272.SZ,002272,川润股份,四川,主板,SZSE,20080919,机械设备,通用设备,其他通用设备,850716.SI
002454.SZ,002454,松芝股份,上海,主板,SZSE,20100720,汽车,汽车零部件,汽车电子电气系统,850926.SI
002825.SZ,002825,纳尔股份,上海,主板,SZSE,20161129,基础化工,塑料,其他塑料制品,850351.SI
002901.SZ,002901,大博医疗,福建,主板,SZSE,20170922,医药生物,医疗器械,医疗耗材,851533.SI
002981.SZ,002981,朝阳科技,广东,主板,SZSE,20200417,电子,消费电子,消费电子零部件及组装,850854.SI
002996.SZ,002996,顺博合金,重庆,主板,SZSE,20200828,有色金属,工业金属,铝,850551.SI
003020.SZ,003020,立方制药,安徽,主板,SZSE,20201215,医药生物,化学制药,化学制剂,851512.SI
002192.SZ,002192,融捷股份,广东,主板,SZSE,20071205,有色金属,能源金属,锂,850543.SI
002202.SZ,002202,金风科技,新疆,主板,SZSE,20071226,电力设备,风电设备,风电整机,857361.SI
002316.SZ,002316,亚联发展,吉林,主板,SZSE,20091209,综合,综合Ⅱ,综合Ⅲ,852311.SI
002362.SZ,002362,汉王科技,北京,主板,SZSE,20100303,计算机,软件开发,垂直应用软件,851041.SI
002517.SZ,002517,恺英网络,福建,主板,SZSE,20101207,传媒,游戏Ⅱ,游戏Ⅲ,857641.SI
003030.SZ,003030,祖名股份,浙江,主板,SZSE,20210106,农林牧渔,农产品加工,其他农产品加工,850154.SI
002203.SZ,002203,海亮股份,浙江,主板,SZSE,20080116,有色金属,工业金属,铜,850552.SI
002261.SZ,002261,拓维信息,湖南,主板,SZSE,20080723,计算机,软件开发,垂直应用软件,851041.SI
002291.SZ,002291,遥望科技,广东,主板,SZSE,20090903,传媒,广告营销,营销代理,857651.SI
002350.SZ,002350,北京科锐,北京,主板,SZSE,20100203,电力设备,电网设备,配电设备,857382.SI
002524.SZ,002524,光正眼科,新疆,主板,SZSE,20101217,医药生物,医疗服务,医院,851564.SI
002882.SZ,002882,金龙羽,深圳,主板,SZSE,20170717,电力设备,电网设备,线缆部件及其他,857344.SI
003028.SZ,003028,振邦智能,深圳,主板,SZSE,20201228,家用电器,家电零部件Ⅱ,家电零部件Ⅲ,851161.SI
300050.SZ,300050,世纪鼎利,广东,创业板,SZSE,20100120,社会服务,教育,培训教育,859852.SI
002241.SZ,002241,歌尔股份,山东,主板,SZSE,20080522,电子,消费电子,消费电子零部件及组装,850854.SI
002263.SZ,002263,大东南,浙江,主板,SZSE,20080728,基础化工,塑料,膜材料,850355.SI
002410.SZ,002410,广联达,北京,主板,SZSE,20100525,计算机,软件开发,垂直应用软件,851041.SI
002448.SZ,002448,中原内配,河南,主板,SZSE,20100716,汽车,汽车零部件,底盘与发动机系统,850923.SI
002584.SZ,002584,西陇科学,广东,主板,SZSE,20110602,电子,电子化学品Ⅱ,电子化学品Ⅲ,850861.SI
003012.SZ,003012,东鹏控股,广东,主板,SZSE,20201019,轻工制造,家居用品,瓷砖地板,851436.SI
300014.SZ,300014,亿纬锂能,广东,创业板,SZSE,20091030,电力设备,电池,锂电池,857371.SI
002275.SZ,002275,桂林三金,广西,主板,SZSE,20090710,医药生物,中药Ⅱ,中药Ⅲ,851521.SI
002303.SZ,002303,美盈森,深圳,主板,SZSE,20091103,轻工制造,包装印刷,纸包装,851425.SI
002311.SZ,002311,海大集团,广东,主板,SZSE,20091127,农林牧渔,饲料,水产饲料,850143.SI
002442.SZ,002442,龙星科技,河北,主板,SZSE,20100706,基础化工,橡胶,炭黑,850363.SI
002515.SZ,002515,金字火腿,浙江,主板,SZSE,20101203,食品饮料,食品加工,肉制品,851241.SI
003007.SZ,003007,直真科技,北京,主板,SZSE,20200923,计算机,软件开发,垂直应用软件,851041.SI
002302.SZ,002302,西部建设,新疆,主板,SZSE,20091103,建筑材料,水泥,水泥制品,857112.SI
002315.SZ,002315,焦点科技,江苏,主板,SZSE,20091209,商贸零售,互联网电商,跨境电商,852062.SI
002345.SZ,002345,潮宏基,广东,主板,SZSE,20100128,纺织服饰,饰品,钟表珠宝,851331.SI
002403.SZ,002403,爱仕达,浙江,主板,SZSE,20100511,家用电器,小家电,厨房小家电,851131.SI
002456.SZ,002456,欧菲光,深圳,主板,SZSE,20100803,电子,光学光电子,光学元件,850833.SI
002494.SZ,002494,华斯股份,河北,主板,SZSE,20101102,纺织服饰,服装家纺,非运动服装,851329.SI
002570.SZ,002570,贝因美,浙江,主板,SZSE,20110412,食品饮料,饮料乳品,乳品,851243.SI
002352.SZ,002352,顺丰控股,深圳,主板,SZSE,20100205,交通运输,物流,快递,851784.SI
002394.SZ,002394,联发股份,江苏,主板,SZSE,20100423,纺织服饰,纺织制造,棉纺,851312.SI
002397.SZ,002397,梦洁股份,湖南,主板,SZSE,20100429,纺织服饰,服装家纺,家纺,851326.SI
002432.SZ,002432,九安医疗,天津,主板,SZSE,20100610,医药生物,医疗器械,体外诊断,851534.SI
002471.SZ,002471,中超控股,江苏,主板,SZSE,20100910,电力设备,电网设备,线缆部件及其他,857344.SI
002529.SZ,002529,海源复材,江西,主板,SZSE,20101224,机械设备,专用设备,其他专用设备,850727.SI
002609.SZ,002609,捷顺科技,深圳,主板,SZSE,20110815,计算机,IT服务Ⅱ,IT服务Ⅲ,852226.SI
002641.SZ,002641,公元股份,浙江,主板,SZSE,20111208,建筑材料,装修建材,管材,850616.SI
002655.SZ,002655,共达电声,山东,主板,SZSE,20120217,电子,消费电子,消费电子零部件及组装,850854.SI
002667.SZ,002667,*ST威领,湖南,主板,SZSE,20120329,机械设备,专用设备,能源及重型设备,850725.SI
002707.SZ,002707,众信旅游,北京,主板,SZSE,20140123,社会服务,旅游及景区,旅游综合,852131.SI
300122.SZ,300122,智飞生物,重庆,创业板,SZSE,20100928,医药生物,生物制品,疫苗,851523.SI
002478.SZ,002478,常宝股份,江苏,主板,SZSE,20100921,钢铁,特钢Ⅱ,特钢Ⅲ,850401.SI
002638.SZ,002638,勤上股份,广东,主板,SZSE,20111125,家用电器,照明设备Ⅱ,照明设备Ⅲ,851151.SI
002679.SZ,002679,福建金森,福建,主板,SZSE,20120605,农林牧渔,林业Ⅱ,林业Ⅲ,850131.SI
002694.SZ,002694,*ST顾地,湖北,主板,SZSE,20120816,建筑材料,装修建材,管材,850616.SI
002703.SZ,002703,浙江世宝,浙江,主板,SZSE,20121102,汽车,汽车零部件,底盘与发动机系统,850923.SI
002760.SZ,002760,凤形股份,江西,主板,SZSE,20150611,机械设备,通用设备,磨具磨料,850713.SI
002440.SZ,002440,闰土股份,浙江,主板,SZSE,20100706,基础化工,化学制品,纺织化学制品,850338.SI
002467.SZ,002467,二六三,北京,主板,SZSE,20100908,通信,通信服务,通信应用增值服务,852214.SI
002490.SZ,002490,山东墨龙,山东,主板,SZSE,20101021,机械设备,专用设备,能源及重型设备,850725.SI
002512.SZ,002512,ST达华,福建,主板,SZSE,20101203,计算机,计算机设备,其他计算机设备,850703.SI
002545.SZ,002545,东方铁塔,山东,主板,SZSE,20110211,基础化工,农化制品,钾肥,850336.SI
002562.SZ,002562,兄弟科技,浙江,主板,SZSE,20110310,基础化工,化学制品,食品及饲料添加剂,850135.SI
002639.SZ,002639,雪人集团,福建,主板,SZSE,20111205,机械设备,通用设备,制冷空调设备,850715.SI
002663.SZ,002663,普邦股份,广东,主板,SZSE,20120316,建筑装饰,基础建设,园林工程,857251.SI
002702.SZ,002702,海欣食品,福建,主板,SZSE,20121011,食品饮料,食品加工,预加工食品,851246.SI
002746.SZ,002746,仙坛股份,山东,主板,SZSE,20150216,农林牧渔,养殖业,肉鸡养殖,850173.SI
002507.SZ,002507,涪陵榨菜,重庆,主板,SZSE,20101123,食品饮料,调味发酵品Ⅱ,调味发酵品Ⅲ,851242.SI
002530.SZ,002530,金财互联,江苏,主板,SZSE,20101231,机械设备,专用设备,其他专用设备,850727.SI
002543.SZ,002543,万和电气,广东,主板,SZSE,20110128,家用电器,厨卫电器,卫浴电器,851142.SI
002612.SZ,002612,朗姿股份,北京,主板,SZSE,20110830,纺织服饰,服装家纺,非运动服装,851329.SI
002657.SZ,002657,中科金财,北京,主板,SZSE,20120228,计算机,IT服务Ⅱ,IT服务Ⅲ,852226.SI
002725.SZ,002725,跃岭股份,浙江,主板,SZSE,20140129,汽车,汽车零部件,轮胎轮毂,850924.SI
002735.SZ,002735,王子新材,深圳,主板,SZSE,20141203,轻工制造,包装印刷,塑料包装,851424.SI
002787.SZ,002787,华源控股,江苏,主板,SZSE,20151231,轻工制造,包装印刷,金属包装,851423.SI
300146.SZ,300146,汤臣倍健,广东,创业板,SZSE,20101215,食品饮料,食品加工,保健品,851247.SI
300154.SZ,300154,瑞凌股份,深圳,创业板,SZSE,20101229,机械设备,通用设备,其他通用设备,850716.SI
300182.SZ,300182,捷成股份,北京,创业板,SZSE,20110222,传媒,影视院线,影视动漫制作,857661.SI
300220.SZ,300220,金运激光,湖北,创业板,SZSE,20110525,机械设备,自动化设备,激光设备,850783.SI
002486.SZ,002486,嘉麟杰,上海,主板,SZSE,20101015,纺织服饰,服装家纺,运动服装,851328.SI
002510.SZ,002510,天汽模,天津,主板,SZSE,20101125,汽车,汽车零部件,其他汽车零部件,850925.SI
002581.SZ,002581,*ST未名,山东,主板,SZSE,20110520,医药生物,生物制品,其他生物制品,851524.SI
002594.SZ,002594,比亚迪,深圳,主板,SZSE,20110630,汽车,乘用车,电动乘用车,850951.SI
002611.SZ,002611,东方精工,广东,主板,SZSE,20110830,机械设备,专用设备,印刷包装机械,850726.SI
002624.SZ,002624,完美世界,浙江,主板,SZSE,20111028,传媒,游戏Ⅱ,游戏Ⅲ,857641.SI
002737.SZ,002737,葵花药业,黑龙江,主板,SZSE,20141230,医药生物,中药Ⅱ,中药Ⅲ,851521.SI
002557.SZ,002557,洽洽食品,安徽,主板,SZSE,20110302,食品饮料,休闲食品,零食,851281.SI
002593.SZ,002593,日上集团,福建,主板,SZSE,20110628,建筑装饰,专业工程,钢结构,857241.SI
002623.SZ,002623,亚玛顿,江苏,主板,SZSE,20111013,电力设备,光伏设备,光伏辅材,857354.SI
002637.SZ,002637,赞宇科技,浙江,主板,SZSE,20111125,基础化工,化学制品,其他化学制品,850339.SI
002664.SZ,002664,信质集团,浙江,主板,SZSE,20120316,汽车,汽车零部件,汽车电子电气系统,850926.SI
002714.SZ,002714,牧原股份,河南,主板,SZSE,20140128,农林牧渔,养殖业,生猪养殖,850172.SI
002838.SZ,002838,道恩股份,山东,主板,SZSE,20170106,基础化工,塑料,改性塑料,850353.SI
002724.SZ,002724,海洋王,深圳,主板,SZSE,20141104,家用电器,照明设备Ⅱ,照明设备Ⅲ,851151.SI
002785.SZ,002785,万里石,福建,主板,SZSE,20151223,建筑材料,装修建材,其他建材,850614.SI
002802.SZ,002802,洪汇新材,江苏,主板,SZSE,20160629,基础化工,化学制品,其他化学制品,850339.SI
300251.SZ,300251,光线传媒,北京,创业板,SZSE,20110803,传媒,影视院线,影视动漫制作,857661.SI
300279.SZ,300279,和晶科技,江苏,创业板,SZSE,20111229,家用电器,家电零部件Ⅱ,家电零部件Ⅲ,851161.SI
002734.SZ,002734,利民股份,江苏,主板,SZSE,20150127,基础化工,农化制品,农药,850333.SI
002757.SZ,002757,南兴股份,广东,主板,SZSE,20150527,机械设备,专用设备,其他专用设备,850727.SI
002828.SZ,002828,贝肯能源,新疆,主板,SZSE,20161208,石油石化,油服工程,油田服务,859621.SI
002831.SZ,002831,裕同科技,深圳,主板,SZSE,20161216,轻工制造,包装印刷,纸包装,851425.SI
002845.SZ,002845,同兴达,深圳,主板,SZSE,20170125,电子,光学光电子,面板,850831.SI
002866.SZ,002866,传艺科技,江苏,主板,SZSE,20170426,电子,消费电子,消费电子零部件及组装,850854.SI
300207.SZ,300207,欣旺达,深圳,创业板,SZSE,20110421,电力设备,电池,锂电池,857371.SI
300275.SZ,300275,梅安森,重庆,创业板,SZSE,20111102,计算机,计算机设备,安防设备,850702.SI
002682.SZ,002682,龙洲股份,福建,主板,SZSE,20120612,交通运输,物流,公路货运,851787.SI
002685.SZ,002685,华东重机,江苏,主板,SZSE,20120612,机械设备,工程机械,工程机械整机,850771.SI
002780.SZ,002780,三夫户外,北京,主板,SZSE,20151209,纺织服饰,服装家纺,运动服装,851328.SI
002782.SZ,002782,可立克,深圳,主板,SZSE,20151222,电子,其他电子Ⅱ,其他电子Ⅲ,850841.SI
300190.SZ,300190,维尔利,江苏,创业板,SZSE,20110316,环保,环境治理,综合环境治理,859714.SI
300247.SZ,300247,融捷健康,安徽,创业板,SZSE,20110729,家用电器,其他家电Ⅱ,其他家电Ⅲ,851171.SI
300323.SZ,300323,华灿光电,湖北,创业板,SZSE,20120601,电子,光学光电子,LED,850832.SI
002742.SZ,002742,冀衡医药,重庆,主板,SZSE,20150217,医药生物,化学制药,化学制剂,851512.SI
002747.SZ,002747,埃斯顿,江苏,主板,SZSE,20150320,机械设备,自动化设备,机器人,850781.SI
002839.SZ,002839,张家港行,江苏,主板,SZSE,20170124,银行,农商行Ⅱ,农商行Ⅲ,857851.SI
002896.SZ,002896,中大力德,浙江,主板,SZSE,20170829,机械设备,通用设备,金属制品,850751.SI
002938.SZ,002938,鹏鼎控股,深圳,主板,SZSE,20180918,电子,元件,印制电路板,850822.SI
300364.SZ,300364,中文在线,北京,创业板,SZSE,20150121,传媒,出版,大众出版,857692.SI
300401.SZ,300401,花园生物,浙江,创业板,SZSE,20141009,医药生物,化学制药,原料药,851511.SI
002745.SZ,002745,木林森,广东,主板,SZSE,20150217,电子,光学光电子,LED,850832.SI
002829.SZ,002829,星网宇达,北京,主板,SZSE,20161213,国防军工,航天装备Ⅱ,航天装备Ⅲ,857411.SI
002843.SZ,002843,泰嘉股份,湖南,主板,SZSE,20170120,机械设备,通用设备,金属制品,850751.SI
002881.SZ,002881,美格智能,深圳,主板,SZSE,20170622,通信,通信设备,通信终端及配件,851026.SI
300292.SZ,300292,吴通控股,江苏,创业板,SZSE,20120229,通信,通信服务,通信应用增值服务,852214.SI
300307.SZ,300307,慈星股份,浙江,创业板,SZSE,20120329,机械设备,专用设备,纺织服装设备,850721.SI
300321.SZ,300321,同大股份,山东,创业板,SZSE,20120523,基础化工,化学制品,聚氨酯,850372.SI
300353.SZ,300353,东土科技,北京,创业板,SZSE,20120927,通信,通信设备,其他通信设备,851027.SI
300378.SZ,300378,鼎捷数智,上海,创业板,SZSE,20140127,计算机,软件开发,横向通用软件,851042.SI
300390.SZ,300390,天华新能,江苏,创业板,SZSE,20140731,电力设备,电池,电池化学品,857372.SI
300419.SZ,300419,ST浩丰,北京,创业板,SZSE,20150122,计算机,IT服务Ⅱ,IT服务Ⅲ,852226.SI
002076.SZ,002076,星光股份,广东,主板,SZSE,20061025,家用电器,照明设备Ⅱ,照明设备Ⅲ,851151.SI
002798.SZ,002798,帝欧水华,四川,主板,SZSE,20160525,轻工制造,家居用品,瓷砖地板,851436.SI
002803.SZ,002803,吉宏股份,福建,主板,SZSE,20160712,商贸零售,互联网电商,跨境电商,852062.SI
002902.SZ,002902,铭普光磁,广东,主板,SZSE,20170929,通信,通信设备,通信网络设备及器件,851024.SI
002912.SZ,002912,中新赛克,深圳,主板,SZSE,20171121,计算机,计算机设备,其他计算机设备,850703.SI
002925.SZ,002925,盈趣科技,福建,主板,SZSE,20180115,电子,消费电子,消费电子零部件及组装,850854.SI
002970.SZ,002970,锐明技术,深圳,主板,SZSE,20191217,计算机,计算机设备,其他计算机设备,850703.SI
003033.SZ,003033,征和工业,山东,主板,SZSE,20210111,汽车,摩托车及其他,摩托车,858812.SI
300358.SZ,300358,楚天科技,湖南,创业板,SZSE,20140121,医药生物,医疗器械,医疗设备,851532.SI
300376.SZ,300376,易事特,广东,创业板,SZSE,20140127,电力设备,其他电源设备Ⅱ,其他电源设备Ⅲ,857336.SI
300417.SZ,300417,南华仪器,广东,创业板,SZSE,20150123,机械设备,通用设备,仪器仪表,850731.SI
300456.SZ,300456,赛微电子,北京,创业板,SZSE,20150514,电子,半导体,集成电路制造,850816.SI
002873.SZ,002873,新天药业,贵州,主板,SZSE,20170519,医药生物,中药Ⅱ,中药Ⅲ,851521.SI
002875.SZ,002875,安奈儿,深圳,主板,SZSE,20170601,纺织服饰,服装家纺,非运动服装,851329.SI
002988.SZ,002988,豪美新材,广东,主板,SZSE,20200518,有色金属,工业金属,铝,850551.SI
002993.SZ,002993,奥海科技,广东,主板,SZSE,20200817,电子,消费电子,消费电子零部件及组装,850854.SI
003000.SZ,003000,劲仔食品,湖南,主板,SZSE,20200914,食品饮料,休闲食品,零食,851281.SI
300062.SZ,300062,中能电气,福建,创业板,SZSE,20100319,电力设备,电网设备,输变电设备,857381.SI
300416.SZ,300416,苏试试验,江苏,创业板,SZSE,20150122,社会服务,专业服务,检测服务,852182.SI
002990.SZ,002990,盛视科技,深圳,主板,SZSE,20200525,计算机,计算机设备,其他计算机设备,850703.SI
300020.SZ,300020,ST银江,浙江,创业板,SZSE,20091030,计算机,IT服务Ⅱ,IT服务Ⅲ,852226.SI
300422.SZ,300422,博世科,广西,创业板,SZSE,20150217,环保,环境治理,水务及水治理,859712.SI
300485.SZ,300485,赛升药业,北京,创业板,SZSE,20150626,医药生物,生物制品,其他生物制品,851524.SI
300486.SZ,300486,东杰智能,山西,创业板,SZSE,20150630,机械设备,自动化设备,其他自动化设备,850784.SI
300500.SZ,300500,启迪设计,江苏,创业板,SZSE,20160204,建筑装饰,工程咨询服务Ⅱ,工程咨询服务Ⅲ,857261.SI
300503.SZ,300503,昊志机电,广东,创业板,SZSE,20160309,机械设备,通用设备,其他通用设备,850716.SI
002977.SZ,002977,*ST天箭,四川,主板,SZSE,20200317,国防军工,军工电子Ⅱ,军工电子Ⅲ,857451.SI
003004.SZ,003004,声迅股份,北京,主板,SZSE,20201126,计算机,计算机设备,安防设备,850702.SI
003005.SZ,003005,竞业达,北京,主板,SZSE,20200922,计算机,IT服务Ⅱ,IT服务Ⅲ,852226.SI
003013.SZ,003013,地铁设计,广东,主板,SZSE,20201022,建筑装饰,工程咨询服务Ⅱ,工程咨询服务Ⅲ,857261.SI
003026.SZ,003026,中晶科技,浙江,主板,SZSE,20201218,电子,半导体,半导体材料,850813.SI
300017.SZ,300017,网宿科技,上海,创业板,SZSE,20091030,计算机,IT服务Ⅱ,IT服务Ⅲ,852226.SI
300031.SZ,300031,宝通科技,江苏,创业板,SZSE,20091225,传媒,游戏Ⅱ,游戏Ⅲ,857641.SI
300454.SZ,300454,深信服,深圳,创业板,SZSE,20180516,计算机,软件开发,横向通用软件,851042.SI
300490.SZ,300490,华自科技,湖南,创业板,SZSE,20151231,电力设备,电池,锂电专用设备,857373.SI
002024.SZ,002024,ST易购,江苏,主板,SZSE,20040721,商贸零售,互联网电商,综合电商,852061.SI
300048.SZ,300048,合康新能,北京,创业板,SZSE,20100120,机械设备,自动化设备,工控设备,850782.SI
300069.SZ,300069,金利华电,山西,创业板,SZSE,20100421,电力设备,电网设备,线缆部件及其他,857344.SI
300103.SZ,300103,达刚控股,陕西,创业板,SZSE,20100812,机械设备,专用设备,其他专用设备,850727.SI
300128.SZ,300128,锦富技术,江苏,创业板,SZSE,20101013,电子,消费电子,消费电子零部件及组装,850854.SI
300448.SZ,300448,浩云科技,广东,创业板,SZSE,20150424,计算机,IT服务Ⅱ,IT服务Ⅲ,852226.SI
300473.SZ,300473,德尔股份,辽宁,创业板,SZSE,20150612,汽车,汽车零部件,其他汽车零部件,850925.SI
300525.SZ,300525,博思软件,福建,创业板,SZSE,20160726,计算机,软件开发,垂直应用软件,851041.SI
300005.SZ,300005,探路者,北京,创业板,SZSE,20091030,纺织服饰,服装家纺,运动服装,851328.SI
300035.SZ,300035,中科电气,湖南,创业板,SZSE,20091225,电力设备,电池,电池化学品,857372.SI
300111.SZ,300111,向日葵,浙江,创业板,SZSE,20100827,医药生物,化学制药,化学制剂,851512.SI
300506.SZ,300506,名家汇,深圳,创业板,SZSE,20160324,建筑装饰,装修装饰Ⅱ,装修装饰Ⅲ,857221.SI
300520.SZ,300520,科大国创,安徽,创业板,SZSE,20160708,计算机,软件开发,垂直应用软件,851041.SI
300001.SZ,300001,特锐德,山东,创业板,SZSE,20091030,电力设备,电网设备,输变电设备,857381.SI
300043.SZ,300043,星辉娱乐,广东,创业板,SZSE,20100120,传媒,游戏Ⅱ,游戏Ⅲ,857641.SI
300093.SZ,300093,金刚光伏,甘肃,创业板,SZSE,20100708,电力设备,光伏设备,光伏电池组件,857352.SI
300145.SZ,300145,南方泵业,浙江,创业板,SZSE,20101209,机械设备,通用设备,其他通用设备,850716.SI
300209.SZ,300209,行云科技,湖南,创业板,SZSE,20110426,计算机,软件开发,垂直应用软件,851041.SI
300631.SZ,300631,久吾高科,江苏,创业板,SZSE,20170323,环保,环保设备Ⅱ,环保设备Ⅲ,859721.SI
300074.SZ,300074,华平股份,上海,创业板,SZSE,20100427,计算机,软件开发,垂直应用软件,851041.SI
300176.SZ,300176,鸿特科技,广东,创业板,SZSE,20110215,汽车,汽车零部件,底盘与发动机系统,850923.SI
300242.SZ,300242,佳云科技,广东,创业板,SZSE,20110712,传媒,广告营销,营销代理,857651.SI
300107.SZ,300107,建新股份,河北,创业板,SZSE,20100820,基础化工,化学制品,纺织化学制品,850338.SI
300138.SZ,300138,晨光生物,河北,创业板,SZSE,20101105,农林牧渔,农产品加工,其他农产品加工,850154.SI
300157.SZ,300157,新锦动力,北京,创业板,SZSE,20110107,机械设备,通用设备,其他通用设备,850716.SI
300179.SZ,300179,四方达,河南,创业板,SZSE,20110215,机械设备,通用设备,磨具磨料,850713.SI
300195.SZ,300195,长荣股份,天津,创业板,SZSE,20110329,机械设备,专用设备,印刷包装机械,850726.SI
300268.SZ,300268,佳沃食品,湖南,创业板,SZSE,20110927,农林牧渔,农产品加工,其他农产品加工,850154.SI
300189.SZ,300189,神农种业,海南,创业板,SZSE,20110316,农林牧渔,种植业,种子,850111.SI
300241.SZ,300241,瑞丰光电,深圳,创业板,SZSE,20110712,电子,光学光电子,LED,850832.SI
300248.SZ,300248,新开普,河南,创业板,SZSE,20110729,计算机,计算机设备,其他计算机设备,850703.SI
300130.SZ,300130,新国都,深圳,创业板,SZSE,20101019,计算机,计算机设备,其他计算机设备,850703.SI
300158.SZ,300158,振东制药,山西,创业板,SZSE,20110107,医药生物,中药Ⅱ,中药Ⅲ,851521.SI
300175.SZ,300175,朗源股份,山东,创业板,SZSE,20110215,农林牧渔,农产品加工,果蔬加工,850151.SI
300187.SZ,300187,永清环保,湖南,创业板,SZSE,20110308,环保,环境治理,综合环境治理,859714.SI
300245.SZ,300245,ST天玑,上海,创业板,SZSE,20110719,计算机,IT服务Ⅱ,IT服务Ⅲ,852226.SI
300286.SZ,300286,安科瑞,上海,创业板,SZSE,20120113,电力设备,电网设备,电工仪器仪表,857323.SI
300287.SZ,300287,飞利信,北京,创业板,SZSE,20120201,计算机,IT服务Ⅱ,IT服务Ⅲ,852226.SI
300295.SZ,300295,*ST三六五,江苏,创业板,SZSE,20120315,传媒,数字媒体,门户网站,857674.SI
300347.SZ,300347,泰格医药,浙江,创业板,SZSE,20120817,医药生物,医疗服务,医疗研发外包,851563.SI
300638.SZ,300638,广和通,深圳,创业板,SZSE,20170413,通信,通信设备,通信终端及配件,851026.SI
300698.SZ,300698,万马科技,浙江,创业板,SZSE,20170831,通信,通信设备,通信网络设备及器件,851024.SI
300732.SZ,300732,设研院,河南,创业板,SZSE,20171212,建筑装饰,工程咨询服务Ⅱ,工程咨询服务Ⅲ,857261.SI
300780.SZ,300780,德恩精工,四川,创业板,SZSE,20190531,机械设备,通用设备,金属制品,850751.SI
300256.SZ,300256,星星科技,江西,创业板,SZSE,20110819,电子,消费电子,消费电子零部件及组装,850854.SI
300313.SZ,300313,天山生物,新疆,创业板,SZSE,20120425,农林牧渔,养殖业,其他养殖,850174.SI
300341.SZ,300341,麦克奥迪,福建,创业板,SZSE,20120726,医药生物,医疗器械,医疗设备,851532.SI
300635.SZ,300635,中达安,广东,创业板,SZSE,20170331,建筑装饰,工程咨询服务Ⅱ,工程咨询服务Ⅲ,857261.SI
300661.SZ,300661,圣邦股份,北京,创业板,SZSE,20170606,电子,半导体,模拟芯片设计,850815.SI
300249.SZ,300249,依米康,四川,创业板,SZSE,20110803,计算机,计算机设备,其他计算机设备,850703.SI
300255.SZ,300255,常山药业,河北,创业板,SZSE,20110819,医药生物,化学制药,化学制剂,851512.SI
300386.SZ,300386,飞天诚信,北京,创业板,SZSE,20140626,计算机,计算机设备,其他计算机设备,850703.SI
300407.SZ,300407,凯发电气,天津,创业板,SZSE,20141203,电力设备,电网设备,电网自动化设备,857321.SI
300725.SZ,300725,药石科技,江苏,创业板,SZSE,20171110,医药生物,医疗服务,医疗研发外包,851563.SI
300792.SZ,300792,壹网壹创,浙江,创业板,SZSE,20190927,商贸零售,互联网电商,电商服务,852063.SI
300814.SZ,300814,中富电路,深圳,创业板,SZSE,20210812,电子,元件,印制电路板,850822.SI
300257.SZ,300257,开山股份,上海,创业板,SZSE,20110819,机械设备,通用设备,其他通用设备,850716.SI
300283.SZ,300283,温州宏丰,浙江,创业板,SZSE,20120110,电力设备,电网设备,配电设备,857382.SI
300298.SZ,300298,三诺生物,湖南,创业板,SZSE,20120319,医药生物,医疗器械,医疗设备,851532.SI
300433.SZ,300433,蓝思科技,湖南,创业板,SZSE,20150318,电子,消费电子,消费电子零部件及组装,850854.SI
300758.SZ,300758,七彩化学,辽宁,创业板,SZSE,20190222,基础化工,化学制品,涂料油墨,850335.SI
300766.SZ,300766,每日互动,浙江,创业板,SZSE,20190325,计算机,软件开发,横向通用软件,851042.SI
300777.SZ,300777,中简科技,江苏,创业板,SZSE,20190516,国防军工,航空装备Ⅱ,航空装备Ⅲ,857421.SI
300807.SZ,300807,天迈科技,河南,创业板,SZSE,20191219,计算机,计算机设备,其他计算机设备,850703.SI
300816.SZ,300816,艾可蓝,安徽,创业板,SZSE,20200210,汽车,汽车零部件,其他汽车零部件,850925.SI
300842.SZ,300842,帝科股份,江苏,创业板,SZSE,20200618,电力设备,光伏设备,光伏辅材,857354.SI
300274.SZ,300274,阳光电源,安徽,创业板,SZSE,20111102,电力设备,光伏设备,逆变器,857353.SI
300326.SZ,300326,ST凯利,上海,创业板,SZSE,20120613,医药生物,医疗器械,医疗耗材,851533.SI
300349.SZ,300349,金卡智能,浙江,创业板,SZSE,20120817,机械设备,通用设备,仪器仪表,850731.SI
300415.SZ,300415,伊之密,广东,创业板,SZSE,20150123,机械设备,专用设备,其他专用设备,850727.SI
300423.SZ,300423,昇辉科技,山东,创业板,SZSE,20150217,电力设备,电网设备,输变电设备,857381.SI
300465.SZ,300465,高伟达,北京,创业板,SZSE,20150528,计算机,软件开发,垂直应用软件,851041.SI
300782.SZ,300782,卓胜微,江苏,创业板,SZSE,20190618,电子,半导体,模拟芯片设计,850815.SI
300801.SZ,300801,泰和科技,山东,创业板,SZSE,20191128,基础化工,化学制品,其他化学制品,850339.SI
300805.SZ,300805,电声股份,广东,创业板,SZSE,20191121,传媒,广告营销,营销代理,857651.SI
300833.SZ,300833,浩洋股份,广东,创业板,SZSE,20200520,机械设备,专用设备,其他专用设备,850727.SI
300848.SZ,300848,美瑞新材,山东,创业板,SZSE,20200720,基础化工,化学制品,聚氨酯,850372.SI
300850.SZ,300850,新强联,河南,创业板,SZSE,20200713,电力设备,风电设备,风电零部件,857362.SI
300328.SZ,300328,宜安科技,广东,创业板,SZSE,20120619,有色金属,工业金属,铝,850551.SI
300389.SZ,300389,艾比森,深圳,创业板,SZSE,20140801,电子,光学光电子,LED,850832.SI
300397.SZ,300397,天和防务,陕西,创业板,SZSE,20140910,国防军工,军工电子Ⅱ,军工电子Ⅲ,857451.SI
300426.SZ,300426,华智数媒,浙江,创业板,SZSE,20150217,传媒,影视院线,影视动漫制作,857661.SI
300451.SZ,300451,创业慧康,浙江,创业板,SZSE,20150514,计算机,软件开发,垂直应用软件,851041.SI
300493.SZ,300493,润欣科技,上海,创业板,SZSE,20151210,电子,其他电子Ⅱ,其他电子Ⅲ,850841.SI
300824.SZ,300824,北鼎股份,深圳,创业板,SZSE,20200619,家用电器,小家电,厨房小家电,851131.SI
300858.SZ,300858,科拓生物,北京,创业板,SZSE,20200727,基础化工,化学制品,食品及饲料添加剂,850135.SI
300412.SZ,300412,迦南科技,浙江,创业板,SZSE,20141231,机械设备,专用设备,其他专用设备,850727.SI
300429.SZ,300429,强力新材,江苏,创业板,SZSE,20150324,电子,电子化学品Ⅱ,电子化学品Ⅲ,850861.SI
300501.SZ,300501,海顺新材,上海,创业板,SZSE,20160204,轻工制造,包装印刷,综合包装,851426.SI
300827.SZ,300827,上能电气,江苏,创业板,SZSE,20200410,电力设备,光伏设备,逆变器,857353.SI
300878.SZ,300878,维康药业,浙江,创业板,SZSE,20200824,医药生物,中药Ⅱ,中药Ⅲ,851521.SI
300881.SZ,300881,盛德鑫泰,江苏,创业板,SZSE,20200901,钢铁,特钢Ⅱ,特钢Ⅲ,850401.SI
300890.SZ,300890,翔丰华,上海,创业板,SZSE,20200917,电力设备,电池,电池化学品,857372.SI
300912.SZ,300912,凯龙高科,江苏,创业板,SZSE,20201207,汽车,汽车零部件,其他汽车零部件,850925.SI
300394.SZ,300394,天孚通信,江苏,创业板,SZSE,20150217,通信,通信设备,通信网络设备及器件,851024.SI
300461.SZ,300461,田中精机,浙江,创业板,SZSE,20150519,机械设备,自动化设备,其他自动化设备,850784.SI
300480.SZ,300480,光力科技,河南,创业板,SZSE,20150702,机械设备,专用设备,能源及重型设备,850725.SI
300513.SZ,300513,恒实科技,北京,创业板,SZSE,20160530,通信,通信服务,通信工程及服务,852213.SI
300877.SZ,300877,金春股份,安徽,创业板,SZSE,20200824,纺织服饰,纺织制造,其他纺织,851316.SI
300948.SZ,300948,冠中生态,山东,创业板,SZSE,20210225,建筑装饰,基础建设,园林工程,857251.SI
300470.SZ,300470,中密控股,四川,创业板,SZSE,20150612,机械设备,通用设备,其他通用设备,850716.SI
300532.SZ,300532,今天国际,深圳,创业板,SZSE,20160818,计算机,IT服务Ⅱ,IT服务Ⅲ,852226.SI
300552.SZ,300552,万集科技,北京,创业板,SZSE,20161021,计算机,计算机设备,其他计算机设备,850703.SI
300886.SZ,300886,华业香料,安徽,创业板,SZSE,20200916,基础化工,化学制品,食品及饲料添加剂,850135.SI
300908.SZ,300908,仲景食品,河南,创业板,SZSE,20201123,食品饮料,调味发酵品Ⅱ,调味发酵品Ⅲ,851242.SI
300951.SZ,300951,博硕科技,深圳,创业板,SZSE,20210226,电子,消费电子,消费电子零部件及组装,850854.SI
300952.SZ,300952,恒辉安防,江苏,创业板,SZSE,20210311,纺织服饰,服装家纺,鞋帽及其他,851325.SI
300959.SZ,300959,线上线下,江苏,创业板,SZSE,20210322,通信,通信服务,通信应用增值服务,852214.SI
300462.SZ,300462,ST华铭,上海,创业板,SZSE,20150527,计算机,计算机设备,其他计算机设备,850703.SI
300538.SZ,300538,同益股份,深圳,创业板,SZSE,20160826,基础化工,塑料,改性塑料,850353.SI
300595.SZ,300595,欧普康视,安徽,创业板,SZSE,20170117,医药生物,医疗器械,医疗耗材,851533.SI
300967.SZ,300967,晓鸣股份,宁夏,创业板,SZSE,20210413,农林牧渔,养殖业,肉鸡养殖,850173.SI
300998.SZ,300998,宁波方正,浙江,创业板,SZSE,20210602,汽车,汽车零部件,其他汽车零部件,850925.SI
300561.SZ,300561,汇金科技,广东,创业板,SZSE,20161117,计算机,软件开发,垂直应用软件,851041.SI
300564.SZ,300564,筑博设计,西藏,创业板,SZSE,20191108,建筑装饰,工程咨询服务Ⅱ,工程咨询服务Ⅲ,857261.SI
300570.SZ,300570,太辰光,深圳,创业板,SZSE,20161206,通信,通信设备,通信网络设备及器件,851024.SI
300592.SZ,300592,华凯易佰,湖南,创业板,SZSE,20170120,商贸零售,互联网电商,跨境电商,852062.SI
300950.SZ,300950,德固特,山东,创业板,SZSE,20210303,机械设备,专用设备,能源及重型设备,850725.SI
301001.SZ,301001,凯淳股份,上海,创业板,SZSE,20210528,商贸零售,互联网电商,电商服务,852063.SI
301042.SZ,301042,安联锐视,广东,创业板,SZSE,20210805,计算机,计算机设备,安防设备,850702.SI
300558.SZ,300558,贝达药业,浙江,创业板,SZSE,20161107,医药生物,化学制药,化学制剂,851512.SI
300560.SZ,300560,中富通,福建,创业板,SZSE,20161101,通信,通信服务,通信工程及服务,852213.SI
300664.SZ,300664,鹏鹞环保,江苏,创业板,SZSE,20180105,环保,环境治理,水务及水治理,859712.SI
300676.SZ,300676,华大基因,深圳,创业板,SZSE,20170714,医药生物,医疗服务,诊断服务,851562.SI
300691.SZ,300691,联合光电,广东,创业板,SZSE,20170811,计算机,计算机设备,安防设备,850702.SI
300990.SZ,300990,同飞股份,河北,创业板,SZSE,20210512,机械设备,通用设备,制冷空调设备,850715.SI
301052.SZ,301052,果麦文化,浙江,创业板,SZSE,20210830,传媒,出版,大众出版,857692.SI
300577.SZ,300577,开润股份,安徽,创业板,SZSE,20161221,纺织服饰,服装家纺,鞋帽及其他,851325.SI
300658.SZ,300658,延江股份,福建,创业板,SZSE,20170602,美容护理,个护用品,生活用纸,859811.SI
300667.SZ,300667,必创科技,北京,创业板,SZSE,20170619,机械设备,通用设备,仪器仪表,850731.SI
300669.SZ,300669,沪宁股份,浙江,创业板,SZSE,20170629,机械设备,专用设备,楼宇设备,850728.SI
300678.SZ,300678,中科信息,四川,创业板,SZSE,20170728,计算机,IT服务Ⅱ,IT服务Ⅲ,852226.SI
301026.SZ,301026,浩通科技,江苏,创业板,SZSE,20210716,有色金属,小金属,其他小金属,850544.SI
300636.SZ,300636,同和药业,江西,创业板,SZSE,20170331,医药生物,化学制药,原料药,851511.SI
300644.SZ,300644,南京聚隆,江苏,创业板,SZSE,20180206,基础化工,塑料,改性塑料,850353.SI
300654.SZ,300654,世纪天鸿,山东,创业板,SZSE,20170926,传媒,出版,教育出版,857691.SI
300684.SZ,300684,中石科技,北京,创业板,SZSE,20171227,电子,电子化学品Ⅱ,电子化学品Ⅲ,850861.SI
300702.SZ,300702,天宇股份,浙江,创业板,SZSE,20170919,医药生物,化学制药,原料药,851511.SI
300711.SZ,300711,广哈通信,广东,创业板,SZSE,20171101,通信,通信设备,其他通信设备,851027.SI
301125.SZ,301125,腾亚精工,江苏,创业板,SZSE,20220608,机械设备,通用设备,其他通用设备,850716.SI
301150.SZ,301150,中一科技,湖北,创业板,SZSE,20220421,电力设备,电池,锂电池,857371.SI
300648.SZ,300648,星云股份,福建,创业板,SZSE,20170425,电力设备,电池,锂电专用设备,857373.SI
300695.SZ,300695,兆丰股份,浙江,创业板,SZSE,20170908,汽车,汽车零部件,轮胎轮毂,850924.SI
300697.SZ,300697,电工合金,江苏,创业板,SZSE,20170907,有色金属,工业金属,铜,850552.SI
300699.SZ,300699,光威复材,山东,创业板,SZSE,20170901,国防军工,航空装备Ⅱ,航空装备Ⅲ,857421.SI
300701.SZ,300701,森霸传感,河南,创业板,SZSE,20170915,电子,光学光电子,光学元件,850833.SI
300774.SZ,300774,倍杰特,北京,创业板,SZSE,20210804,环保,环境治理,水务及水治理,859712.SI
301133.SZ,301133,金钟股份,广东,创业板,SZSE,20211126,汽车,汽车零部件,车身附件及饰件,850922.SI
000761.SZ,000761,本钢板材,辽宁,主板,SZSE,19980115,钢铁,普钢,板材,850442.SI
300745.SZ,300745,欣锐科技,深圳,创业板,SZSE,20180523,汽车,汽车零部件,汽车电子电气系统,850926.SI
300773.SZ,300773,拉卡拉,北京,创业板,SZSE,20190425,非银金融,多元金融,金融信息服务,851926.SI
301123.SZ,301123,奕东电子,广东,创业板,SZSE,20220125,电子,消费电子,消费电子零部件及组装,850854.SI
301129.SZ,301129,瑞纳智能,安徽,创业板,SZSE,20211102,机械设备,通用设备,仪器仪表,850731.SI
301132.SZ,301132,满坤科技,江西,创业板,SZSE,20220810,电子,元件,印制电路板,850822.SI
300709.SZ,300709,精研科技,江苏,创业板,SZSE,20171019,电子,消费电子,消费电子零部件及组装,850854.SI
300731.SZ,300731,科创新源,深圳,创业板,SZSE,20171208,基础化工,橡胶,其他橡胶制品,850362.SI
300800.SZ,300800,力合科技,湖南,创业板,SZSE,20191106,环保,环保设备Ⅱ,环保设备Ⅲ,859721.SI
300802.SZ,300802,矩子科技,上海,创业板,SZSE,20191114,机械设备,自动化设备,其他自动化设备,850784.SI
300835.SZ,300835,龙磁科技,安徽,创业板,SZSE,20200525,有色金属,金属新材料,磁性材料,850522.SI
301160.SZ,301160,翔楼新材,江苏,创业板,SZSE,20220606,机械设备,通用设备,金属制品,850751.SI
300762.SZ,300762,上海瀚讯,上海,创业板,SZSE,20190314,国防军工,军工电子Ⅱ,军工电子Ⅲ,857451.SI
300783.SZ,300783,三只松鼠,安徽,创业板,SZSE,20190712,食品饮料,休闲食品,零食,851281.SI
300787.SZ,300787,海能实业,江西,创业板,SZSE,20190815,电子,消费电子,消费电子零部件及组装,850854.SI
300791.SZ,300791,仙乐健康,广东,创业板,SZSE,20190925,食品饮料,食品加工,保健品,851247.SI
300836.SZ,300836,佰奥智能,江苏,创业板,SZSE,20200528,机械设备,专用设备,其他专用设备,850727.SI
300853.SZ,300853,申昊科技,浙江,创业板,SZSE,20200724,电力设备,电网设备,电网自动化设备,857321.SI
301206.SZ,301206,三元生物,山东,创业板,SZSE,20220210,基础化工,化学制品,食品及饲料添加剂,850135.SI
301220.SZ,301220,亚香股份,江苏,创业板,SZSE,20220622,基础化工,化学制品,食品及饲料添加剂,850135.SI
300796.SZ,300796,贝斯美,浙江,创业板,SZSE,20191115,基础化工,农化制品,农药,850333.SI
300804.SZ,300804,广康生化,广东,创业板,SZSE,20230627,基础化工,农化制品,农药,850333.SI
300822.SZ,300822,贝仕达克,深圳,创业板,SZSE,20200313,电子,消费电子,消费电子零部件及组装,850854.SI
300879.SZ,300879,大叶股份,浙江,创业板,SZSE,20200901,机械设备,专用设备,农用机械,850723.SI
300888.SZ,300888,稳健医疗,深圳,创业板,SZSE,20200917,美容护理,个护用品,生活用纸,859811.SI
301252.SZ,301252,同星科技,浙江,创业板,SZSE,20230525,家用电器,家电零部件Ⅱ,家电零部件Ⅲ,851161.SI
301265.SZ,301265,华新科技,北京,创业板,SZSE,20221216,环保,环境治理,固废治理,859713.SI
300834.SZ,300834,星辉环材,广东,创业板,SZSE,20220113,基础化工,塑料,改性塑料,850353.SI
300882.SZ,300882,万胜智能,浙江,创业板,SZSE,20200910,电力设备,电网设备,电工仪器仪表,857323.SI
300894.SZ,300894,火星人,浙江,创业板,SZSE,20201231,家用电器,厨卫电器,厨房电器,851141.SI
300945.SZ,300945,曼卡龙,浙江,创业板,SZSE,20210210,纺织服饰,饰品,钟表珠宝,851331.SI
301231.SZ,301231,荣信文化,陕西,创业板,SZSE,20220908,传媒,出版,大众出版,857692.SI
301281.SZ,301281,科源制药,山东,创业板,SZSE,20230404,医药生物,化学制药,原料药,851511.SI
301283.SZ,301283,聚胶股份,广东,创业板,SZSE,20220902,基础化工,化学制品,胶黏剂及胶带,850137.SI
301286.SZ,301286,侨源股份,四川,创业板,SZSE,20220614,基础化工,化学制品,其他化学制品,850339.SI
300867.SZ,300867,圣元环保,福建,创业板,SZSE,20200824,环保,环境治理,固废治理,859713.SI
301263.SZ,301263,泰恩康,广东,创业板,SZSE,20220329,医药生物,化学制药,化学制剂,851512.SI
301282.SZ,301282,金禄电子,广东,创业板,SZSE,20220826,电子,元件,印制电路板,850822.SI
301285.SZ,301285,鸿日达,江苏,创业板,SZSE,20220928,电子,消费电子,消费电子零部件及组装,850854.SI
301288.SZ,301288,清研环境,深圳,创业板,SZSE,20220422,环保,环保设备Ⅱ,环保设备Ⅲ,859721.SI
301299.SZ,301299,卓创资讯,山东,创业板,SZSE,20221019,传媒,数字媒体,门户网站,857674.SI
301309.SZ,301309,万得凯,浙江,创业板,SZSE,20220919,机械设备,通用设备,金属制品,850751.SI
300903.SZ,300903,科翔股份,广东,创业板,SZSE,20201105,电子,元件,印制电路板,850822.SI
300919.SZ,300919,中伟新材,贵州,创业板,SZSE,20201223,电力设备,电池,电池化学品,857372.SI
300922.SZ,300922,天秦装备,河北,创业板,SZSE,20201225,国防军工,地面兵装Ⅱ,地面兵装Ⅲ,857431.SI
300983.SZ,300983,尤安设计,上海,创业板,SZSE,20210420,建筑装饰,工程咨询服务Ⅱ,工程咨询服务Ⅲ,857261.SI
301316.SZ,301316,慧博云通,浙江,创业板,SZSE,20221013,计算机,IT服务Ⅱ,IT服务Ⅲ,852226.SI
300931.SZ,300931,通用电梯,江苏,创业板,SZSE,20210121,机械设备,专用设备,楼宇设备,850728.SI
300939.SZ,300939,秋田微,深圳,创业板,SZSE,20210128,电子,光学光电子,面板,850831.SI
300940.SZ,300940,南极光,深圳,创业板,SZSE,20210203,电子,光学光电子,LED,850832.SI
300961.SZ,300961,深水海纳,深圳,创业板,SZSE,20210330,环保,环境治理,水务及水治理,859712.SI
301017.SZ,301017,漱玉平民,山东,创业板,SZSE,20210705,医药生物,医药商业,线下药店,851543.SI
301037.SZ,301037,保立佳,上海,创业板,SZSE,20210730,基础化工,化学制品,涂料油墨,850335.SI
301330.SZ,301330,熵基科技,广东,创业板,SZSE,20220817,计算机,计算机设备,安防设备,850702.SI
301413.SZ,301413,安培龙,深圳,创业板,SZSE,20231218,机械设备,通用设备,仪器仪表,850731.SI
301419.SZ,301419,阿莱德,上海,创业板,SZSE,20230209,通信,通信设备,通信网络设备及器件,851024.SI
300973.SZ,300973,立高食品,广东,创业板,SZSE,20210415,食品饮料,休闲食品,烘焙食品,851282.SI
300994.SZ,300994,久祺股份,浙江,创业板,SZSE,20210812,汽车,摩托车及其他,其他运输设备,858811.SI
300997.SZ,300997,欢乐家,广东,创业板,SZSE,20210602,食品饮料,饮料乳品,软饮料,851271.SI
300999.SZ,300999,金龙鱼,上海,创业板,SZSE,20201015,农林牧渔,农产品加工,粮油加工,850152.SI
301004.SZ,301004,嘉益股份,浙江,创业板,SZSE,20210625,轻工制造,家居用品,其他家居用品,851491.SI
301025.SZ,301025,读客文化,上海,创业板,SZSE,20210719,传媒,出版,大众出版,857692.SI
301032.SZ,301032,新柴股份,浙江,创业板,SZSE,20210722,机械设备,通用设备,其他通用设备,850716.SI
301378.SZ,301378,通达海,江苏,创业板,SZSE,20230320,计算机,软件开发,垂直应用软件,851041.SI
301421.SZ,301421,波长光电,江苏,创业板,SZSE,20230823,电子,光学光电子,光学元件,850833.SI
301003.SZ,301003,江苏博云,江苏,创业板,SZSE,20210601,基础化工,塑料,改性塑料,850353.SI
301007.SZ,301007,德迈仕,辽宁,创业板,SZSE,20210616,汽车,汽车零部件,底盘与发动机系统,850923.SI
301027.SZ,301027,华蓝集团,广西,创业板,SZSE,20210715,建筑装饰,工程咨询服务Ⅱ,工程咨询服务Ⅲ,857261.SI
301043.SZ,301043,绿岛风,广东,创业板,SZSE,20210811,机械设备,通用设备,制冷空调设备,850715.SI
301050.SZ,301050,雷电微力,四川,创业板,SZSE,20210824,国防军工,军工电子Ⅱ,军工电子Ⅲ,857451.SI
301057.SZ,301057,汇隆新材,浙江,创业板,SZSE,20210909,基础化工,化学纤维,涤纶,850341.SI
301073.SZ,301073,君亭酒店,浙江,创业板,SZSE,20210930,社会服务,酒店餐饮,酒店,852121.SI
301083.SZ,301083,百胜智能,江西,创业板,SZSE,20211021,机械设备,专用设备,其他专用设备,850727.SI
301446.SZ,301446,福事特,江西,创业板,SZSE,20230725,机械设备,工程机械,工程机械器件,850772.SI
301456.SZ,301456,盘古智能,山东,创业板,SZSE,20230714,电力设备,风电设备,风电零部件,857362.SI
301036.SZ,301036,双乐股份,江苏,创业板,SZSE,20210729,基础化工,化学制品,涂料油墨,850335.SI
301055.SZ,301055,张小泉,浙江,创业板,SZSE,20210906,轻工制造,家居用品,其他家居用品,851491.SI
301058.SZ,301058,中粮科工,江苏,创业板,SZSE,20210909,建筑装饰,工程咨询服务Ⅱ,工程咨询服务Ⅲ,857261.SI
301533.SZ,301533,威马农机,重庆,创业板,SZSE,20230818,机械设备,专用设备,农用机械,850723.SI
301536.SZ,301536,星宸科技,福建,创业板,SZSE,20240328,电子,半导体,数字芯片设计,850814.SI
301092.SZ,301092,争光股份,浙江,创业板,SZSE,20211102,基础化工,塑料,合成树脂,850354.SI
301098.SZ,301098,金埔园林,江苏,创业板,SZSE,20211112,建筑装饰,基础建设,园林工程,857251.SI
301119.SZ,301119,正强股份,浙江,创业板,SZSE,20211122,汽车,汽车零部件,底盘与发动机系统,850923.SI
000006.SZ,000006,深振业A,深圳,主板,SZSE,19920427,房地产,房地产开发,住宅开发,851811.SI
000007.SZ,000007,全新好,深圳,主板,SZSE,19920413,商贸零售,一般零售,商业物业经营,852034.SI
000008.SZ,000008,神州高铁,北京,主板,SZSE,19920507,机械设备,轨交设备Ⅱ,轨交设备Ⅲ,850936.SI
000009.SZ,000009,中国宝安,深圳,主板,SZSE,19910625,电力设备,电池,电池化学品,857372.SI
000010.SZ,000010,*ST美丽,深圳,主板,SZSE,19951027,建筑装饰,基础建设,园林工程,857251.SI
000011.SZ,000011,深物业A,深圳,主板,SZSE,19920330,房地产,房地产开发,住宅开发,851811.SI
000012.SZ,000012,南玻A,深圳,主板,SZSE,19920228,建筑材料,玻璃玻纤,玻璃制造,857121.SI
000014.SZ,000014,沙河股份,深圳,主板,SZSE,19920602,房地产,房地产开发,住宅开发,851811.SI
000016.SZ,000016,*ST康佳A,深圳,主板,SZSE,19920327,家用电器,白色家电,冰洗,851116.SI
000017.SZ,000017,深中华A,深圳,主板,SZSE,19920331,纺织服饰,饰品,钟表珠宝,851331.SI
301110.SZ,301110,青木科技,广东,创业板,SZSE,20220311,商贸零售,互联网电商,电商服务,852063.SI
301600.SZ,301600,慧翰股份,福建,创业板,SZSE,20240911,计算机,计算机设备,其他计算机设备,850703.SI
301177.SZ,301177,迪阿股份,深圳,创业板,SZSE,20211215,纺织服饰,饰品,钟表珠宝,851331.SI
301603.SZ,301603,乔锋智能,广东,创业板,SZSE,20240710,机械设备,通用设备,机床工具,850711.SI
600007.SH,600007,中国国贸,北京,主板,SSE,19990312,房地产,房地产开发,商业地产,851812.SI
301173.SZ,301173,毓恬冠佳,上海,创业板,SZSE,20250303,汽车,汽车零部件,车身附件及饰件,850922.SI
301215.SZ,301215,中汽股份,江苏,创业板,SZSE,20220308,汽车,汽车服务,汽车综合服务,850233.SI
600067.SH,600067,冠城新材,福建,主板,SSE,19970508,电力设备,电网设备,线缆部件及其他,857344.SI
600080.SH,600080,ST金花,陕西,主板,SSE,19970612,医药生物,中药Ⅱ,中药Ⅲ,851521.SI
301202.SZ,301202,朗威股份,江苏,创业板,SZSE,20230705,通信,通信设备,其他通信设备,851027.SI
301205.SZ,301205,联特科技,湖北,创业板,SZSE,20220913,通信,通信设备,通信网络设备及器件,851024.SI
301216.SZ,301216,万凯新材,浙江,创业板,SZSE,20220329,基础化工,塑料,其他塑料制品,850351.SI
301228.SZ,301228,实朴检测,上海,创业板,SZSE,20220128,社会服务,专业服务,检测服务,852182.SI
301233.SZ,301233,盛帮股份,四川,创业板,SZSE,20220706,汽车,汽车零部件,其他汽车零部件,850925.SI
600059.SH,600059,古越龙山,浙江,主板,SSE,19970516,食品饮料,非白酒,其他酒类,851233.SI
600073.SH,600073,光明肉业,上海,主板,SSE,19970704,食品饮料,食品加工,肉制品,851241.SI
600075.SH,600075,新疆天业,新疆,主板,SSE,19970617,基础化工,化学原料,氯碱,850322.SI
600076.SH,600076,康欣新材,山东,主板,SSE,19970526,轻工制造,包装印刷,综合包装,851426.SI
600100.SH,600100,同方股份,北京,主板,SSE,19970627,计算机,计算机设备,其他计算机设备,850703.SI
600101.SH,600101,明星电力,四川,主板,SSE,19970627,公用事业,电力,电能综合服务,851610.SI
600103.SH,600103,青山纸业,福建,主板,SSE,19970703,轻工制造,造纸,特种纸,851413.SI
600137.SH,600137,浪莎股份,四川,主板,SSE,19980416,纺织服饰,服装家纺,非运动服装,851329.SI
600143.SH,600143,金发科技,广东,主板,SSE,20040623,基础化工,塑料,改性塑料,850353.SI
600148.SH,600148,长春一东,吉林,主板,SSE,19980520,汽车,汽车零部件,底盘与发动机系统,850923.SI
301338.SZ,301338,凯格精机,广东,创业板,SZSE,20220816,机械设备,专用设备,其他专用设备,850727.SI
301339.SZ,301339,通行宝,江苏,创业板,SZSE,20220909,计算机,计算机设备,其他计算机设备,850703.SI
301356.SZ,301356,天振股份,浙江,创业板,SZSE,20221114,轻工制造,家居用品,瓷砖地板,851436.SI
301379.SZ,301379,天山电子,广西,创业板,SZSE,20221101,电子,光学光电子,面板,850831.SI
301398.SZ,301398,星源卓镁,浙江,创业板,SZSE,20221215,汽车,汽车零部件,车身附件及饰件,850922.SI
600188.SH,600188,兖矿能源,山东,主板,SSE,19980701,煤炭,煤炭开采,动力煤,859511.SI
600210.SH,600210,紫江企业,上海,主板,SSE,19990824,轻工制造,包装印刷,塑料包装,851424.SI
600212.SH,600212,绿能慧充,山东,主板,SSE,19990817,电力设备,其他电源设备Ⅱ,其他电源设备Ⅲ,857336.SI
600215.SH,600215,派斯林,吉林,主板,SSE,19990909,机械设备,自动化设备,机器人,850781.SI
301377.SZ,301377,鼎泰高科,广东,创业板,SZSE,20221122,机械设备,通用设备,金属制品,850751.SI
301382.SZ,301382,蜂助手,广东,创业板,SZSE,20230517,通信,通信服务,通信应用增值服务,852214.SI
301428.SZ,301428,世纪恒通,贵州,创业板,SZSE,20230519,通信,通信服务,通信应用增值服务,852214.SI
301448.SZ,301448,开创电气,浙江,创业板,SZSE,20230619,机械设备,通用设备,其他通用设备,850716.SI
301449.SZ,301449,天溯计量,深圳,创业板,SZSE,20251223,社会服务,专业服务,检测服务,852182.SI
301459.SZ,301459,丰茂股份,浙江,创业板,SZSE,20231213,基础化工,橡胶,其他橡胶制品,850362.SI
301502.SZ,301502,华阳智能,江苏,创业板,SZSE,20240202,电力设备,电机Ⅱ,电机Ⅲ,850741.SI
600216.SH,600216,浙江医药,浙江,主板,SSE,19991021,医药生物,化学制药,原料药,851511.SI
600222.SH,600222,太龙药业,河南,主板,SSE,19991105,医药生物,中药Ⅱ,中药Ⅲ,851521.SI
600226.SH,600226,亨通股份,浙江,主板,SSE,19991116,公用事业,电力,热力服务,851614.SI
301515.SZ,301515,港通医疗,四川,创业板,SZSE,20230725,医药生物,医疗器械,医疗设备,851532.SI
301519.SZ,301519,舜禹股份,安徽,创业板,SZSE,20230727,环保,环境治理,水务及水治理,859712.SI
600241.SH,600241,时代万恒,辽宁,主板,SSE,20001128,电力设备,电池,锂电池,857371.SI
301529.SZ,301529,福赛科技,安徽,创业板,SZSE,20230911,汽车,汽车零部件,车身附件及饰件,850922.SI
301535.SZ,301535,浙江华远,浙江,创业板,SZSE,20250327,汽车,汽车零部件,其他汽车零部件,850925.SI
301578.SZ,301578,辰奕智能,广东,创业板,SZSE,20231228,家用电器,黑色家电,其他黑色家电,851122.SI
301581.SZ,301581,黄山谷捷,安徽,创业板,SZSE,20250103,汽车,汽车零部件,汽车电子电气系统,850926.SI
301588.SZ,301588,美新科技,广东,创业板,SZSE,20240313,轻工制造,家居用品,瓷砖地板,851436.SI
301596.SZ,301596,瑞迪智驱,四川,创业板,SZSE,20240513,机械设备,通用设备,金属制品,850751.SI
301598.SZ,301598,博科测试,北京,创业板,SZSE,20241220,机械设备,专用设备,其他专用设备,850727.SI
301611.SZ,301611,珂玛科技,江苏,创业板,SZSE,20240816,电子,半导体,半导体材料,850813.SI
600283.SH,600283,钱江水利,浙江,主板,SSE,20001018,环保,环境治理,水务及水治理,859712.SI
301601.SZ,301601,惠通科技,江苏,创业板,SZSE,20250115,机械设备,专用设备,能源及重型设备,850725.SI
600310.SH,600310,广西能源,广西,主板,SSE,20010228,公用事业,电力,电能综合服务,851610.SI
600315.SH,600315,上海家化,上海,主板,SSE,20010315,美容护理,化妆品,品牌化妆品,859822.SI
600316.SH,600316,洪都航空,江西,主板,SSE,20001215,国防军工,航空装备Ⅱ,航空装备Ⅲ,857421.SI
600319.SH,600319,亚星化学,山东,主板,SSE,20010326,基础化工,化学原料,氯碱,850322.SI
600337.SH,600337,ST美克,江西,主板,SSE,20001127,轻工制造,家居用品,成品家居,851437.SI
600019.SH,600019,宝钢股份,上海,主板,SSE,20001212,钢铁,普钢,板材,850442.SI
600351.SH,600351,亚宝药业,山西,主板,SSE,20020926,医药生物,中药Ⅱ,中药Ⅲ,851521.SI
600352.SH,600352,浙江龙盛,浙江,主板,SSE,20030801,基础化工,化学制品,纺织化学制品,850338.SI
600353.SH,600353,旭光电子,四川,主板,SSE,20021120,电子,其他电子Ⅱ,其他电子Ⅲ,850841.SI
600061.SH,600061,国投资本,上海,主板,SSE,19970519,非银金融,证券Ⅱ,证券Ⅲ,851931.SI
600062.SH,600062,华润双鹤,北京,主板,SSE,19970522,医药生物,化学制药,化学制剂,851512.SI
600063.SH,600063,皖维高新,安徽,主板,SSE,19970528,基础化工,化学纤维,其他化学纤维,850344.SI
600088.SH,600088,中视传媒,上海,主板,SSE,19970616,传媒,影视院线,影视动漫制作,857661.SI
600502.SH,600502,安徽建工,安徽,主板,SSE,20030415,建筑装饰,基础建设,基建市政工程,857236.SI
600503.SH,600503,华丽家族,上海,主板,SSE,20020709,房地产,房地产开发,住宅开发,851811.SI
600505.SH,600505,西昌电力,四川,主板,SSE,20020530,公用事业,电力,电能综合服务,851610.SI
600107.SH,600107,*ST尔雅,湖北,主板,SSE,19971106,纺织服饰,服装家纺,非运动服装,851329.SI
600115.SH,600115,中国东航,上海,主板,SSE,19971105,交通运输,航空机场,航空运输,851741.SI
600116.SH,600116,三峡水利,重庆,主板,SSE,19970804,公用事业,电力,电能综合服务,851610.SI
600506.SH,600506,统一股份,新疆,主板,SSE,20011226,石油石化,炼化及贸易,炼油化工,859631.SI
600507.SH,600507,方大特钢,江西,主板,SSE,20030930,钢铁,特钢Ⅱ,特钢Ⅲ,850401.SI
600508.SH,600508,上海能源,上海,主板,SSE,20010829,煤炭,煤炭开采,焦煤,859512.SI
600126.SH,600126,杭钢股份,浙江,主板,SSE,19980311,钢铁,普钢,板材,850442.SI
600128.SH,600128,苏豪弘业,江苏,主板,SSE,19970901,商贸零售,贸易Ⅱ,贸易Ⅲ,852021.SI
600136.SH,600136,ST明诚,湖北,主板,SSE,19980303,房地产,房地产服务,物业管理,851831.SI
600162.SH,600162,香江控股,深圳,主板,SSE,19980609,房地产,房地产开发,住宅开发,851811.SI
600354.SH,600354,敦煌种业,甘肃,主板,SSE,20040115,农林牧渔,种植业,种子,850111.SI
600356.SH,600356,恒丰纸业,黑龙江,主板,SSE,20010419,轻工制造,造纸,特种纸,851413.SI
600358.SH,600358,国旅联合,江西,主板,SSE,20000922,传媒,广告营销,营销代理,857651.SI
600509.SH,600509,天富能源,新疆,主板,SSE,20020228,公用事业,电力,火力发电,851611.SI
600517.SH,600517,国网英大,上海,主板,SSE,20031010,非银金融,多元金融,信托,851924.SI
600172.SH,600172,黄河旋风,河南,主板,SSE,19981126,机械设备,通用设备,磨具磨料,850713.SI
600180.SH,600180,*ST瑞茂,山东,主板,SSE,19980703,交通运输,物流,原材料供应链服务,851782.SI
600191.SH,600191,华资实业,内蒙,主板,SSE,19981210,农林牧渔,农产品加工,其他农产品加工,850154.SI
600363.SH,600363,联创光电,江西,主板,SSE,20010329,电子,消费电子,消费电子零部件及组装,850854.SI
600221.SH,600221,海航控股,海南,主板,SSE,19991125,交通运输,航空机场,航空运输,851741.SI
600227.SH,600227,赤天化,贵州,主板,SSE,20000221,基础化工,农化制品,氮肥,850331.SI
600518.SH,600518,康美药业,广东,主板,SSE,20010319,医药生物,中药Ⅱ,中药Ⅲ,851521.SI
600256.SH,600256,广汇能源,新疆,主板,SSE,20000526,石油石化,炼化及贸易,油品石化贸易,859632.SI
600262.SH,600262,北方股份,内蒙,主板,SSE,20000630,机械设备,专用设备,能源及重型设备,850725.SI
600359.SH,600359,新农开发,新疆,主板,SSE,19990429,农林牧渔,种植业,其他种植业,850113.SI
600490.SH,600490,鹏欣资源,上海,主板,SSE,20030626,有色金属,工业金属,铜,850552.SI
600519.SH,600519,贵州茅台,贵州,主板,SSE,20010827,食品饮料,白酒Ⅱ,白酒Ⅲ,851251.SI
600527.SH,600527,江南高纤,江苏,主板,SSE,20031127,纺织服饰,纺织制造,其他纺织,851316.SI
600303.SH,600303,曙光股份,辽宁,主板,SSE,20001226,汽车,商用车,商用载客车,850913.SI
600308.SH,600308,华泰股份,山东,主板,SSE,20000928,轻工制造,造纸,大宗用纸,851412.SI
600312.SH,600312,平高电气,河南,主板,SSE,20010221,电力设备,电网设备,输变电设备,857381.SI
600313.SH,600313,农发种业,北京,主板,SSE,20010119,农林牧渔,种植业,种子,850111.SI
600318.SH,600318,新力金融,安徽,主板,SSE,20001208,非银金融,多元金融,金融控股,851922.SI
600323.SH,600323,瀚蓝环境,广东,主板,SSE,20001225,环保,环境治理,固废治理,859713.SI
600330.SH,600330,天通股份,浙江,主板,SSE,20010118,电子,电子化学品Ⅱ,电子化学品Ⅲ,850861.SI
600496.SH,600496,精工钢构,安徽,主板,SSE,20020605,建筑装饰,专业工程,钢结构,857241.SI
600523.SH,600523,贵航股份,贵州,主板,SSE,20011227,汽车,汽车零部件,其他汽车零部件,850925.SI
600528.SH,600528,中铁工业,北京,主板,SSE,20010528,机械设备,轨交设备Ⅱ,轨交设备Ⅲ,850936.SI
600529.SH,600529,山东药玻,山东,主板,SSE,20020603,医药生物,医疗器械,医疗耗材,851533.SI
600343.SH,600343,航天动力,陕西,主板,SSE,20030408,机械设备,通用设备,其他通用设备,850716.SI
600348.SH,600348,华阳股份,山西,主板,SSE,20030821,煤炭,煤炭开采,焦煤,859512.SI
600535.SH,600535,天士力,天津,主板,SSE,20020823,医药生物,中药Ⅱ,中药Ⅲ,851521.SI
600360.SH,600360,华微电子,吉林,主板,SSE,20010316,电子,半导体,分立器件,850812.SI
600361.SH,600361,创新新材,北京,主板,SSE,20011129,有色金属,工业金属,铝,850551.SI
600362.SH,600362,江西铜业,江西,主板,SSE,20020111,有色金属,工业金属,铜,850552.SI
600365.SH,600365,ST通葡,吉林,主板,SSE,20010115,商贸零售,互联网电商,综合电商,852061.SI
600366.SH,600366,宁波韵升,浙江,主板,SSE,20001030,有色金属,金属新材料,磁性材料,850522.SI
600367.SH,600367,红星发展,贵州,主板,SSE,20010320,基础化工,化学原料,无机盐,850323.SI
600520.SH,600520,三佳科技,安徽,主板,SSE,20020108,机械设备,专用设备,其他专用设备,850727.SI
600530.SH,600530,ST交昂,上海,主板,SSE,20010702,食品饮料,食品加工,保健品,851247.SI
600536.SH,600536,中国软件,北京,主板,SSE,20020517,计算机,IT服务Ⅱ,IT服务Ⅲ,852226.SI
600538.SH,600538,国发股份,广西,主板,SSE,20030114,医药生物,医药商业,医药流通,851542.SI
600368.SH,600368,五洲交通,广西,主板,SSE,20001221,交通运输,铁路公路,高速公路,851731.SI
600369.SH,600369,西南证券,重庆,主板,SSE,20010109,非银金融,证券Ⅱ,证券Ⅲ,851931.SI
600370.SH,600370,*ST三房,江苏,主板,SSE,20030306,基础化工,化学纤维,涤纶,850341.SI
600371.SH,600371,万向德农,黑龙江,主板,SSE,20020916,农林牧渔,种植业,种子,850111.SI
600497.SH,600497,驰宏锌锗,云南,主板,SSE,20040420,有色金属,工业金属,铅锌,850553.SI
600522.SH,600522,中天科技,江苏,主板,SSE,20021024,通信,通信设备,通信线缆及配套,851025.SI
600539.SH,600539,狮头股份,山西,主板,SSE,20010824,商贸零售,互联网电商,电商服务,852063.SI
600540.SH,600540,新赛股份,新疆,主板,SSE,20040107,农林牧渔,种植业,其他种植业,850113.SI
600372.SH,600372,中航机载,北京,主板,SSE,20010706,国防军工,航空装备Ⅱ,航空装备Ⅲ,857421.SI
600373.SH,600373,中文传媒,江西,主板,SSE,20020304,传媒,出版,大众出版,857692.SI
600375.SH,600375,汉马科技,安徽,主板,SSE,20030401,汽车,商用车,商用载货车,850912.SI
600376.SH,600376,首开股份,北京,主板,SSE,20010312,房地产,房地产开发,住宅开发,851811.SI
600377.SH,600377,宁沪高速,江苏,主板,SSE,20010116,交通运输,铁路公路,高速公路,851731.SI
603130.SH,603130,云中马,浙江,主板,SSE,20221118,纺织服饰,纺织制造,其他纺织,851316.SI
600378.SH,600378,昊华科技,四川,主板,SSE,20010111,基础化工,化学制品,氟化工,850382.SI
600379.SH,600379,宝光股份,陕西,主板,SSE,20020116,电力设备,电网设备,输变电设备,857381.SI
600380.SH,600380,健康元,深圳,主板,SSE,20010608,医药生物,化学制药,化学制剂,851512.SI
600381.SH,600381,*ST春天,青海,主板,SSE,20010508,食品饮料,食品加工,保健品,851247.SI
600537.SH,600537,*ST亿晶,浙江,主板,SSE,20030123,电力设备,光伏设备,光伏电池组件,857352.SI
600382.SH,600382,广东明珠,广东,主板,SSE,20010118,钢铁,冶钢原料,铁矿石,850431.SI
600383.SH,600383,金地集团,深圳,主板,SSE,20010412,房地产,房地产开发,住宅开发,851811.SI
600386.SH,600386,北巴传媒,北京,主板,SSE,20010216,汽车,汽车服务,汽车经销商,850232.SI
600388.SH,600388,紫金龙净,福建,主板,SSE,20001229,环保,环保设备Ⅱ,环保设备Ⅲ,859721.SI
600549.SH,600549,厦门钨业,福建,主板,SSE,20021107,有色金属,小金属,钨,850542.SI
600389.SH,600389,江山股份,江苏,主板,SSE,20010110,基础化工,农化制品,农药,850333.SI
600390.SH,600390,五矿资本,湖南,主板,SSE,20010115,非银金融,多元金融,金融控股,851922.SI
600391.SH,600391,航发科技,四川,主板,SSE,20011212,国防军工,航空装备Ⅱ,航空装备Ⅲ,857421.SI
600392.SH,600392,盛和资源,四川,主板,SSE,20030529,有色金属,小金属,稀土,850541.SI
600395.SH,600395,盘江股份,贵州,主板,SSE,20010531,煤炭,煤炭开采,焦煤,859512.SI
600396.SH,600396,华电辽能,辽宁,主板,SSE,20010328,公用事业,电力,火力发电,851611.SI
600397.SH,600397,江钨装备,江西,主板,SSE,20020702,机械设备,专用设备,能源及重型设备,850725.SI
600525.SH,600525,ST长园,深圳,主板,SSE,20021202,电力设备,电网设备,输变电设备,857381.SI
600398.SH,600398,海澜之家,江苏,主板,SSE,20001228,纺织服饰,服装家纺,非运动服装,851329.SI
600399.SH,600399,抚顺特钢,辽宁,主板,SSE,20001229,钢铁,特钢Ⅱ,特钢Ⅲ,850401.SI
600400.SH,600400,红豆股份,江苏,主板,SSE,20010108,纺织服饰,服装家纺,非运动服装,851329.SI
600403.SH,600403,大有能源,河南,主板,SSE,20031009,煤炭,煤炭开采,动力煤,859511.SI
600405.SH,600405,动力源,北京,主板,SSE,20040401,电力设备,其他电源设备Ⅱ,其他电源设备Ⅲ,857336.SI
600406.SH,600406,国电南瑞,江苏,主板,SSE,20031016,电力设备,电网设备,电网自动化设备,857321.SI
603296.SH,603296,华勤技术,上海,主板,SSE,20230808,电子,消费电子,消费电子零部件及组装,850854.SI
002285.SZ,002285,世联行,深圳,主板,SZSE,20090828,房地产,房地产服务,房产租赁经纪,851832.SI
600408.SH,600408,安泰集团,山西,主板,SSE,20030212,煤炭,焦炭Ⅱ,焦炭Ⅲ,859521.SI
600409.SH,600409,三友化工,河北,主板,SSE,20030618,基础化工,化学原料,纯碱,850321.SI
600410.SH,600410,华胜天成,北京,主板,SSE,20040427,计算机,IT服务Ⅱ,IT服务Ⅲ,852226.SI
600415.SH,600415,小商品城,浙江,主板,SSE,20020509,商贸零售,一般零售,商业物业经营,852034.SI
600498.SH,600498,烽火通信,湖北,主板,SSE,20010823,通信,通信设备,通信网络设备及器件,851024.SI
600416.SH,600416,湘电股份,湖南,主板,SSE,20020718,电力设备,电机Ⅱ,电机Ⅲ,850741.SI
600418.SH,600418,江淮汽车,安徽,主板,SSE,20010824,汽车,商用车,商用载货车,850912.SI
600419.SH,600419,天润乳业,新疆,主板,SSE,20010628,食品饮料,饮料乳品,乳品,851243.SI
600420.SH,600420,国药现代,上海,主板,SSE,20040616,医药生物,化学制药,化学制剂,851512.SI
600422.SH,600422,昆药集团,云南,主板,SSE,20001206,医药生物,中药Ⅱ,中药Ⅲ,851521.SI
600423.SH,600423,*ST柳化,广西,主板,SSE,20030717,基础化工,化学原料,其他化学原料,850324.SI
600425.SH,600425,青松建化,新疆,主板,SSE,20030724,建筑材料,水泥,水泥制造,857111.SI
600426.SH,600426,华鲁恒升,山东,主板,SSE,20020620,基础化工,农化制品,氮肥,850331.SI
600428.SH,600428,中远海特,广东,主板,SSE,20020418,交通运输,航运港口,航运,851761.SI
600429.SH,600429,三元股份,北京,主板,SSE,20030915,食品饮料,饮料乳品,乳品,851243.SI
600499.SH,600499,科达制造,广东,主板,SSE,20021010,机械设备,专用设备,其他专用设备,850727.SI
600469.SH,600469,风神股份,河南,主板,SSE,20031021,汽车,汽车零部件,轮胎轮毂,850924.SI
600500.SH,600500,中化国际,上海,主板,SSE,20000301,基础化工,化学制品,其他化学制品,850339.SI
600531.SH,600531,豫光金铅,河南,主板,SSE,20020730,有色金属,工业金属,铅锌,850553.SI
600550.SH,600550,保变电气,河北,主板,SSE,20010228,电力设备,电网设备,输变电设备,857381.SI
600435.SH,600435,北方导航,北京,主板,SSE,20030704,国防军工,地面兵装Ⅱ,地面兵装Ⅲ,857431.SI
600436.SH,600436,片仔癀,福建,主板,SSE,20030616,医药生物,中药Ⅱ,中药Ⅲ,851521.SI
600470.SH,600470,六国化工,安徽,主板,SSE,20040305,基础化工,农化制品,磷肥及磷化工,850332.SI
600526.SH,600526,菲达环保,浙江,主板,SSE,20020722,环保,环保设备Ⅱ,环保设备Ⅲ,859721.SI
600438.SH,600438,通威股份,四川,主板,SSE,20040302,电力设备,光伏设备,硅料硅片,857351.SI
600439.SH,600439,ST瑞贝卡,河南,主板,SSE,20030710,纺织服饰,饰品,其他饰品,851333.SI
600444.SH,600444,国机通用,安徽,主板,SSE,20040219,机械设备,专用设备,其他专用设备,850727.SI
600446.SH,600446,金证股份,深圳,主板,SSE,20031224,计算机,IT服务Ⅱ,IT服务Ⅲ,852226.SI
600448.SH,600448,华纺股份,山东,主板,SSE,20010903,纺织服饰,纺织制造,印染,851314.SI
600475.SH,600475,华光环能,江苏,主板,SSE,20030721,公用事业,电力,热力服务,851614.SI
600476.SH,600476,*ST湘邮,湖南,主板,SSE,20031210,计算机,IT服务Ⅱ,IT服务Ⅲ,852226.SI
600501.SH,600501,航天晨光,江苏,主板,SSE,20010615,机械设备,专用设备,其他专用设备,850727.SI
600533.SH,600533,栖霞建设,江苏,主板,SSE,20020328,房地产,房地产开发,住宅开发,851811.SI
600449.SH,600449,宁夏建材,宁夏,主板,SSE,20030829,建筑材料,水泥,水泥制造,857111.SI
600452.SH,600452,涪陵电力,重庆,主板,SSE,20040303,公用事业,电力,电能综合服务,851610.SI
600455.SH,600455,博通股份,陕西,主板,SSE,20040329,计算机,软件开发,垂直应用软件,851041.SI
600456.SH,600456,宝钛股份,陕西,主板,SSE,20020412,有色金属,小金属,其他小金属,850544.SI
600458.SH,600458,时代新材,湖南,主板,SSE,20021219,综合,综合Ⅱ,综合Ⅲ,852311.SI
600459.SH,600459,贵研铂业,云南,主板,SSE,20030516,有色金属,小金属,其他小金属,850544.SI
600460.SH,600460,士兰微,浙江,主板,SSE,20030311,电子,半导体,分立器件,850812.SI
600461.SH,600461,洪城环境,江西,主板,SSE,20040601,环保,环境治理,水务及水治理,859712.SI
600463.SH,600463,空港股份,北京,主板,SSE,20040318,房地产,房地产开发,产业地产,851813.SI
600467.SH,600467,好当家,山东,主板,SSE,20040405,农林牧渔,渔业,水产养殖,850122.SI
600468.SH,600468,百利电气,天津,主板,SSE,20010615,电力设备,电网设备,配电设备,857382.SI
600477.SH,600477,杭萧钢构,浙江,主板,SSE,20031110,建筑装饰,专业工程,钢结构,857241.SI
600478.SH,600478,科力远,湖南,主板,SSE,20030918,电力设备,电池,锂电池,857371.SI
600482.SH,600482,中国动力,河北,主板,SSE,20040714,电力设备,其他电源设备Ⅱ,其他电源设备Ⅲ,857336.SI
600483.SH,600483,福能股份,福建,主板,SSE,20040531,公用事业,电力,电能综合服务,851610.SI
600551.SH,600551,时代出版,安徽,主板,SSE,20020905,传媒,出版,大众出版,857692.SI
600479.SH,600479,千金药业,湖南,主板,SSE,20040312,医药生物,中药Ⅱ,中药Ⅲ,851521.SI
600480.SH,600480,凌云股份,河北,主板,SSE,20030815,汽车,汽车零部件,其他汽车零部件,850925.SI
600481.SH,600481,双良节能,江苏,主板,SSE,20030422,电力设备,光伏设备,硅料硅片,857351.SI
600486.SH,600486,扬农化工,江苏,主板,SSE,20020425,基础化工,农化制品,农药,850333.SI
600487.SH,600487,亨通光电,江苏,主板,SSE,20030822,通信,通信设备,通信线缆及配套,851025.SI
600488.SH,600488,津药药业,天津,主板,SSE,20010618,医药生物,化学制药,原料药,851511.SI
600489.SH,600489,中金黄金,北京,主板,SSE,20030814,有色金属,贵金属,黄金,850531.SI
600491.SH,600491,ST龙元,浙江,主板,SSE,20040524,建筑装饰,房屋建设Ⅱ,房屋建设Ⅲ,850623.SI
600493.SH,600493,凤竹纺织,福建,主板,SSE,20040421,纺织服饰,纺织制造,棉纺,851312.SI
600495.SH,600495,晋西车轴,山西,主板,SSE,20040526,机械设备,轨交设备Ⅱ,轨交设备Ⅲ,850936.SI
600552.SH,600552,凯盛科技,安徽,主板,SSE,20021108,电子,光学光电子,面板,850831.SI
600556.SH,600556,天下秀,广西,主板,SSE,20010807,传媒,广告营销,营销代理,857651.SI
600557.SH,600557,康缘药业,江苏,主板,SSE,20020918,医药生物,中药Ⅱ,中药Ⅲ,851521.SI
600558.SH,600558,大西洋,四川,主板,SSE,20010227,机械设备,通用设备,金属制品,850751.SI
600559.SH,600559,老白干酒,河北,主板,SSE,20021029,食品饮料,白酒Ⅱ,白酒Ⅲ,851251.SI
600560.SH,600560,金自天正,北京,主板,SSE,20020919,机械设备,专用设备,能源及重型设备,850725.SI
600561.SH,600561,江西长运,江西,主板,SSE,20020716,交通运输,铁路公路,公交,851721.SI
600562.SH,600562,国睿科技,江苏,主板,SSE,20030128,国防军工,军工电子Ⅱ,军工电子Ⅲ,857451.SI
600563.SH,600563,法拉电子,福建,主板,SSE,20021210,电子,元件,被动元件,850823.SI
600566.SH,600566,济川药业,湖北,主板,SSE,20010822,医药生物,中药Ⅱ,中药Ⅲ,851521.SI
600567.SH,600567,山鹰国际,安徽,主板,SSE,20011218,轻工制造,造纸,大宗用纸,851412.SI
600568.SH,600568,ST中珠,湖北,主板,SSE,20010518,医药生物,医疗服务,医院,851564.SI
600510.SH,600510,黑牡丹,江苏,主板,SSE,20020618,房地产,房地产开发,住宅开发,851811.SI
600511.SH,600511,国药股份,北京,主板,SSE,20021127,医药生物,医药商业,医药流通,851542.SI
600512.SH,600512,腾达建设,浙江,主板,SSE,20021226,建筑装饰,基础建设,基建市政工程,857236.SI
600513.SH,600513,联环药业,江苏,主板,SSE,20030319,医药生物,化学制药,化学制剂,851512.SI
600515.SH,600515,海南机场,海南,主板,SSE,20020806,房地产,房地产开发,住宅开发,851811.SI
600516.SH,600516,方大炭素,甘肃,主板,SSE,20020830,钢铁,冶钢原料,冶钢辅料,850432.SI
600569.SH,600569,安阳钢铁,河南,主板,SSE,20010820,钢铁,普钢,板材,850442.SI
600570.SH,600570,恒生电子,浙江,主板,SSE,20031216,计算机,软件开发,垂直应用软件,851041.SI
600571.SH,600571,信雅达,浙江,主板,SSE,20021101,计算机,IT服务Ⅱ,IT服务Ⅲ,852226.SI
600572.SH,600572,康恩贝,浙江,主板,SSE,20040412,医药生物,中药Ⅱ,中药Ⅲ,851521.SI
600573.SH,600573,惠泉啤酒,福建,主板,SSE,20030226,食品饮料,非白酒,啤酒,851232.SI
600575.SH,600575,淮河能源,安徽,主板,SSE,20030328,公用事业,电力,火力发电,851611.SI
600582.SH,600582,天地科技,北京,主板,SSE,20020515,机械设备,专用设备,能源及重型设备,850725.SI
600583.SH,600583,海油工程,天津,主板,SSE,20020205,石油石化,油服工程,油气及炼化工程,859622.SI
600585.SH,600585,海螺水泥,安徽,主板,SSE,20020207,建筑材料,水泥,水泥制造,857111.SI
600586.SH,600586,金晶科技,山东,主板,SSE,20020815,建筑材料,玻璃玻纤,玻璃制造,857121.SI
600587.SH,600587,新华医疗,山东,主板,SSE,20020927,医药生物,医疗器械,医疗设备,851532.SI
600588.SH,600588,用友网络,北京,主板,SSE,20010518,计算机,软件开发,横向通用软件,851042.SI
600589.SH,600589,大位科技,广东,主板,SSE,20010612,计算机,IT服务Ⅱ,IT服务Ⅲ,852226.SI
600590.SH,600590,泰豪科技,江西,主板,SSE,20020703,电力设备,其他电源设备Ⅱ,其他电源设备Ⅲ,857336.SI
600592.SH,600592,龙溪股份,福建,主板,SSE,20020805,机械设备,通用设备,金属制品,850751.SI
600593.SH,600593,大连圣亚,辽宁,主板,SSE,20020711,社会服务,旅游及景区,人工景区,852111.SI
600594.SH,600594,益佰制药,贵州,主板,SSE,20040323,医药生物,中药Ⅱ,中药Ⅲ,851521.SI
600595.SH,600595,中孚实业,河南,主板,SSE,20020626,有色金属,工业金属,铝,850551.SI
600543.SH,600543,*ST莫高,甘肃,主板,SSE,20040324,食品饮料,非白酒,其他酒类,851233.SI
600545.SH,600545,卓郎智能,新疆,主板,SSE,20031203,机械设备,专用设备,纺织服装设备,850721.SI
600546.SH,600546,山煤国际,山西,主板,SSE,20030731,煤炭,煤炭开采,动力煤,859511.SI
600547.SH,600547,山东黄金,山东,主板,SSE,20030828,有色金属,贵金属,黄金,850531.SI
600548.SH,600548,深高速,深圳,主板,SSE,20011225,交通运输,铁路公路,高速公路,851731.SI
600596.SH,600596,新安股份,浙江,主板,SSE,20010906,基础化工,农化制品,农药,850333.SI
600597.SH,600597,光明乳业,上海,主板,SSE,20020828,食品饮料,饮料乳品,乳品,851243.SI
600598.SH,600598,北大荒,黑龙江,主板,SSE,20020329,农林牧渔,种植业,粮食种植,850112.SI
600600.SH,600600,青岛啤酒,山东,主板,SSE,19930827,食品饮料,非白酒,啤酒,851232.SI
600601.SH,600601,方正科技,上海,主板,SSE,19901219,电子,元件,印制电路板,850822.SI
600602.SH,600602,云赛智联,上海,主板,SSE,19901219,计算机,软件开发,垂直应用软件,851041.SI
600603.SH,600603,广汇物流,四川,主板,SSE,19920113,交通运输,物流,原材料供应链服务,851782.SI
600618.SH,600618,氯碱化工,上海,主板,SSE,19921113,基础化工,化学原料,氯碱,850322.SI
600619.SH,600619,海立股份,上海,主板,SSE,19921116,家用电器,家电零部件Ⅱ,家电零部件Ⅲ,851161.SI
600620.SH,600620,天宸股份,上海,主板,SSE,19921117,综合,综合Ⅱ,综合Ⅲ,852311.SI
600621.SH,600621,华鑫股份,上海,主板,SSE,19921202,非银金融,证券Ⅱ,证券Ⅲ,851931.SI
600623.SH,600623,华谊集团,上海,主板,SSE,19921204,基础化工,化学原料,煤化工,850325.SI
600624.SH,600624,ST复华,上海,主板,SSE,19930105,医药生物,化学制药,化学制剂,851512.SI
600626.SH,600626,申达股份,上海,主板,SSE,19930107,汽车,汽车零部件,车身附件及饰件,850922.SI
600641.SH,600641,先导基电,上海,主板,SSE,19930407,电子,半导体,半导体材料,850813.SI
600642.SH,600642,申能股份,上海,主板,SSE,19930416,公用事业,电力,火力发电,851611.SI
600643.SH,600643,爱建集团,上海,主板,SSE,19930426,非银金融,多元金融,金融控股,851922.SI
600644.SH,600644,乐山电力,四川,主板,SSE,19930426,公用事业,电力,电能综合服务,851610.SI
600645.SH,600645,中源协和,天津,主板,SSE,19930504,医药生物,医疗器械,体外诊断,851534.SI
600648.SH,600648,外高桥,上海,主板,SSE,19930504,房地产,房地产开发,产业地产,851813.SI
600576.SH,600576,祥源文旅,浙江,主板,SSE,20030220,社会服务,旅游及景区,自然景区,852112.SI
600577.SH,600577,精达股份,安徽,主板,SSE,20020911,电力设备,电网设备,线缆部件及其他,857344.SI
600578.SH,600578,京能电力,北京,主板,SSE,20020510,公用事业,电力,火力发电,851611.SI
600579.SH,600579,中化装备,山东,主板,SSE,20020809,机械设备,专用设备,其他专用设备,850727.SI
600580.SH,600580,卧龙电驱,浙江,主板,SSE,20020606,电力设备,电机Ⅱ,电机Ⅲ,850741.SI
600581.SH,600581,*ST八钢,新疆,主板,SSE,20020816,钢铁,普钢,板材,850442.SI
600584.SH,600584,长电科技,江苏,主板,SSE,20030603,电子,半导体,集成电路封测,850817.SI
600622.SH,600622,光大嘉宝,上海,主板,SSE,19921203,房地产,房地产开发,住宅开发,851811.SI
600649.SH,600649,城投控股,上海,主板,SSE,19930518,房地产,房地产开发,住宅开发,851811.SI
600650.SH,600650,锦江在线,上海,主板,SSE,19930607,交通运输,铁路公路,公交,851721.SI
600651.SH,600651,飞乐音响,上海,主板,SSE,19901219,汽车,汽车零部件,汽车电子电气系统,850926.SI
600653.SH,600653,申华控股,辽宁,主板,SSE,19901219,汽车,汽车服务,汽车经销商,850232.SI
600654.SH,600654,中安科,湖北,主板,SSE,19901219,计算机,软件开发,垂直应用软件,851041.SI
600655.SH,600655,豫园股份,上海,主板,SSE,19920902,商贸零售,一般零售,商业物业经营,852034.SI
600671.SH,600671,天目药业,浙江,主板,SSE,19930823,医药生物,中药Ⅱ,中药Ⅲ,851521.SI
600673.SH,600673,东阳光,广东,主板,SSE,19930917,综合,综合Ⅱ,综合Ⅲ,852311.SI
600674.SH,600674,川投能源,四川,主板,SSE,19930924,公用事业,电力,水力发电,851612.SI
600675.SH,600675,中华企业,上海,主板,SSE,19930924,房地产,房地产开发,住宅开发,851811.SI
600676.SH,600676,久事动娱,上海,主板,SSE,19930928,汽车,汽车服务,汽车综合服务,850233.SI
600678.SH,600678,ST金顶,四川,主板,SSE,19931008,建筑材料,水泥,水泥制造,857111.SI
600679.SH,600679,上海凤凰,上海,主板,SSE,19931008,汽车,摩托车及其他,其他运输设备,858811.SI
600681.SH,600681,百川能源,湖北,主板,SSE,19931018,公用事业,燃气Ⅱ,燃气Ⅲ,851631.SI
600682.SH,600682,南京新百,江苏,主板,SSE,19931018,综合,综合Ⅱ,综合Ⅲ,852311.SI
002666.SZ,002666,德联集团,广东,主板,SZSE,20120327,基础化工,化学制品,其他化学制品,850339.SI
600604.SH,600604,市北高新,上海,主板,SSE,19920327,房地产,房地产开发,产业地产,851813.SI
600605.SH,600605,汇通能源,上海,主板,SSE,19920327,商贸零售,一般零售,商业物业经营,852034.SI
600606.SH,600606,绿地控股,上海,主板,SSE,19920327,房地产,房地产开发,住宅开发,851811.SI
600609.SH,600609,金杯汽车,辽宁,主板,SSE,19920724,汽车,汽车零部件,车身附件及饰件,850922.SI
600610.SH,600610,中毅达,贵州,主板,SSE,19920805,基础化工,化学原料,其他化学原料,850324.SI
600611.SH,600611,大众交通,上海,主板,SSE,19920807,交通运输,铁路公路,公交,851721.SI
600612.SH,600612,老凤祥,上海,主板,SSE,19920814,纺织服饰,饰品,钟表珠宝,851331.SI
600613.SH,600613,神奇制药,上海,主板,SSE,19920820,医药生物,化学制药,化学制剂,851512.SI
600615.SH,600615,鑫源智造,重庆,主板,SSE,19920910,有色金属,工业金属,铝,850551.SI
600616.SH,600616,金枫酒业,上海,主板,SSE,19920929,食品饮料,非白酒,其他酒类,851233.SI
600617.SH,600617,国新能源,山西,主板,SSE,19921013,公用事业,燃气Ⅱ,燃气Ⅲ,851631.SI
600683.SH,600683,京投发展,北京,主板,SSE,19931025,房地产,房地产开发,住宅开发,851811.SI
600698.SH,600698,湖南天雁,湖南,主板,SSE,19931206,汽车,汽车零部件,底盘与发动机系统,850923.SI
600702.SH,600702,舍得酒业,四川,主板,SSE,19960524,食品饮料,白酒Ⅱ,白酒Ⅲ,851251.SI
600703.SH,600703,三安光电,湖北,主板,SSE,19960528,电子,光学光电子,LED,850832.SI
600704.SH,600704,物产中大,浙江,主板,SSE,19960606,交通运输,物流,原材料供应链服务,851782.SI
600706.SH,600706,曲江文旅,陕西,主板,SSE,19960516,社会服务,旅游及景区,人工景区,852111.SI
600707.SH,600707,彩虹股份,陕西,主板,SSE,19960520,电子,光学光电子,面板,850831.SI
600708.SH,600708,光明地产,上海,主板,SSE,19960606,房地产,房地产开发,住宅开发,851811.SI
600628.SH,600628,新世界,上海,主板,SSE,19930119,商贸零售,一般零售,百货,852031.SI
600629.SH,600629,华建集团,上海,主板,SSE,19930209,建筑装饰,工程咨询服务Ⅱ,工程咨询服务Ⅲ,857261.SI
600630.SH,600630,龙头股份,上海,主板,SSE,19930209,纺织服饰,服装家纺,非运动服装,851329.SI
600633.SH,600633,浙数文化,浙江,主板,SSE,19930304,传媒,游戏Ⅱ,游戏Ⅲ,857641.SI
600635.SH,600635,大众公用,上海,主板,SSE,19930304,公用事业,燃气Ⅱ,燃气Ⅲ,851631.SI
600637.SH,600637,东方明珠,上海,主板,SSE,19930316,传媒,电视广播Ⅱ,电视广播Ⅲ,859951.SI
600638.SH,600638,新黄浦,上海,主板,SSE,19930326,房地产,房地产开发,住宅开发,851811.SI
600639.SH,600639,浦东金桥,上海,主板,SSE,19930326,房地产,房地产开发,产业地产,851813.SI
600640.SH,600640,国脉文化,上海,主板,SSE,19930407,传媒,数字媒体,其他数字媒体,857676.SI
600717.SH,600717,天津港,天津,主板,SSE,19960614,交通运输,航运港口,港口,851711.SI
600718.SH,600718,东软集团,辽宁,主板,SSE,19960618,计算机,IT服务Ⅱ,IT服务Ⅲ,852226.SI
600719.SH,600719,大连热电,辽宁,主板,SSE,19960716,公用事业,电力,热力服务,851614.SI
600720.SH,600720,中交设计,甘肃,主板,SSE,19960716,建筑装饰,工程咨询服务Ⅱ,工程咨询服务Ⅲ,857261.SI
600721.SH,600721,百花医药,新疆,主板,SSE,19960626,医药生物,医疗服务,医疗研发外包,851563.SI
600722.SH,600722,金牛化工,河北,主板,SSE,19960626,基础化工,化学原料,煤化工,850325.SI
600724.SH,600724,宁波富达,浙江,主板,SSE,19960716,房地产,房地产服务,房产租赁经纪,851832.SI
600726.SH,600726,华电能源,黑龙江,主板,SSE,19960701,公用事业,电力,火力发电,851611.SI
600727.SH,600727,鲁北化工,山东,主板,SSE,19960702,基础化工,化学原料,钛白粉,850326.SI
600728.SH,600728,佳都科技,广东,主板,SSE,19960716,计算机,IT服务Ⅱ,IT服务Ⅲ,852226.SI
600729.SH,600729,重百集团,重庆,主板,SSE,19960702,商贸零售,一般零售,多业态零售,852033.SI
600730.SH,600730,*ST高科,北京,主板,SSE,19960726,社会服务,教育,培训教育,859852.SI
600657.SH,600657,信达地产,北京,主板,SSE,19930524,房地产,房地产开发,住宅开发,851811.SI
600658.SH,600658,电子城,北京,主板,SSE,19930524,房地产,房地产开发,产业地产,851813.SI
600660.SH,600660,福耀玻璃,福建,主板,SSE,19930610,汽车,汽车零部件,车身附件及饰件,850922.SI
600661.SH,600661,昂立教育,上海,主板,SSE,19930614,社会服务,教育,培训教育,859852.SI
600662.SH,600662,外服控股,上海,主板,SSE,19930614,社会服务,专业服务,人力资源服务,852181.SI
600663.SH,600663,陆家嘴,上海,主板,SSE,19930628,房地产,房地产开发,商业地产,851812.SI
600664.SH,600664,哈药股份,黑龙江,主板,SSE,19930629,医药生物,化学制药,化学制剂,851512.SI
600665.SH,600665,天地源,陕西,主板,SSE,19930709,房地产,房地产开发,住宅开发,851811.SI
600666.SH,600666,奥瑞德,黑龙江,主板,SSE,19930712,计算机,IT服务Ⅱ,IT服务Ⅲ,852226.SI
600667.SH,600667,太极实业,江苏,主板,SSE,19930728,建筑装饰,工程咨询服务Ⅱ,工程咨询服务Ⅲ,857261.SI
600668.SH,600668,尖峰集团,浙江,主板,SSE,19930728,建筑材料,水泥,水泥制造,857111.SI
600699.SH,600699,均胜电子,浙江,主板,SSE,19931206,汽车,汽车零部件,汽车电子电气系统,850926.SI
600731.SH,600731,湖南海利,湖南,主板,SSE,19960802,基础化工,农化制品,农药,850333.SI
600732.SH,600732,爱旭股份,上海,主板,SSE,19960816,电力设备,光伏设备,光伏电池组件,857352.SI
600733.SH,600733,北汽蓝谷,北京,主板,SSE,19960816,汽车,乘用车,电动乘用车,850951.SI
600734.SH,600734,*ST实达,福建,主板,SSE,19960808,通信,通信设备,通信终端及配件,851026.SI
600735.SH,600735,ST新华锦,山东,主板,SSE,19960726,纺织服饰,饰品,其他饰品,851333.SI
600736.SH,600736,苏州高新,江苏,主板,SSE,19960815,房地产,房地产开发,住宅开发,851811.SI
002777.SZ,002777,久远银海,四川,主板,SZSE,20151231,计算机,IT服务Ⅱ,IT服务Ⅲ,852226.SI
600684.SH,600684,珠江股份,广东,主板,SSE,19931028,房地产,房地产服务,房地产综合服务,851833.SI
600685.SH,600685,中船防务,广东,主板,SSE,19931028,国防军工,航海装备Ⅱ,航海装备Ⅲ,850935.SI
600686.SH,600686,金龙汽车,福建,主板,SSE,19931108,汽车,商用车,商用载客车,850913.SI
600688.SH,600688,上海石化,上海,主板,SSE,19931108,石油石化,炼化及贸易,炼油化工,859631.SI
600689.SH,600689,上海三毛,上海,主板,SSE,19931108,综合,综合Ⅱ,综合Ⅲ,852311.SI
600690.SH,600690,海尔智家,山东,主板,SSE,19931119,家用电器,白色家电,冰洗,851116.SI
600691.SH,600691,潞化科技,山西,主板,SSE,19931119,基础化工,农化制品,氮肥,850331.SI
600692.SH,600692,亚通股份,上海,主板,SSE,19931119,房地产,房地产开发,住宅开发,851811.SI
600693.SH,600693,东百集团,福建,主板,SSE,19931122,商贸零售,一般零售,百货,852031.SI
600694.SH,600694,大商股份,辽宁,主板,SSE,19931122,商贸零售,一般零售,多业态零售,852033.SI
600697.SH,600697,欧亚集团,吉林,主板,SSE,19931206,商贸零售,一般零售,多业态零售,852033.SI
600737.SH,600737,中粮糖业,新疆,主板,SSE,19960731,农林牧渔,农产品加工,其他农产品加工,850154.SI
600746.SH,600746,江苏索普,江苏,主板,SSE,19960918,基础化工,化学原料,煤化工,850325.SI
600748.SH,600748,上实发展,上海,主板,SSE,19960925,房地产,房地产开发,住宅开发,851811.SI
600749.SH,600749,西藏旅游,西藏,主板,SSE,19961015,社会服务,旅游及景区,自然景区,852112.SI
600750.SH,600750,华润江中,江西,主板,SSE,19960923,医药生物,中药Ⅱ,中药Ⅲ,851521.SI
600751.SH,600751,海航科技,天津,主板,SSE,19960909,交通运输,航运港口,航运,851761.SI
600753.SH,600753,ST海钦,福建,主板,SSE,19960927,交通运输,物流,原材料供应链服务,851782.SI
600754.SH,600754,锦江酒店,上海,主板,SSE,19961011,社会服务,酒店餐饮,酒店,852121.SI
600710.SH,600710,苏美达,江苏,主板,SSE,19960701,商贸零售,贸易Ⅱ,贸易Ⅲ,852021.SI
600711.SH,600711,盛屯矿业,福建,主板,SSE,19960531,有色金属,工业金属,铜,850552.SI
600712.SH,600712,南宁百货,广西,主板,SSE,19960626,商贸零售,一般零售,百货,852031.SI
600713.SH,600713,南京医药,江苏,主板,SSE,19960701,医药生物,医药商业,医药流通,851542.SI
600714.SH,600714,金瑞矿业,青海,主板,SSE,19960606,基础化工,化学原料,无机盐,850323.SI
600715.SH,600715,文投控股,北京,主板,SSE,19960701,传媒,游戏Ⅱ,游戏Ⅲ,857641.SI
600716.SH,600716,凤凰股份,江苏,主板,SSE,19960702,房地产,房地产开发,住宅开发,851811.SI
600755.SH,600755,厦门国贸,福建,主板,SSE,19961003,交通运输,物流,原材料供应链服务,851782.SI
600756.SH,600756,浪潮软件,山东,主板,SSE,19960923,计算机,IT服务Ⅱ,IT服务Ⅲ,852226.SI
600757.SH,600757,长江传媒,湖北,主板,SSE,19961003,传媒,出版,教育出版,857691.SI
600758.SH,600758,辽宁能源,辽宁,主板,SSE,19961029,煤炭,煤炭开采,焦煤,859512.SI
600759.SH,600759,ST洲际,海南,主板,SSE,19961008,石油石化,油气开采Ⅱ,油气开采Ⅲ,859611.SI
600760.SH,600760,中航沈飞,山东,主板,SSE,19961011,国防军工,航空装备Ⅱ,航空装备Ⅲ,857421.SI
600776.SH,600776,东方通信,浙江,主板,SSE,19961126,通信,通信设备,其他通信设备,851027.SI
600777.SH,600777,新潮能源,山东,主板,SSE,19961121,石油石化,油气开采Ⅱ,油气开采Ⅲ,859611.SI
600778.SH,600778,友好集团,新疆,主板,SSE,19961203,商贸零售,一般零售,多业态零售,852033.SI
600779.SH,600779,水井坊,四川,主板,SSE,19961206,食品饮料,白酒Ⅱ,白酒Ⅲ,851251.SI
600780.SH,600780,通宝能源,山西,主板,SSE,19961205,公用事业,电力,火力发电,851611.SI
600782.SH,600782,新钢股份,江西,主板,SSE,19961225,钢铁,普钢,板材,850442.SI
600783.SH,600783,鲁信创投,山东,主板,SSE,19961225,机械设备,通用设备,磨具磨料,850713.SI
002849.SZ,002849,威星智能,浙江,主板,SZSE,20170217,机械设备,通用设备,仪器仪表,850731.SI
600738.SH,600738,丽尚国潮,甘肃,主板,SSE,19960802,商贸零售,一般零售,商业物业经营,852034.SI
600739.SH,600739,辽宁成大,辽宁,主板,SSE,19960819,医药生物,生物制品,疫苗,851523.SI
600740.SH,600740,山西焦化,山西,主板,SSE,19960808,煤炭,焦炭Ⅱ,焦炭Ⅲ,859521.SI
600741.SH,600741,华域汽车,上海,主板,SSE,19960826,汽车,汽车零部件,车身附件及饰件,850922.SI
600742.SH,600742,富维股份,吉林,主板,SSE,19960826,汽车,汽车零部件,车身附件及饰件,850922.SI
600743.SH,600743,华远控股,北京,主板,SSE,19960909,房地产,房地产服务,物业管理,851831.SI
600744.SH,600744,华银电力,湖南,主板,SSE,19960905,公用事业,电力,火力发电,851611.SI
600745.SH,600745,*ST闻泰,湖北,主板,SSE,19960828,电子,半导体,分立器件,850812.SI
600784.SH,600784,鲁银投资,山东,主板,SSE,19961225,基础化工,化学原料,无机盐,850323.SI
600785.SH,600785,新华百货,宁夏,主板,SSE,19970108,商贸零售,一般零售,多业态零售,852033.SI
600787.SH,600787,中储股份,天津,主板,SSE,19970121,交通运输,物流,仓储物流,851786.SI
600789.SH,600789,鲁抗医药,山东,主板,SSE,19970226,医药生物,化学制药,化学制剂,851512.SI
600791.SH,600791,京能置业,北京,主板,SSE,19970130,房地产,房地产开发,住宅开发,851811.SI
600807.SH,600807,济高发展,山东,主板,SSE,19940103,综合,综合Ⅱ,综合Ⅲ,852311.SI
600808.SH,600808,马钢股份,安徽,主板,SSE,19940106,钢铁,普钢,板材,850442.SI
600809.SH,600809,山西汾酒,山西,主板,SSE,19940106,食品饮料,白酒Ⅱ,白酒Ⅲ,851251.SI
600761.SH,600761,安徽合力,安徽,主板,SSE,19961009,机械设备,工程机械,工程机械整机,850771.SI
600763.SH,600763,通策医疗,浙江,主板,SSE,19961030,医药生物,医疗服务,医院,851564.SI
600764.SH,600764,中国海防,北京,主板,SSE,19961104,国防军工,航海装备Ⅱ,航海装备Ⅲ,850935.SI
600765.SH,600765,中航重机,贵州,主板,SSE,19961106,国防军工,航空装备Ⅱ,航空装备Ⅲ,857421.SI
600768.SH,600768,富邦新材,浙江,主板,SSE,19961111,有色金属,工业金属,铝,850551.SI
600769.SH,600769,祥龙电业,湖北,主板,SSE,19961101,环保,环境治理,水务及水治理,859712.SI
600771.SH,600771,广誉远,山西,主板,SSE,19961105,医药生物,中药Ⅱ,中药Ⅲ,851521.SI
600773.SH,600773,西藏城投,西藏,主板,SSE,19961108,房地产,房地产开发,住宅开发,851811.SI
600774.SH,600774,汉商集团,湖北,主板,SSE,19961108,医药生物,化学制药,化学制剂,851512.SI
600775.SH,600775,南京熊猫,江苏,主板,SSE,19961118,通信,通信设备,通信终端及配件,851026.SI
600810.SH,600810,神马股份,河南,主板,SSE,19940106,基础化工,化学纤维,锦纶,850346.SI
600812.SH,600812,华北制药,河北,主板,SSE,19940114,医药生物,化学制药,化学制剂,851512.SI
600814.SH,600814,杭州解百,浙江,主板,SSE,19940114,商贸零售,一般零售,百货,852031.SI
600815.SH,600815,厦工股份,福建,主板,SSE,19940128,机械设备,工程机械,工程机械整机,850771.SI
600816.SH,600816,建元信托,上海,主板,SSE,19940128,非银金融,多元金融,信托,851924.SI
600829.SH,600829,人民同泰,黑龙江,主板,SSE,19940224,医药生物,医药商业,医药流通,851542.SI
600830.SH,600830,香溢融通,浙江,主板,SSE,19940224,非银金融,多元金融,金融控股,851922.SI
600831.SH,600831,广电网络,陕西,主板,SSE,19940224,传媒,电视广播Ⅱ,电视广播Ⅲ,859951.SI
600792.SH,600792,云煤能源,云南,主板,SSE,19970123,煤炭,焦炭Ⅱ,焦炭Ⅲ,859521.SI
600793.SH,600793,宜宾纸业,四川,主板,SSE,19970220,轻工制造,造纸,特种纸,851413.SI
600794.SH,600794,保税科技,江苏,主板,SSE,19970306,交通运输,物流,仓储物流,851786.SI
600795.SH,600795,国电电力,辽宁,主板,SSE,19970318,公用事业,电力,火力发电,851611.SI
600796.SH,600796,钱江生化,浙江,主板,SSE,19970408,环保,环境治理,水务及水治理,859712.SI
600797.SH,600797,浙大网新,浙江,主板,SSE,19970418,计算机,IT服务Ⅱ,IT服务Ⅲ,852226.SI
600798.SH,600798,宁波海运,浙江,主板,SSE,19970423,交通运输,航运港口,航运,851761.SI
600800.SH,600800,渤海化学,天津,主板,SSE,19931206,石油石化,炼化及贸易,其他石化,859633.SI
600801.SH,600801,华新建材,湖北,主板,SSE,19940103,建筑材料,水泥,水泥制造,857111.SI
600802.SH,600802,福建水泥,福建,主板,SSE,19940103,建筑材料,水泥,水泥制造,857111.SI
600803.SH,600803,新奥股份,河北,主板,SSE,19940103,公用事业,燃气Ⅱ,燃气Ⅲ,851631.SI
600805.SH,600805,悦达投资,江苏,主板,SSE,19940103,综合,综合Ⅱ,综合Ⅲ,852311.SI
600833.SH,600833,第一医药,上海,主板,SSE,19940224,医药生物,医药商业,线下药店,851543.SI
600834.SH,600834,申通地铁,上海,主板,SSE,19940224,交通运输,铁路公路,公交,851721.SI
600835.SH,600835,上海机电,上海,主板,SSE,19940224,机械设备,专用设备,楼宇设备,850728.SI
600838.SH,600838,上海九百,上海,主板,SSE,19940224,商贸零售,一般零售,多业态零售,852033.SI
600839.SH,600839,四川长虹,四川,主板,SSE,19940311,家用电器,黑色家电,彩电,851121.SI
600841.SH,600841,动力新科,上海,主板,SSE,19940311,汽车,汽车零部件,底盘与发动机系统,850923.SI
600859.SH,600859,王府井,北京,主板,SSE,19940506,商贸零售,一般零售,百货,852031.SI
600860.SH,600860,京城股份,北京,主板,SSE,19940506,机械设备,通用设备,金属制品,850751.SI
600817.SH,600817,宇通重工,河南,主板,SSE,19940128,环保,环保设备Ⅱ,环保设备Ⅲ,859721.SI
600818.SH,600818,ST中路,上海,主板,SSE,19940128,汽车,摩托车及其他,其他运输设备,858811.SI
600819.SH,600819,耀皮玻璃,上海,主板,SSE,19940128,建筑材料,玻璃玻纤,玻璃制造,857121.SI
600820.SH,600820,隧道股份,上海,主板,SSE,19940128,建筑装饰,基础建设,基建市政工程,857236.SI
600821.SH,600821,金开新能,天津,主板,SSE,19940128,公用事业,电力,光伏发电,851616.SI
600822.SH,600822,上海物贸,上海,主板,SSE,19940204,汽车,汽车服务,汽车经销商,850232.SI
600824.SH,600824,益民集团,上海,主板,SSE,19940204,商贸零售,一般零售,多业态零售,852033.SI
600825.SH,600825,新华传媒,上海,主板,SSE,19940204,传媒,出版,大众出版,857692.SI
600826.SH,600826,兰生股份,上海,主板,SSE,19940204,社会服务,专业服务,会展服务,852183.SI
600827.SH,600827,百联股份,上海,主板,SSE,19940204,商贸零售,一般零售,多业态零售,852033.SI
600828.SH,600828,茂业商业,四川,主板,SSE,19940224,商贸零售,一般零售,百货,852031.SI
600843.SH,600843,上工申贝,上海,主板,SSE,19940311,机械设备,专用设备,纺织服装设备,850721.SI
600861.SH,600861,北京人力,北京,主板,SSE,19940520,社会服务,专业服务,人力资源服务,852181.SI
600862.SH,600862,中航高科,江苏,主板,SSE,19940520,国防军工,航空装备Ⅱ,航空装备Ⅲ,857421.SI
600863.SH,600863,华能蒙电,内蒙,主板,SSE,19940520,公用事业,电力,火力发电,851611.SI
600864.SH,600864,哈投股份,黑龙江,主板,SSE,19940809,非银金融,证券Ⅱ,证券Ⅲ,851931.SI
600865.SH,600865,百大集团,浙江,主板,SSE,19940809,商贸零售,一般零售,百货,852031.SI
600866.SH,600866,星湖科技,广东,主板,SSE,19940818,基础化工,化学制品,食品及饲料添加剂,850135.SI
600879.SH,600879,航天电子,湖北,主板,SSE,19951115,国防军工,航天装备Ⅱ,航天装备Ⅲ,857411.SI
600880.SH,600880,博瑞传播,四川,主板,SSE,19951115,社会服务,教育,教育运营及其他,859853.SI
600881.SH,600881,亚泰集团,吉林,主板,SSE,19951115,综合,综合Ⅱ,综合Ⅲ,852311.SI
600844.SH,600844,金煤科技,内蒙,主板,SSE,19940311,基础化工,化学原料,煤化工,850325.SI
600845.SH,600845,宝信软件,上海,主板,SSE,19940311,计算机,IT服务Ⅱ,IT服务Ⅲ,852226.SI
600846.SH,600846,同济科技,上海,主板,SSE,19940311,建筑装饰,工程咨询服务Ⅱ,工程咨询服务Ⅲ,857261.SI
600847.SH,600847,万里股份,重庆,主板,SSE,19940324,电力设备,电池,蓄电池及其他电池,857375.SI
600848.SH,600848,上海临港,上海,主板,SSE,19940324,房地产,房地产开发,产业地产,851813.SI
600850.SH,600850,电科数字,上海,主板,SSE,19940324,计算机,IT服务Ⅱ,IT服务Ⅲ,852226.SI
600851.SH,600851,海欣股份,上海,主板,SSE,19940404,医药生物,化学制药,化学制剂,851512.SI
600853.SH,600853,龙建股份,黑龙江,主板,SSE,19940404,建筑装饰,基础建设,基建市政工程,857236.SI
600854.SH,600854,春兰股份,江苏,主板,SSE,19940425,家用电器,白色家电,空调,851112.SI
600855.SH,600855,航天长峰,北京,主板,SSE,19940425,国防军工,军工电子Ⅱ,军工电子Ⅲ,857451.SI
600857.SH,600857,宁波中百,浙江,主板,SSE,19940425,商贸零售,一般零售,百货,852031.SI
600858.SH,600858,银座股份,山东,主板,SSE,19940506,商贸零售,一般零售,多业态零售,852033.SI
600882.SH,600882,妙可蓝多,上海,主板,SSE,19951206,食品饮料,饮料乳品,乳品,851243.SI
600883.SH,600883,博闻科技,云南,主板,SSE,19951208,农林牧渔,种植业,食用菌,850114.SI
600884.SH,600884,杉杉股份,浙江,主板,SSE,19960130,电力设备,电池,电池化学品,857372.SI
600885.SH,600885,宏发股份,湖北,主板,SSE,19960205,电力设备,电网设备,电网自动化设备,857321.SI
600886.SH,600886,国投电力,北京,主板,SSE,19960118,公用事业,电力,水力发电,851612.SI
600887.SH,600887,伊利股份,内蒙,主板,SSE,19960312,食品饮料,饮料乳品,乳品,851243.SI
600889.SH,600889,*ST京化,江苏,主板,SSE,19960308,机械设备,通用设备,金属制品,850751.SI
600867.SH,600867,通化东宝,吉林,主板,SSE,19940824,医药生物,生物制品,其他生物制品,851524.SI
600868.SH,600868,梅雁吉祥,广东,主板,SSE,19940912,公用事业,电力,水力发电,851612.SI
600869.SH,600869,远东股份,青海,主板,SSE,19950206,电力设备,电网设备,线缆部件及其他,857344.SI
600871.SH,600871,石化油服,北京,主板,SSE,19950411,石油石化,油服工程,油田服务,859621.SI
600872.SH,600872,中炬高新,广东,主板,SSE,19950124,食品饮料,调味发酵品Ⅱ,调味发酵品Ⅲ,851242.SI
600873.SH,600873,梅花生物,西藏,主板,SSE,19950217,基础化工,化学制品,食品及饲料添加剂,850135.SI
600874.SH,600874,创业环保,天津,主板,SSE,19950630,环保,环境治理,水务及水治理,859712.SI
600875.SH,600875,东方电气,四川,主板,SSE,19951010,电力设备,其他电源设备Ⅱ,综合电力设备商,857331.SI
600876.SH,600876,凯盛新能,河南,主板,SSE,19951031,建筑材料,玻璃玻纤,玻璃制造,857121.SI
600877.SH,600877,电科芯片,重庆,主板,SSE,19951013,电子,半导体,模拟芯片设计,850815.SI
600888.SH,600888,新疆众和,新疆,主板,SSE,19960215,有色金属,工业金属,铝,850551.SI
600905.SH,600905,三峡能源,北京,主板,SSE,20210610,公用事业,电力,风力发电,851617.SI
600906.SH,600906,财达证券,河北,主板,SSE,20210507,非银金融,证券Ⅱ,证券Ⅲ,851931.SI
600909.SH,600909,华安证券,安徽,主板,SSE,20161206,非银金融,证券Ⅱ,证券Ⅲ,851931.SI
600916.SH,600916,中国黄金,北京,主板,SSE,20210205,纺织服饰,饰品,钟表珠宝,851331.SI
600917.SH,600917,重庆燃气,重庆,主板,SSE,20140930,公用事业,燃气Ⅱ,燃气Ⅲ,851631.SI
600918.SH,600918,中泰证券,山东,主板,SSE,20200603,非银金融,证券Ⅱ,证券Ⅲ,851931.SI
600919.SH,600919,江苏银行,江苏,主板,SSE,20160802,银行,城商行Ⅱ,城商行Ⅲ,857841.SI
600925.SH,600925,苏能股份,江苏,主板,SSE,20230329,煤炭,煤炭开采,动力煤,859511.SI
600892.SH,600892,大晟文化,深圳,主板,SSE,19960315,传媒,游戏Ⅱ,游戏Ⅲ,857641.SI
600893.SH,600893,航发动力,陕西,主板,SSE,19960408,国防军工,航空装备Ⅱ,航空装备Ⅲ,857421.SI
600894.SH,600894,广日股份,广东,主板,SSE,19960328,机械设备,专用设备,楼宇设备,850728.SI
600895.SH,600895,张江高科,上海,主板,SSE,19960422,房地产,房地产开发,产业地产,851813.SI
600897.SH,600897,厦门空港,福建,主板,SSE,19960531,交通运输,航空机场,机场,851751.SI
600900.SH,600900,长江电力,北京,主板,SSE,20031118,公用事业,电力,水力发电,851612.SI
600901.SH,600901,江苏金租,江苏,主板,SSE,20180301,非银金融,多元金融,租赁,851925.SI
600903.SH,600903,贵州燃气,贵州,主板,SSE,20171107,公用事业,燃气Ⅱ,燃气Ⅲ,851631.SI
600908.SH,600908,无锡银行,江苏,主板,SSE,20160923,银行,农商行Ⅱ,农商行Ⅲ,857851.SI
600926.SH,600926,杭州银行,浙江,主板,SSE,20161027,银行,城商行Ⅱ,城商行Ⅲ,857841.SI
600927.SH,600927,永安期货,浙江,主板,SSE,20211223,非银金融,多元金融,期货,851923.SI
600928.SH,600928,西安银行,陕西,主板,SSE,20190301,银行,城商行Ⅱ,城商行Ⅲ,857841.SI
600929.SH,600929,雪天盐业,湖南,主板,SSE,20180326,基础化工,化学原料,无机盐,850323.SI
600930.SH,600930,华电新能,福建,主板,SSE,20250716,公用事业,电力,风力发电,851617.SI
600933.SH,600933,爱柯迪,浙江,主板,SSE,20171117,汽车,汽车零部件,底盘与发动机系统,850923.SI
600935.SH,600935,华塑股份,安徽,主板,SSE,20211126,基础化工,化学原料,氯碱,850322.SI
600939.SH,600939,重庆建工,重庆,主板,SSE,20170221,建筑装饰,房屋建设Ⅱ,房屋建设Ⅲ,850623.SI
600941.SH,600941,中国移动,北京,主板,SSE,20220105,通信,通信服务,电信运营商,852212.SI
600955.SH,600955,维远股份,山东,主板,SSE,20210915,基础化工,化学原料,其他化学原料,850324.SI
600956.SH,600956,新天绿能,河北,主板,SSE,20200629,公用事业,电力,风力发电,851617.SI
600958.SH,600958,东方证券,上海,主板,SSE,20150323,非银金融,证券Ⅱ,证券Ⅲ,851931.SI
600959.SH,600959,江苏有线,江苏,主板,SSE,20150428,传媒,电视广播Ⅱ,电视广播Ⅲ,859951.SI
600936.SH,600936,北投科技,广西,主板,SSE,20160815,传媒,电视广播Ⅱ,电视广播Ⅲ,859951.SI
600938.SH,600938,中国海油,北京,主板,SSE,20220421,石油石化,油气开采Ⅱ,油气开采Ⅲ,859611.SI
600960.SH,600960,渤海汽车,山东,主板,SSE,20040407,汽车,汽车零部件,底盘与发动机系统,850923.SI
600961.SH,600961,株冶集团,湖南,主板,SSE,20040830,有色金属,工业金属,铅锌,850553.SI
600962.SH,600962,国投中鲁,北京,主板,SSE,20040622,农林牧渔,农产品加工,果蔬加工,850151.SI
600963.SH,600963,岳阳林纸,湖南,主板,SSE,20040525,轻工制造,造纸,大宗用纸,851412.SI
600965.SH,600965,*ST福成,河北,主板,SSE,20040713,农林牧渔,养殖业,其他养殖,850174.SI
600966.SH,600966,博汇纸业,山东,主板,SSE,20040608,轻工制造,造纸,大宗用纸,851412.SI
600967.SH,600967,内蒙一机,内蒙,主板,SSE,20040518,国防军工,地面兵装Ⅱ,地面兵装Ⅲ,857431.SI
600968.SH,600968,海油发展,北京,主板,SSE,20190626,石油石化,油服工程,油田服务,859621.SI
601077.SH,601077,渝农商行,重庆,主板,SSE,20191029,银行,农商行Ⅱ,农商行Ⅲ,857851.SI
601083.SH,601083,锦江航运,上海,主板,SSE,20231205,交通运输,航运港口,航运,851761.SI
601086.SH,601086,国芳集团,甘肃,主板,SSE,20170929,商贸零售,一般零售,百货,852031.SI
601133.SH,601133,柏诚股份,江苏,主板,SSE,20230410,建筑装饰,专业工程,其他专业工程,857244.SI
601177.SH,601177,杭齿前进,浙江,主板,SSE,20101011,机械设备,通用设备,金属制品,850751.SI
601179.SH,601179,中国西电,陕西,主板,SSE,20100128,电力设备,电网设备,输变电设备,857381.SI
601186.SH,601186,中国铁建,北京,主板,SSE,20080310,建筑装饰,基础建设,基建市政工程,857236.SI
601187.SH,601187,厦门银行,福建,主板,SSE,20201027,银行,城商行Ⅱ,城商行Ⅲ,857841.SI
601188.SH,601188,龙江交通,黑龙江,主板,SSE,20100319,交通运输,铁路公路,高速公路,851731.SI
601375.SH,601375,中原证券,河南,主板,SSE,20170103,非银金融,证券Ⅱ,证券Ⅲ,851931.SI
601399.SH,601399,国机重装,四川,主板,SSE,20200608,机械设备,专用设备,能源及重型设备,850725.SI
601619.SH,601619,嘉泽新能,宁夏,主板,SSE,20170720,公用事业,电力,风力发电,851617.SI
601628.SH,601628,中国人寿,北京,主板,SSE,20070109,非银金融,保险Ⅱ,保险Ⅲ,851941.SI
601636.SH,601636,旗滨集团,湖南,主板,SSE,20110812,建筑材料,玻璃玻纤,玻璃制造,857121.SI
601677.SH,601677,明泰铝业,河南,主板,SSE,20110919,有色金属,工业金属,铝,850551.SI
601698.SH,601698,中国卫通,北京,主板,SSE,20190628,国防军工,航天装备Ⅱ,航天装备Ⅲ,857411.SI
601766.SH,601766,中国中车,北京,主板,SSE,20080818,机械设备,轨交设备Ⅱ,轨交设备Ⅲ,850936.SI
601778.SH,601778,晶科科技,江西,主板,SSE,20200519,公用事业,电力,光伏发电,851616.SI
601799.SH,601799,星宇股份,江苏,主板,SSE,20110201,汽车,汽车零部件,车身附件及饰件,850922.SI
601800.SH,601800,中国交建,北京,主板,SSE,20120309,建筑装饰,基础建设,基建市政工程,857236.SI
601872.SH,601872,招商轮船,上海,主板,SSE,20061201,交通运输,航运港口,航运,851761.SI
300094.SZ,300094,国联水产,广东,创业板,SZSE,20100708,农林牧渔,渔业,水产养殖,850122.SI
601198.SH,601198,东兴证券,北京,主板,SSE,20150226,非银金融,证券Ⅱ,证券Ⅲ,851931.SI
601199.SH,601199,江南水务,江苏,主板,SSE,20110317,环保,环境治理,水务及水治理,859712.SI
601212.SH,601212,白银有色,甘肃,主板,SSE,20170215,有色金属,工业金属,铜,850552.SI
601238.SH,601238,广汽集团,广东,主板,SSE,20120329,汽车,乘用车,综合乘用车,850952.SI
601658.SH,601658,邮储银行,北京,主板,SSE,20191210,银行,国有大型银行Ⅱ,国有大型银行Ⅲ,857821.SI
601666.SH,601666,平煤股份,河南,主板,SSE,20061123,煤炭,煤炭开采,焦煤,859512.SI
601921.SH,601921,浙版传媒,浙江,主板,SSE,20210723,传媒,出版,教育出版,857691.SI
601939.SH,601939,建设银行,北京,主板,SSE,20070925,银行,国有大型银行Ⅱ,国有大型银行Ⅲ,857821.SI
601949.SH,601949,中国出版,北京,主板,SSE,20170821,传媒,出版,大众出版,857692.SI
601952.SH,601952,苏垦农发,江苏,主板,SSE,20170515,农林牧渔,种植业,粮食种植,850112.SI
601958.SH,601958,金钼股份,陕西,主板,SSE,20080417,有色金属,小金属,钼,850545.SI
601965.SH,601965,中国汽研,重庆,主板,SSE,20120611,汽车,汽车服务,汽车综合服务,850233.SI
601966.SH,601966,玲珑轮胎,山东,主板,SSE,20160706,汽车,汽车零部件,轮胎轮毂,850924.SI
603013.SH,603013,亚普股份,江苏,主板,SSE,20180509,汽车,汽车零部件,底盘与发动机系统,850923.SI
603017.SH,603017,中衡设计,江苏,主板,SSE,20141231,建筑装饰,工程咨询服务Ⅱ,工程咨询服务Ⅲ,857261.SI
603020.SH,603020,爱普股份,上海,主板,SSE,20150325,基础化工,化学制品,食品及饲料添加剂,850135.SI
603025.SH,603025,大豪科技,北京,主板,SSE,20150422,机械设备,自动化设备,工控设备,850782.SI
603030.SH,603030,全筑股份,上海,主板,SSE,20150320,建筑装饰,装修装饰Ⅱ,装修装饰Ⅲ,857221.SI
603032.SH,603032,德新科技,新疆,主板,SSE,20170105,电力设备,电池,锂电专用设备,857373.SI
603035.SH,603035,常熟汽饰,江苏,主板,SSE,20170105,汽车,汽车零部件,车身附件及饰件,850922.SI
601088.SH,601088,中国神华,北京,主板,SSE,20071009,煤炭,煤炭开采,动力煤,859511.SI
601089.SH,601089,福元医药,北京,主板,SSE,20220630,医药生物,化学制药,化学制剂,851512.SI
601801.SH,601801,皖新传媒,安徽,主板,SSE,20100118,传媒,出版,大众出版,857692.SI
603036.SH,603036,如通股份,江苏,主板,SSE,20161209,机械设备,专用设备,能源及重型设备,850725.SI
603037.SH,603037,凯众股份,上海,主板,SSE,20170120,汽车,汽车零部件,底盘与发动机系统,850923.SI
603038.SH,603038,华立股份,广东,主板,SSE,20170116,建筑材料,装修建材,其他建材,850614.SI
603039.SH,603039,泛微网络,上海,主板,SSE,20170113,计算机,软件开发,横向通用软件,851042.SI
603040.SH,603040,新坐标,浙江,主板,SSE,20170209,汽车,汽车零部件,底盘与发动机系统,850923.SI
603041.SH,603041,美思德,江苏,主板,SSE,20170330,基础化工,化学制品,聚氨酯,850372.SI
603042.SH,603042,华脉科技,江苏,主板,SSE,20170602,通信,通信设备,通信线缆及配套,851025.SI
603043.SH,603043,广州酒家,广东,主板,SSE,20170627,食品饮料,休闲食品,烘焙食品,851282.SI
603048.SH,603048,浙江黎明,浙江,主板,SSE,20211116,汽车,汽车零部件,其他汽车零部件,850925.SI
603049.SH,603049,中策橡胶,浙江,主板,SSE,20250605,汽车,汽车零部件,轮胎轮毂,850924.SI
603051.SH,603051,鹿山新材,广东,主板,SSE,20220325,基础化工,化学制品,胶黏剂及胶带,850137.SI
603052.SH,603052,可川科技,江苏,主板,SSE,20221011,电子,消费电子,消费电子零部件及组装,850854.SI
603053.SH,603053,成都燃气,四川,主板,SSE,20191217,公用事业,燃气Ⅱ,燃气Ⅲ,851631.SI
603055.SH,603055,台华新材,浙江,主板,SSE,20170921,纺织服饰,纺织制造,其他纺织,851316.SI
603057.SH,603057,紫燕食品,上海,主板,SSE,20220926,食品饮料,休闲食品,熟食,851283.SI
603060.SH,603060,国检集团,北京,主板,SSE,20161109,社会服务,专业服务,检测服务,852182.SI
603062.SH,603062,麦加芯彩,上海,主板,SSE,20231107,基础化工,化学制品,涂料油墨,850335.SI
603063.SH,603063,禾望电气,深圳,主板,SSE,20170728,电力设备,风电设备,风电零部件,857362.SI
603066.SH,603066,音飞储存,江苏,主板,SSE,20150611,交通运输,物流,仓储物流,851786.SI
603067.SH,603067,振华股份,湖北,主板,SSE,20160913,基础化工,化学原料,无机盐,850323.SI
603069.SH,603069,海汽集团,海南,主板,SSE,20160712,交通运输,铁路公路,公交,851721.SI
603070.SH,603070,万控智造,浙江,主板,SSE,20220310,电力设备,电网设备,配电设备,857382.SI
603071.SH,603071,物产环能,浙江,主板,SSE,20211216,公用事业,电力,热力服务,851614.SI
603072.SH,603072,天和磁材,内蒙,主板,SSE,20250103,有色金属,金属新材料,磁性材料,850522.SI
603075.SH,603075,热威股份,浙江,主板,SSE,20230911,家用电器,家电零部件Ⅱ,家电零部件Ⅲ,851161.SI
600969.SH,600969,郴电国际,湖南,主板,SSE,20040408,公用事业,电力,电能综合服务,851610.SI
601318.SH,601318,中国平安,深圳,主板,SSE,20070301,非银金融,保险Ⅱ,保险Ⅲ,851941.SI
601968.SH,601968,宝钢包装,上海,主板,SSE,20150611,轻工制造,包装印刷,金属包装,851423.SI
601996.SH,601996,丰林集团,广西,主板,SSE,20110929,轻工制造,家居用品,其他家居用品,851491.SI
603076.SH,603076,乐惠国际,浙江,主板,SSE,20171113,机械设备,专用设备,其他专用设备,850727.SI
603077.SH,603077,和邦生物,四川,主板,SSE,20120731,基础化工,农化制品,磷肥及磷化工,850332.SI
603078.SH,603078,江化微,江苏,主板,SSE,20170410,电子,电子化学品Ⅱ,电子化学品Ⅲ,850861.SI
603079.SH,603079,圣达生物,浙江,主板,SSE,20170823,基础化工,化学制品,食品及饲料添加剂,850135.SI
603080.SH,603080,新疆火炬,新疆,主板,SSE,20180103,公用事业,燃气Ⅱ,燃气Ⅲ,851631.SI
603081.SH,603081,大丰实业,浙江,主板,SSE,20170420,机械设备,专用设备,其他专用设备,850727.SI
603082.SH,603082,北自科技,北京,主板,SSE,20240130,机械设备,自动化设备,其他自动化设备,850784.SI
603083.SH,603083,剑桥科技,上海,主板,SSE,20171110,通信,通信设备,通信终端及配件,851026.SI
603085.SH,603085,天成自控,浙江,主板,SSE,20150630,汽车,汽车零部件,车身附件及饰件,850922.SI
603086.SH,603086,先达股份,山东,主板,SSE,20170511,基础化工,农化制品,农药,850333.SI
603087.SH,603087,甘李药业,北京,主板,SSE,20200629,医药生物,生物制品,其他生物制品,851524.SI
603088.SH,603088,宁波精达,浙江,主板,SSE,20141111,机械设备,通用设备,机床工具,850711.SI
603089.SH,603089,正裕工业,浙江,主板,SSE,20170126,汽车,汽车零部件,底盘与发动机系统,850923.SI
603090.SH,603090,宏盛股份,江苏,主板,SSE,20160831,机械设备,通用设备,其他通用设备,850716.SI
603091.SH,603091,众鑫股份,浙江,主板,SSE,20240920,轻工制造,包装印刷,纸包装,851425.SI
603092.SH,603092,德力佳,江苏,主板,SSE,20251107,电力设备,风电设备,风电零部件,857362.SI
603093.SH,603093,南华期货,浙江,主板,SSE,20190830,非银金融,多元金融,期货,851923.SI
603095.SH,603095,越剑智能,浙江,主板,SSE,20200415,机械设备,专用设备,纺织服装设备,850721.SI
603096.SH,603096,新经典,天津,主板,SSE,20170425,传媒,出版,大众出版,857692.SI
603097.SH,603097,江苏华辰,江苏,主板,SSE,20220512,电力设备,电网设备,输变电设备,857381.SI
300199.SZ,300199,翰宇药业,深圳,创业板,SZSE,20110407,医药生物,化学制药,化学制剂,851512.SI
601096.SH,601096,宏盛华源,山东,主板,SSE,20231222,建筑装饰,专业工程,钢结构,857241.SI
601398.SH,601398,工商银行,北京,主板,SSE,20061027,银行,国有大型银行Ⅱ,国有大型银行Ⅲ,857821.SI
601669.SH,601669,中国电建,北京,主板,SSE,20111018,建筑装饰,基础建设,基建市政工程,857236.SI
601808.SH,601808,中海油服,天津,主板,SSE,20070928,石油石化,油服工程,油田服务,859621.SI
601877.SH,601877,正泰电器,浙江,主板,SSE,20100121,电力设备,电网设备,配电设备,857382.SI
601985.SH,601985,中国核电,北京,主板,SSE,20150610,公用事业,电力,核力发电,851618.SI
603021.SH,603021,*ST华鹏,山东,主板,SSE,20150423,轻工制造,家居用品,其他家居用品,851491.SI
603022.SH,603022,新通联,上海,主板,SSE,20150518,轻工制造,包装印刷,综合包装,851426.SI
603098.SH,603098,森特股份,北京,主板,SSE,20161216,建筑装饰,专业工程,钢结构,857241.SI
603099.SH,603099,长白山,吉林,主板,SSE,20140822,社会服务,旅游及景区,自然景区,852112.SI
603100.SH,603100,川仪股份,重庆,主板,SSE,20140805,机械设备,通用设备,仪器仪表,850731.SI
603101.SH,603101,汇嘉时代,新疆,主板,SSE,20160506,商贸零售,一般零售,多业态零售,852033.SI
603102.SH,603102,百合股份,山东,主板,SSE,20220125,食品饮料,食品加工,保健品,851247.SI
603106.SH,603106,恒银科技,天津,主板,SSE,20170920,计算机,计算机设备,其他计算机设备,850703.SI
603107.SH,603107,上海汽配,上海,主板,SSE,20231101,汽车,汽车零部件,底盘与发动机系统,850923.SI
603108.SH,603108,润达医疗,上海,主板,SSE,20150527,医药生物,医药商业,医药流通,851542.SI
603109.SH,603109,神驰机电,重庆,主板,SSE,20191231,汽车,汽车零部件,其他汽车零部件,850925.SI
603110.SH,603110,东方材料,安徽,主板,SSE,20171013,基础化工,化学制品,涂料油墨,850335.SI
603111.SH,603111,康尼机电,江苏,主板,SSE,20140801,机械设备,轨交设备Ⅱ,轨交设备Ⅲ,850936.SI
300233.SZ,300233,金城医药,山东,创业板,SZSE,20110622,医药生物,化学制药,化学制剂,851512.SI
601200.SH,601200,上海环境,上海,主板,SSE,20170331,环保,环境治理,固废治理,859713.SI
601878.SH,601878,浙商证券,浙江,主板,SSE,20170626,非银金融,证券Ⅱ,证券Ⅲ,851931.SI
601998.SH,601998,中信银行,北京,主板,SSE,20070427,银行,股份制银行Ⅱ,股份制银行Ⅲ,857831.SI
603008.SH,603008,ST喜临门,浙江,主板,SSE,20120717,轻工制造,家居用品,成品家居,851437.SI
603112.SH,603112,华翔股份,山西,主板,SSE,20200917,家用电器,家电零部件Ⅱ,家电零部件Ⅲ,851161.SI
603113.SH,603113,金能科技,山东,主板,SSE,20170511,基础化工,化学原料,其他化学原料,850324.SI
603115.SH,603115,海星股份,江苏,主板,SSE,20190809,电子,电子化学品Ⅱ,电子化学品Ⅲ,850861.SI
603116.SH,603116,红蜻蜓,浙江,主板,SSE,20150629,纺织服饰,服装家纺,鞋帽及其他,851325.SI
603117.SH,603117,万林物流,江苏,主板,SSE,20150629,交通运输,物流,跨境物流,851785.SI
603118.SH,603118,共进股份,深圳,主板,SSE,20150225,通信,通信设备,通信终端及配件,851026.SI
603119.SH,603119,浙江荣泰,浙江,主板,SSE,20230801,汽车,汽车零部件,其他汽车零部件,850925.SI
603120.SH,603120,肯特催化,浙江,主板,SSE,20250416,基础化工,化学制品,其他化学制品,850339.SI
603121.SH,603121,华培动力,上海,主板,SSE,20190111,汽车,汽车零部件,底盘与发动机系统,850923.SI
603122.SH,603122,合富中国,上海,主板,SSE,20220216,医药生物,医药商业,医药流通,851542.SI
603123.SH,603123,翠微股份,北京,主板,SSE,20120503,商贸零售,一般零售,百货,852031.SI
603124.SH,603124,江南新材,江西,主板,SSE,20250320,有色金属,金属新材料,其他金属新材料,850521.SI
603125.SH,603125,常青科技,江苏,主板,SSE,20230410,基础化工,化学制品,其他化学制品,850339.SI
603126.SH,603126,中材节能,天津,主板,SSE,20140731,环保,环保设备Ⅱ,环保设备Ⅲ,859721.SI
603128.SH,603128,华贸物流,上海,主板,SSE,20120529,交通运输,物流,跨境物流,851785.SI
603131.SH,603131,上海沪工,上海,主板,SSE,20160607,机械设备,通用设备,其他通用设备,850716.SI
603132.SH,603132,金徽股份,甘肃,主板,SSE,20220222,有色金属,工业金属,铅锌,850553.SI
603135.SH,603135,中重科技,天津,主板,SSE,20230410,机械设备,专用设备,能源及重型设备,850725.SI
603136.SH,603136,天目湖,江苏,主板,SSE,20170927,社会服务,旅游及景区,自然景区,852112.SI
603137.SH,603137,恒尚节能,江苏,主板,SSE,20230419,建筑装饰,装修装饰Ⅱ,装修装饰Ⅲ,857221.SI
603139.SH,603139,康惠股份,陕西,主板,SSE,20170421,医药生物,中药Ⅱ,中药Ⅲ,851521.SI
300267.SZ,300267,尔康制药,湖南,创业板,SZSE,20110927,医药生物,化学制药,原料药,851511.SI
601678.SH,601678,滨化股份,山东,主板,SSE,20100223,基础化工,化学原料,氯碱,850322.SI
601999.SH,601999,出版传媒,辽宁,主板,SSE,20071221,传媒,出版,大众出版,857692.SI
603150.SH,603150,万朗磁塑,安徽,主板,SSE,20220124,基础化工,塑料,其他塑料制品,850351.SI
603151.SH,603151,邦基科技,山东,主板,SSE,20221019,农林牧渔,饲料,畜禽饲料,850142.SI
603153.SH,603153,上海建科,上海,主板,SSE,20230313,建筑装饰,工程咨询服务Ⅱ,工程咨询服务Ⅲ,857261.SI
603155.SH,603155,新亚强,江苏,主板,SSE,20200901,基础化工,化学制品,有机硅,850136.SI
603156.SH,603156,养元饮品,河北,主板,SSE,20180212,食品饮料,饮料乳品,软饮料,851271.SI
603158.SH,603158,腾龙股份,江苏,主板,SSE,20150320,汽车,汽车零部件,底盘与发动机系统,850923.SI
603159.SH,603159,上海亚虹,上海,主板,SSE,20160812,机械设备,专用设备,其他专用设备,850727.SI
603160.SH,603160,汇顶科技,深圳,主板,SSE,20161017,电子,半导体,模拟芯片设计,850815.SI
603162.SH,603162,海通发展,福建,主板,SSE,20230329,交通运输,航运港口,航运,851761.SI
603163.SH,603163,圣晖集成,江苏,主板,SSE,20221013,建筑装饰,专业工程,其他专业工程,857244.SI
603166.SH,603166,福达股份,广西,主板,SSE,20141127,汽车,汽车零部件,底盘与发动机系统,850923.SI
603167.SH,603167,渤海轮渡,山东,主板,SSE,20120906,交通运输,航运港口,航运,851761.SI
603168.SH,603168,莎普爱思,浙江,主板,SSE,20140702,医药生物,化学制药,化学制剂,851512.SI
603169.SH,603169,兰石重装,甘肃,主板,SSE,20141009,机械设备,专用设备,能源及重型设备,850725.SI
603170.SH,603170,宝立食品,上海,主板,SSE,20220715,食品饮料,调味发酵品Ⅱ,调味发酵品Ⅲ,851242.SI
603171.SH,603171,税友股份,浙江,主板,SSE,20210630,计算机,IT服务Ⅱ,IT服务Ⅲ,852226.SI
603172.SH,603172,万丰股份,浙江,主板,SSE,20230510,基础化工,化学制品,纺织化学制品,850338.SI
603173.SH,603173,福斯达,浙江,主板,SSE,20230130,机械设备,专用设备,能源及重型设备,850725.SI
603175.SH,603175,超颖电子,湖北,主板,SSE,20251024,电子,元件,印制电路板,850822.SI
603176.SH,603176,汇通集团,河北,主板,SSE,20211231,建筑装饰,基础建设,基建市政工程,857236.SI
603177.SH,603177,德创环保,浙江,主板,SSE,20170207,环保,环境治理,大气治理,859711.SI
603178.SH,603178,圣龙股份,浙江,主板,SSE,20170328,汽车,汽车零部件,底盘与发动机系统,850923.SI
603179.SH,603179,新泉股份,江苏,主板,SSE,20170317,汽车,汽车零部件,汽车电子电气系统,850926.SI
601880.SH,601880,辽港股份,辽宁,主板,SSE,20101206,交通运输,航运港口,港口,851711.SI
603180.SH,603180,金牌家居,福建,主板,SSE,20170512,轻工制造,家居用品,定制家居,851438.SI
603181.SH,603181,皇马科技,浙江,主板,SSE,20170824,基础化工,化学制品,其他化学制品,850339.SI
603182.SH,603182,嘉华股份,山东,主板,SSE,20220909,农林牧渔,农产品加工,粮油加工,850152.SI
603183.SH,603183,建研院,江苏,主板,SSE,20170905,社会服务,专业服务,检测服务,852182.SI
603185.SH,603185,弘元绿能,江苏,主板,SSE,20181228,电力设备,光伏设备,硅料硅片,857351.SI
603186.SH,603186,华正新材,浙江,主板,SSE,20170103,电子,元件,印制电路板,850822.SI
603187.SH,603187,海容冷链,山东,主板,SSE,20181129,机械设备,通用设备,制冷空调设备,850715.SI
603188.SH,603188,亚邦股份,江苏,主板,SSE,20140909,基础化工,化学制品,纺织化学制品,850338.SI
603189.SH,603189,*ST网达,上海,主板,SSE,20160914,计算机,软件开发,垂直应用软件,851041.SI
603191.SH,603191,望变电气,重庆,主板,SSE,20220428,电力设备,电网设备,输变电设备,857381.SI
603192.SH,603192,汇得科技,上海,主板,SSE,20180828,基础化工,化学制品,聚氨酯,850372.SI
603193.SH,603193,润本股份,广东,主板,SSE,20231017,美容护理,个护用品,洗护用品,859812.SI
603194.SH,603194,中力股份,浙江,主板,SSE,20241224,机械设备,工程机械,工程机械整机,850771.SI
603195.SH,603195,公牛集团,浙江,主板,SSE,20200206,轻工制造,家居用品,其他家居用品,851491.SI
603196.SH,603196,璞源材料,上海,主板,SSE,20170531,纺织服饰,服装家纺,非运动服装,851329.SI
603198.SH,603198,迎驾贡酒,安徽,主板,SSE,20150528,食品饮料,白酒Ⅱ,白酒Ⅲ,851251.SI
603199.SH,603199,九华旅游,安徽,主板,SSE,20150326,社会服务,旅游及景区,自然景区,852112.SI
603200.SH,603200,上海洗霸,上海,主板,SSE,20170601,环保,环境治理,水务及水治理,859712.SI
603201.SH,603201,常润股份,江苏,主板,SSE,20220729,汽车,汽车零部件,其他汽车零部件,850925.SI
603202.SH,603202,天有为,黑龙江,主板,SSE,20250424,汽车,汽车零部件,汽车电子电气系统,850926.SI
603203.SH,603203,快克智能,江苏,主板,SSE,20161108,机械设备,自动化设备,工控设备,850782.SI
603205.SH,603205,健尔康,江苏,主板,SSE,20241107,医药生物,医疗器械,医疗耗材,851533.SI
603206.SH,603206,嘉环科技,江苏,主板,SSE,20220506,通信,通信服务,通信工程及服务,852213.SI
603208.SH,603208,江山欧派,浙江,主板,SSE,20170210,轻工制造,家居用品,定制家居,851438.SI
603209.SH,603209,兴通股份,福建,主板,SSE,20220324,交通运输,航运港口,航运,851761.SI
603210.SH,603210,泰鸿万立,浙江,主板,SSE,20250409,汽车,汽车零部件,其他汽车零部件,850925.SI
603211.SH,603211,晋拓股份,上海,主板,SSE,20220725,汽车,汽车零部件,其他汽车零部件,850925.SI
603212.SH,603212,赛伍技术,江苏,主板,SSE,20200430,电力设备,光伏设备,光伏辅材,857354.SI
603213.SH,603213,镇洋发展,浙江,主板,SSE,20211111,基础化工,化学原料,氯碱,850322.SI
603214.SH,603214,爱婴室,上海,主板,SSE,20180330,商贸零售,专业连锁Ⅱ,专业连锁Ⅲ,852041.SI
603215.SH,603215,比依股份,浙江,主板,SSE,20220218,家用电器,小家电,厨房小家电,851131.SI
603216.SH,603216,梦天家居,浙江,主板,SSE,20211215,轻工制造,家居用品,定制家居,851438.SI
300337.SZ,300337,银邦股份,江苏,创业板,SZSE,20120718,有色金属,工业金属,铝,850551.SI
600982.SH,600982,宁波能源,浙江,主板,SSE,20040706,公用事业,电力,热力服务,851614.SI
601208.SH,601208,东材科技,四川,主板,SSE,20110520,基础化工,塑料,膜材料,850355.SI
601319.SH,601319,中国人保,北京,主板,SSE,20181116,非银金融,保险Ⅱ,保险Ⅲ,851941.SI
601326.SH,601326,秦港股份,河北,主板,SSE,20170816,交通运输,航运港口,港口,851711.SI
601811.SH,601811,新华文轩,四川,主板,SSE,20160808,传媒,出版,教育出版,857691.SI
601881.SH,601881,中国银河,北京,主板,SSE,20170123,非银金融,证券Ⅱ,证券Ⅲ,851931.SI
601882.SH,601882,海天精工,浙江,主板,SSE,20161107,机械设备,通用设备,机床工具,850711.SI
601899.SH,601899,紫金矿业,福建,主板,SSE,20080425,有色金属,工业金属,铜,850552.SI
603217.SH,603217,元利科技,山东,主板,SSE,20190620,基础化工,化学制品,其他化学制品,850339.SI
603218.SH,603218,日月股份,浙江,主板,SSE,20161228,电力设备,风电设备,风电零部件,857362.SI
603220.SH,603220,中贝通信,湖北,主板,SSE,20181115,通信,通信服务,通信工程及服务,852213.SI
603222.SH,603222,济民健康,浙江,主板,SSE,20150217,医药生物,医疗器械,医疗耗材,851533.SI
603223.SH,603223,恒通股份,山东,主板,SSE,20150630,石油石化,炼化及贸易,油品石化贸易,859632.SI
603225.SH,603225,新凤鸣,浙江,主板,SSE,20170418,基础化工,化学纤维,涤纶,850341.SI
603226.SH,603226,菲林格尔,上海,主板,SSE,20170615,轻工制造,家居用品,瓷砖地板,851436.SI
603228.SH,603228,景旺电子,深圳,主板,SSE,20170106,电子,元件,印制电路板,850822.SI
603229.SH,603229,奥翔药业,浙江,主板,SSE,20170509,医药生物,化学制药,原料药,851511.SI
603230.SH,603230,内蒙新华,内蒙,主板,SSE,20211224,传媒,出版,大众出版,857692.SI
603231.SH,603231,索宝蛋白,浙江,主板,SSE,20231215,农林牧渔,农产品加工,粮油加工,850152.SI
603232.SH,603232,格尔软件,上海,主板,SSE,20170421,计算机,软件开发,垂直应用软件,851041.SI
601330.SH,601330,绿色动力,深圳,主板,SSE,20180611,环保,环境治理,固废治理,859713.SI
603235.SH,603235,天新药业,江西,主板,SSE,20220712,基础化工,化学制品,食品及饲料添加剂,850135.SI
603236.SH,603236,移远通信,上海,主板,SSE,20190716,通信,通信设备,通信终端及配件,851026.SI
603237.SH,603237,五芳斋,浙江,主板,SSE,20220831,食品饮料,食品加工,预加工食品,851246.SI
603238.SH,603238,诺邦股份,浙江,主板,SSE,20170222,纺织服饰,纺织制造,其他纺织,851316.SI
603239.SH,603239,浙江仙通,浙江,主板,SSE,20161230,汽车,汽车零部件,其他汽车零部件,850925.SI
603248.SH,603248,锡华科技,江苏,主板,SSE,20251223,电力设备,风电设备,风电零部件,857362.SI
603256.SH,603256,宏和科技,上海,主板,SSE,20190719,建筑材料,玻璃玻纤,玻纤制造,857122.SI
603257.SH,603257,中国瑞林,江西,主板,SSE,20250408,建筑装饰,工程咨询服务Ⅱ,工程咨询服务Ⅲ,857261.SI
603258.SH,603258,电魂网络,浙江,主板,SSE,20161026,传媒,游戏Ⅱ,游戏Ⅲ,857641.SI
603260.SH,603260,合盛硅业,浙江,主板,SSE,20171030,基础化工,化学制品,有机硅,850136.SI
603261.SH,603261,立航科技,四川,主板,SSE,20220315,国防军工,航空装备Ⅱ,航空装备Ⅲ,857421.SI
603266.SH,603266,天龙股份,浙江,主板,SSE,20170110,汽车,汽车零部件,车身附件及饰件,850922.SI
603267.SH,603267,鸿远电子,北京,主板,SSE,20190515,国防军工,军工电子Ⅱ,军工电子Ⅲ,857451.SI
603268.SH,603268,松发股份,广东,主板,SSE,20150319,国防军工,航海装备Ⅱ,航海装备Ⅲ,850935.SI
603269.SH,603269,海鸥股份,江苏,主板,SSE,20170517,机械设备,通用设备,其他通用设备,850716.SI
603270.SH,603270,金帝股份,山东,主板,SSE,20230901,机械设备,通用设备,金属制品,850751.SI
603271.SH,603271,永杰新材,浙江,主板,SSE,20250311,有色金属,工业金属,铝,850551.SI
603272.SH,603272,*ST联翔,浙江,主板,SSE,20220520,轻工制造,家居用品,其他家居用品,851491.SI
603273.SH,603273,天元智能,江苏,主板,SSE,20231023,机械设备,工程机械,工程机械整机,850771.SI
603275.SH,603275,众辰科技,上海,主板,SSE,20230823,机械设备,自动化设备,工控设备,850782.SI
603276.SH,603276,恒兴新材,江苏,主板,SSE,20230925,基础化工,化学制品,其他化学制品,850339.SI
603279.SH,603279,景津装备,山东,主板,SSE,20190729,机械设备,通用设备,其他通用设备,850716.SI
603280.SH,603280,南方路机,福建,主板,SSE,20221108,机械设备,工程机械,工程机械整机,850771.SI
603281.SH,603281,江瀚新材,湖北,主板,SSE,20230131,基础化工,化学制品,有机硅,850136.SI
603283.SH,603283,赛腾股份,江苏,主板,SSE,20171225,机械设备,自动化设备,工控设备,850782.SI
603286.SH,603286,日盈电子,江苏,主板,SSE,20170627,汽车,汽车零部件,底盘与发动机系统,850923.SI
603289.SH,603289,泰瑞机器,浙江,主板,SSE,20171031,机械设备,专用设备,其他专用设备,850727.SI
603290.SH,603290,斯达半导,浙江,主板,SSE,20200204,电子,半导体,分立器件,850812.SI
603297.SH,603297,永新光学,浙江,主板,SSE,20180910,电子,光学光电子,光学元件,850833.SI
603298.SH,603298,杭叉集团,浙江,主板,SSE,20161227,机械设备,工程机械,工程机械整机,850771.SI
603299.SH,603299,苏盐井神,江苏,主板,SSE,20151231,基础化工,化学原料,无机盐,850323.SI
300405.SZ,300405,科隆股份,辽宁,创业板,SZSE,20141030,基础化工,化学制品,其他化学制品,850339.SI
601211.SH,601211,国泰海通,上海,主板,SSE,20150626,非银金融,证券Ⅱ,证券Ⅲ,851931.SI
601686.SH,601686,友发集团,天津,主板,SSE,20201204,钢铁,普钢,钢铁管材,850443.SI
603300.SH,603300,海南华铁,浙江,主板,SSE,20150529,非银金融,多元金融,租赁,851925.SI
603301.SH,603301,振德医疗,浙江,主板,SSE,20180412,医药生物,医疗器械,医疗耗材,851533.SI
603303.SH,603303,得邦照明,浙江,主板,SSE,20170330,家用电器,照明设备Ⅱ,照明设备Ⅲ,851151.SI
603305.SH,603305,旭升集团,浙江,主板,SSE,20170710,汽车,汽车零部件,底盘与发动机系统,850923.SI
603306.SH,603306,华懋科技,福建,主板,SSE,20140926,汽车,汽车零部件,车身附件及饰件,850922.SI
603307.SH,603307,扬州金泉,江苏,主板,SSE,20230216,纺织服饰,服装家纺,鞋帽及其他,851325.SI
603308.SH,603308,应流股份,安徽,主板,SSE,20140122,机械设备,通用设备,金属制品,850751.SI
603310.SH,603310,巍华新材,浙江,主板,SSE,20240814,基础化工,化学制品,氟化工,850382.SI
603311.SH,603311,金海高科,浙江,主板,SSE,20150518,家用电器,家电零部件Ⅱ,家电零部件Ⅲ,851161.SI
603312.SH,603312,西典新能,江苏,主板,SSE,20240111,电力设备,电网设备,输变电设备,857381.SI
603316.SH,603316,诚邦股份,浙江,主板,SSE,20170619,电子,半导体,数字芯片设计,850814.SI
603317.SH,603317,天味食品,四川,主板,SSE,20190416,食品饮料,调味发酵品Ⅱ,调味发酵品Ⅲ,851242.SI
603319.SH,603319,美湖股份,湖南,主板,SSE,20161130,汽车,汽车零部件,底盘与发动机系统,850923.SI
603320.SH,603320,迪贝电气,浙江,主板,SSE,20170502,电力设备,电机Ⅱ,电机Ⅲ,850741.SI
603321.SH,603321,梅轮电梯,浙江,主板,SSE,20170915,机械设备,专用设备,楼宇设备,850728.SI
603323.SH,603323,苏农银行,江苏,主板,SSE,20161129,银行,农商行Ⅱ,农商行Ⅲ,857851.SI
603324.SH,603324,盛剑科技,上海,主板,SSE,20210407,环保,环保设备Ⅱ,环保设备Ⅲ,859721.SI
603325.SH,603325,博隆技术,上海,主板,SSE,20240110,机械设备,专用设备,能源及重型设备,850725.SI
603326.SH,603326,我乐家居,江苏,主板,SSE,20170616,轻工制造,家居用品,定制家居,851438.SI
603327.SH,603327,福蓉科技,四川,主板,SSE,20190523,电子,消费电子,消费电子零部件及组装,850854.SI
603328.SH,603328,依顿电子,广东,主板,SSE,20140701,电子,元件,印制电路板,850822.SI
603329.SH,603329,上海雅仕,上海,主板,SSE,20171229,交通运输,物流,原材料供应链服务,851782.SI
603330.SH,603330,天洋新材,上海,主板,SSE,20170213,基础化工,塑料,其他塑料制品,850351.SI
603331.SH,603331,百达精工,浙江,主板,SSE,20170705,机械设备,通用设备,其他通用设备,850716.SI
603332.SH,603332,苏州龙杰,江苏,主板,SSE,20190117,基础化工,化学纤维,涤纶,850341.SI
600970.SH,600970,中材国际,江苏,主板,SSE,20050412,建筑装饰,专业工程,国际工程,857243.SI
601377.SH,601377,兴业证券,福建,主板,SSE,20101013,非银金融,证券Ⅱ,证券Ⅲ,851931.SI
601689.SH,601689,拓普集团,浙江,主板,SSE,20150319,汽车,汽车零部件,底盘与发动机系统,850923.SI
601900.SH,601900,南方传媒,广东,主板,SSE,20160215,传媒,出版,教育出版,857691.SI
601901.SH,601901,方正证券,湖南,主板,SSE,20110810,非银金融,证券Ⅱ,证券Ⅲ,851931.SI
603334.SH,603334,丰倍生物,江苏,主板,SSE,20251105,基础化工,化学制品,其他化学制品,850339.SI
603335.SH,603335,迪生力,广东,主板,SSE,20170620,汽车,汽车零部件,轮胎轮毂,850924.SI
603336.SH,603336,宏辉果蔬,广东,主板,SSE,20161124,农林牧渔,种植业,其他种植业,850113.SI
603337.SH,603337,杰克科技,浙江,主板,SSE,20170119,机械设备,专用设备,纺织服装设备,850721.SI
603339.SH,603339,四方科技,江苏,主板,SSE,20160519,机械设备,通用设备,制冷空调设备,850715.SI
603341.SH,603341,龙旗科技,上海,主板,SSE,20240301,电子,消费电子,消费电子零部件及组装,850854.SI
603344.SH,603344,星德胜,江苏,主板,SSE,20240320,电力设备,电机Ⅱ,电机Ⅲ,850741.SI
603345.SH,603345,安井食品,福建,主板,SSE,20170222,食品饮料,食品加工,预加工食品,851246.SI
603348.SH,603348,文灿股份,广东,主板,SSE,20180426,汽车,汽车零部件,其他汽车零部件,850925.SI
603350.SH,603350,安乃达,上海,主板,SSE,20240703,电力设备,电机Ⅱ,电机Ⅲ,850741.SI
603351.SH,603351,威尔药业,江苏,主板,SSE,20190130,医药生物,化学制药,原料药,851511.SI
603352.SH,603352,至信股份,重庆,主板,SSE,20260115,汽车,汽车零部件,其他汽车零部件,850925.SI
603353.SH,603353,和顺石油,湖南,主板,SSE,20200407,石油石化,炼化及贸易,油品石化贸易,859632.SI
603355.SH,603355,莱克电气,江苏,主板,SSE,20150513,家用电器,小家电,清洁小家电,851132.SI
603356.SH,603356,华菱精工,安徽,主板,SSE,20180124,机械设备,专用设备,楼宇设备,850728.SI
603357.SH,603357,设计总院,安徽,主板,SSE,20170801,建筑装饰,工程咨询服务Ⅱ,工程咨询服务Ⅲ,857261.SI
603358.SH,603358,华达科技,江苏,主板,SSE,20170125,汽车,汽车零部件,其他汽车零部件,850925.SI
603359.SH,603359,*ST东珠,江苏,主板,SSE,20170901,建筑装饰,基础建设,园林工程,857251.SI
603360.SH,603360,百傲化学,辽宁,主板,SSE,20170206,基础化工,农化制品,农药,850333.SI
603363.SH,603363,傲农生物,福建,主板,SSE,20170926,农林牧渔,饲料,畜禽饲料,850142.SI
603365.SH,603365,水星家纺,上海,主板,SSE,20171120,纺织服饰,服装家纺,家纺,851326.SI
300472.SZ,300472,*ST新元,江西,创业板,SZSE,20150611,机械设备,专用设备,其他专用设备,850727.SI
601216.SH,601216,君正集团,内蒙,主板,SSE,20110222,基础化工,化学原料,氯碱,850322.SI
601368.SH,601368,绿城水务,广西,主板,SSE,20150612,环保,环境治理,水务及水治理,859712.SI
603001.SH,603001,奥康国际,浙江,主板,SSE,20120426,纺织服饰,服装家纺,鞋帽及其他,851325.SI
603366.SH,603366,日出东方,江苏,主板,SSE,20120521,家用电器,厨卫电器,卫浴电器,851142.SI
603367.SH,603367,辰欣药业,山东,主板,SSE,20170929,医药生物,化学制药,化学制剂,851512.SI
603368.SH,603368,柳药集团,广西,主板,SSE,20141204,医药生物,医药商业,医药流通,851542.SI
603369.SH,603369,今世缘,江苏,主板,SSE,20140703,食品饮料,白酒Ⅱ,白酒Ⅲ,851251.SI
603370.SH,603370,华新精科,江苏,主板,SSE,20250905,电力设备,电机Ⅱ,电机Ⅲ,850741.SI
603373.SH,603373,安邦护卫,浙江,主板,SSE,20231220,社会服务,专业服务,其他专业服务,852184.SI
603375.SH,603375,盛景微,江苏,主板,SSE,20240124,电子,半导体,模拟芯片设计,850815.SI
603376.SH,603376,大明电子,浙江,主板,SSE,20251106,汽车,汽车零部件,汽车电子电气系统,850926.SI
603377.SH,603377,ST东时,北京,主板,SSE,20160205,社会服务,教育,培训教育,859852.SI
603378.SH,603378,*ST亚士,上海,主板,SSE,20170928,建筑材料,装修建材,涂料,850618.SI
603379.SH,603379,三美股份,浙江,主板,SSE,20190402,基础化工,化学制品,氟化工,850382.SI
603380.SH,603380,易德龙,江苏,主板,SSE,20170622,电子,消费电子,消费电子零部件及组装,850854.SI
603382.SH,603382,海阳科技,江苏,主板,SSE,20250612,基础化工,化学纤维,锦纶,850346.SI
603383.SH,603383,顶点软件,福建,主板,SSE,20170522,计算机,软件开发,垂直应用软件,851041.SI
603385.SH,603385,惠达卫浴,河北,主板,SSE,20170405,轻工制造,家居用品,卫浴制品,851439.SI
603386.SH,603386,骏亚科技,广东,主板,SSE,20170912,电子,元件,印制电路板,850822.SI
603387.SH,603387,基蛋生物,江苏,主板,SSE,20170717,医药生物,医疗器械,体外诊断,851534.SI
603389.SH,603389,亚振家居,江苏,主板,SSE,20161215,轻工制造,家居用品,成品家居,851437.SI
603390.SH,603390,通达电气,广东,主板,SSE,20191125,汽车,汽车零部件,汽车电子电气系统,850926.SI
603391.SH,603391,力聚热能,浙江,主板,SSE,20240731,机械设备,专用设备,能源及重型设备,850725.SI
603392.SH,603392,万泰生物,北京,主板,SSE,20200429,医药生物,医疗器械,体外诊断,851534.SI
603393.SH,603393,新天然气,新疆,主板,SSE,20160912,公用事业,燃气Ⅱ,燃气Ⅲ,851631.SI
603395.SH,603395,红四方,安徽,主板,SSE,20241126,基础化工,农化制品,复合肥,850381.SI
601333.SH,601333,广深铁路,深圳,主板,SSE,20061222,交通运输,铁路公路,铁路运输,851771.SI
601696.SH,601696,中银证券,上海,主板,SSE,20200226,非银金融,证券Ⅱ,证券Ⅲ,851931.SI
601816.SH,601816,京沪高铁,北京,主板,SSE,20200116,交通运输,铁路公路,铁路运输,851771.SI
603023.SH,603023,威帝股份,黑龙江,主板,SSE,20150527,汽车,汽车零部件,汽车电子电气系统,850926.SI
603396.SH,603396,金辰股份,辽宁,主板,SSE,20171018,电力设备,光伏设备,光伏加工设备,857355.SI
603398.SH,603398,*ST沐邦,江西,主板,SSE,20151209,电力设备,光伏设备,硅料硅片,857351.SI
603399.SH,603399,永杉锂业,辽宁,主板,SSE,20120824,有色金属,能源金属,锂,850543.SI
603400.SH,603400,华之杰,江苏,主板,SSE,20250620,机械设备,通用设备,金属制品,850751.SI
603402.SH,603402,陕西旅游,陕西,主板,SSE,20260106,社会服务,旅游及景区,旅游综合,852131.SI
603406.SH,603406,天富龙,江苏,主板,SSE,20250808,基础化工,化学纤维,涤纶,850341.SI
603409.SH,603409,汇通控股,安徽,主板,SSE,20250304,汽车,汽车零部件,车身附件及饰件,850922.SI
603416.SH,603416,信捷电气,江苏,主板,SSE,20161221,机械设备,自动化设备,机器人,850781.SI
603421.SH,603421,鼎信通讯,山东,主板,SSE,20161011,通信,通信设备,通信网络设备及器件,851024.SI
603429.SH,603429,*ST集友,安徽,主板,SSE,20170124,轻工制造,包装印刷,纸包装,851425.SI
603439.SH,603439,三力制药,贵州,主板,SSE,20200428,医药生物,中药Ⅱ,中药Ⅲ,851521.SI
603444.SH,603444,吉比特,福建,主板,SSE,20170104,传媒,游戏Ⅱ,游戏Ⅲ,857641.SI
603456.SH,603456,九洲药业,浙江,主板,SSE,20141010,医药生物,医疗服务,医疗研发外包,851563.SI
603458.SH,603458,勘设股份,贵州,主板,SSE,20170809,建筑装饰,工程咨询服务Ⅱ,工程咨询服务Ⅲ,857261.SI
603466.SH,603466,风语筑,上海,主板,SSE,20171020,传媒,数字媒体,其他数字媒体,857676.SI
603477.SH,603477,巨星农牧,四川,主板,SSE,20171218,农林牧渔,养殖业,生猪养殖,850172.SI
603486.SH,603486,科沃斯,江苏,主板,SSE,20180528,家用电器,小家电,清洁小家电,851132.SI
603488.SH,603488,展鹏科技,江苏,主板,SSE,20170516,机械设备,专用设备,楼宇设备,850728.SI
603489.SH,603489,八方股份,江苏,主板,SSE,20191111,电力设备,电机Ⅱ,电机Ⅲ,850741.SI
603496.SH,603496,恒为科技,上海,主板,SSE,20170607,计算机,计算机设备,其他计算机设备,850703.SI
603499.SH,603499,翔港科技,上海,主板,SSE,20171016,轻工制造,包装印刷,纸包装,851425.SI
603500.SH,603500,祥和实业,浙江,主板,SSE,20170904,机械设备,轨交设备Ⅱ,轨交设备Ⅲ,850936.SI
603501.SH,603501,豪威集团,上海,主板,SSE,20170504,电子,半导体,数字芯片设计,850814.SI
603505.SH,603505,金石资源,浙江,主板,SSE,20170503,基础化工,化学制品,氟化工,850382.SI
603506.SH,603506,南都物业,浙江,主板,SSE,20180201,房地产,房地产服务,物业管理,851831.SI
600983.SH,600983,惠而浦,安徽,主板,SSE,20040727,家用电器,白色家电,冰洗,851116.SI
601336.SH,601336,新华保险,北京,主板,SSE,20111216,非银金融,保险Ⅱ,保险Ⅲ,851941.SI
601991.SH,601991,大唐发电,北京,主板,SSE,20061220,公用事业,电力,火力发电,851611.SI
603507.SH,603507,振江股份,江苏,主板,SSE,20171106,电力设备,风电设备,风电零部件,857362.SI
603508.SH,603508,思维列控,河南,主板,SSE,20151224,计算机,计算机设备,安防设备,850702.SI
603515.SH,603515,欧普照明,上海,主板,SSE,20160819,家用电器,照明设备Ⅱ,照明设备Ⅲ,851151.SI
603517.SH,603517,ST绝味,湖南,主板,SSE,20170317,食品饮料,休闲食品,熟食,851283.SI
603518.SH,603518,锦泓集团,江苏,主板,SSE,20141203,纺织服饰,服装家纺,非运动服装,851329.SI
603519.SH,603519,立霸股份,江苏,主板,SSE,20150319,家用电器,家电零部件Ⅱ,家电零部件Ⅲ,851161.SI
603520.SH,603520,司太立,浙江,主板,SSE,20160309,医药生物,化学制药,原料药,851511.SI
603527.SH,603527,众源新材,安徽,主板,SSE,20170907,有色金属,工业金属,铜,850552.SI
603528.SH,603528,多伦科技,江苏,主板,SSE,20160503,计算机,软件开发,垂直应用软件,851041.SI
603530.SH,603530,神马电力,江苏,主板,SSE,20190805,电力设备,电网设备,线缆部件及其他,857344.SI
603533.SH,603533,掌阅科技,北京,主板,SSE,20170921,传媒,数字媒体,文字媒体,857675.SI
603535.SH,603535,嘉诚国际,广东,主板,SSE,20170808,交通运输,物流,跨境物流,851785.SI
603536.SH,603536,惠发食品,山东,主板,SSE,20170613,食品饮料,食品加工,预加工食品,851246.SI
603538.SH,603538,美诺华,浙江,主板,SSE,20170407,医药生物,化学制药,原料药,851511.SI
603551.SH,603551,奥普科技,浙江,主板,SSE,20200115,家用电器,厨卫电器,卫浴电器,851142.SI
603556.SH,603556,海兴电力,浙江,主板,SSE,20161110,电力设备,电网设备,电工仪器仪表,857323.SI
603557.SH,603557,*ST起步,浙江,主板,SSE,20170818,纺织服饰,服装家纺,鞋帽及其他,851325.SI
603558.SH,603558,健盛集团,浙江,主板,SSE,20150127,纺织服饰,纺织制造,棉纺,851312.SI
603559.SH,603559,中通国脉,吉林,主板,SSE,20161202,通信,通信服务,通信工程及服务,852213.SI
603565.SH,603565,中谷物流,上海,主板,SSE,20200925,交通运输,航运港口,航运,851761.SI
603566.SH,603566,普莱柯,河南,主板,SSE,20150518,农林牧渔,动物保健Ⅱ,动物保健Ⅲ,850181.SI
603567.SH,603567,珍宝岛,黑龙江,主板,SSE,20150424,医药生物,中药Ⅱ,中药Ⅲ,851521.SI
603569.SH,603569,长久物流,北京,主板,SSE,20160810,交通运输,物流,公路货运,851787.SI
603577.SH,603577,汇金通,山东,主板,SSE,20161222,电力设备,电网设备,线缆部件及其他,857344.SI
603617.SH,603617,君禾股份,浙江,主板,SSE,20170703,机械设备,通用设备,其他通用设备,850716.SI
603629.SH,603629,利通电子,江苏,主板,SSE,20181224,电子,消费电子,消费电子零部件及组装,850854.SI
601218.SH,601218,吉鑫科技,江苏,主板,SSE,20110506,电力设备,风电设备,风电零部件,857362.SI
603578.SH,603578,三星新材,浙江,主板,SSE,20170306,家用电器,家电零部件Ⅱ,家电零部件Ⅲ,851161.SI
603579.SH,603579,荣泰健康,上海,主板,SSE,20170111,家用电器,其他家电Ⅱ,其他家电Ⅲ,851171.SI
603580.SH,603580,艾艾精工,上海,主板,SSE,20170525,基础化工,塑料,其他塑料制品,850351.SI
603630.SH,603630,拉芳家化,广东,主板,SSE,20170313,美容护理,化妆品,品牌化妆品,859822.SI
603633.SH,603633,徕木股份,上海,主板,SSE,20161117,电子,消费电子,消费电子零部件及组装,850854.SI
603636.SH,603636,南威软件,福建,主板,SSE,20141230,计算机,IT服务Ⅱ,IT服务Ⅲ,852226.SI
603637.SH,603637,镇海股份,浙江,主板,SSE,20170208,建筑装饰,专业工程,化学工程,857242.SI
603638.SH,603638,艾迪精密,山东,主板,SSE,20170120,机械设备,工程机械,工程机械器件,850772.SI
603639.SH,603639,海利尔,山东,主板,SSE,20170112,基础化工,农化制品,农药,850333.SI
603650.SH,603650,彤程新材,上海,主板,SSE,20180627,基础化工,橡胶,橡胶助剂,850364.SI
603655.SH,603655,朗博科技,江苏,主板,SSE,20171229,汽车,汽车零部件,其他汽车零部件,850925.SI
603656.SH,603656,泰禾智能,安徽,主板,SSE,20170321,机械设备,专用设备,其他专用设备,850727.SI
603657.SH,603657,春光科技,浙江,主板,SSE,20180730,家用电器,家电零部件Ⅱ,家电零部件Ⅲ,851161.SI
603658.SH,603658,安图生物,河南,主板,SSE,20160901,医药生物,医疗器械,体外诊断,851534.SI
603659.SH,603659,璞泰来,上海,主板,SSE,20171103,电力设备,电池,电池化学品,857372.SI
603660.SH,603660,苏州科达,江苏,主板,SSE,20161201,计算机,计算机设备,其他计算机设备,850703.SI
603661.SH,603661,恒林股份,浙江,主板,SSE,20171121,轻工制造,家居用品,成品家居,851437.SI
603662.SH,603662,柯力传感,浙江,主板,SSE,20190806,机械设备,通用设备,仪器仪表,850731.SI
603665.SH,603665,康隆达,浙江,主板,SSE,20170313,纺织服饰,服装家纺,鞋帽及其他,851325.SI
603667.SH,603667,五洲新春,浙江,主板,SSE,20161025,机械设备,通用设备,金属制品,850751.SI
603668.SH,603668,天马科技,福建,主板,SSE,20170117,农林牧渔,饲料,水产饲料,850143.SI
603680.SH,603680,今创集团,江苏,主板,SSE,20180227,机械设备,轨交设备Ⅱ,轨交设备Ⅲ,850936.SI
603681.SH,603681,永冠新材,上海,主板,SSE,20190326,基础化工,化学制品,胶黏剂及胶带,850137.SI
603682.SH,603682,锦和商管,上海,主板,SSE,20200421,商贸零售,一般零售,商业物业经营,852034.SI
603725.SH,603725,天安新材,广东,主板,SSE,20170906,轻工制造,家居用品,瓷砖地板,851436.SI
603727.SH,603727,博迈科,天津,主板,SSE,20161122,石油石化,油服工程,油气及炼化工程,859622.SI
603730.SH,603730,岱美股份,上海,主板,SSE,20170728,汽车,汽车零部件,车身附件及饰件,850922.SI
603733.SH,603733,仙鹤股份,浙江,主板,SSE,20180420,轻工制造,造纸,特种纸,851413.SI
601633.SH,601633,长城汽车,河北,主板,SSE,20110928,汽车,乘用车,综合乘用车,850952.SI
601818.SH,601818,光大银行,北京,主板,SSE,20100818,银行,股份制银行Ⅱ,股份制银行Ⅲ,857831.SI
603009.SH,603009,北特科技,上海,主板,SSE,20140718,汽车,汽车零部件,底盘与发动机系统,850923.SI
603683.SH,603683,晶华新材,上海,主板,SSE,20171020,基础化工,化学制品,胶黏剂及胶带,850137.SI
603738.SH,603738,泰晶科技,湖北,主板,SSE,20160928,电子,元件,被动元件,850823.SI
603739.SH,603739,蔚蓝生物,山东,主板,SSE,20190116,基础化工,化学制品,食品及饲料添加剂,850135.SI
603758.SH,603758,秦安股份,重庆,主板,SSE,20170517,汽车,汽车零部件,底盘与发动机系统,850923.SI
603767.SH,603767,中马传动,浙江,主板,SSE,20170613,汽车,汽车零部件,底盘与发动机系统,850923.SI
603768.SH,603768,常青股份,安徽,主板,SSE,20170324,汽车,汽车零部件,其他汽车零部件,850925.SI
603773.SH,603773,沃格光电,江西,主板,SSE,20180417,电子,光学光电子,面板,850831.SI
603776.SH,603776,永安行,江苏,主板,SSE,20170817,汽车,摩托车及其他,摩托车,858812.SI
603789.SH,603789,ST星农,浙江,主板,SSE,20150427,机械设备,专用设备,农用机械,850723.SI
603790.SH,603790,雅运股份,上海,主板,SSE,20180912,基础化工,化学制品,纺织化学制品,850338.SI
603797.SH,603797,联泰环保,广东,主板,SSE,20170413,环保,环境治理,水务及水治理,859712.SI
603800.SH,603800,洪田股份,江苏,主板,SSE,20151210,机械设备,专用设备,能源及重型设备,850725.SI
603801.SH,603801,志邦家居,安徽,主板,SSE,20170630,轻工制造,家居用品,定制家居,851438.SI
603803.SH,603803,瑞斯康达,北京,主板,SSE,20170420,通信,通信设备,通信终端及配件,851026.SI
603806.SH,603806,福斯特,浙江,主板,SSE,20140905,电力设备,光伏设备,光伏辅材,857354.SI
603808.SH,603808,歌力思,深圳,主板,SSE,20150422,纺织服饰,服装家纺,非运动服装,851329.SI
603809.SH,603809,豪能股份,四川,主板,SSE,20171128,汽车,汽车零部件,底盘与发动机系统,850923.SI
603810.SH,603810,丰山集团,江苏,主板,SSE,20180917,基础化工,农化制品,农药,850333.SI
603811.SH,603811,诚意药业,浙江,主板,SSE,20170315,医药生物,化学制药,化学制剂,851512.SI
603815.SH,603815,交建股份,安徽,主板,SSE,20191021,建筑装饰,基础建设,基建市政工程,857236.SI
603817.SH,603817,海峡环保,福建,主板,SSE,20170220,环保,环境治理,水务及水治理,859712.SI
603818.SH,603818,曲美家居,北京,主板,SSE,20150422,轻工制造,家居用品,成品家居,851437.SI
603819.SH,603819,神力股份,江苏,主板,SSE,20161125,电力设备,电机Ⅱ,电机Ⅲ,850741.SI
603822.SH,603822,ST嘉澳,浙江,主板,SSE,20160428,基础化工,化学制品,其他化学制品,850339.SI
603825.SH,603825,ST华扬,湖南,主板,SSE,20170802,传媒,广告营销,营销代理,857651.SI
603828.SH,603828,*ST利达,江苏,主板,SSE,20150226,建筑装饰,装修装饰Ⅱ,装修装饰Ⅲ,857221.SI
603829.SH,603829,洛凯股份,江苏,主板,SSE,20171017,电力设备,电网设备,配电设备,857382.SI
603833.SH,603833,欧派家居,广东,主板,SSE,20170328,轻工制造,家居用品,定制家居,851438.SI
300647.SZ,300647,超频三,深圳,创业板,SZSE,20170503,电子,消费电子,消费电子零部件及组装,850854.SI
601366.SH,601366,利群股份,山东,主板,SSE,20170412,商贸零售,一般零售,多业态零售,852033.SI
603689.SH,603689,皖天然气,安徽,主板,SSE,20170110,公用事业,燃气Ⅱ,燃气Ⅲ,851631.SI
603836.SH,603836,海程邦达,山东,主板,SSE,20210526,交通运输,物流,跨境物流,851785.SI
603838.SH,603838,*ST四通,广东,主板,SSE,20150701,轻工制造,家居用品,其他家居用品,851491.SI
603839.SH,603839,安正时尚,浙江,主板,SSE,20170214,纺织服饰,服装家纺,非运动服装,851329.SI
603843.SH,603843,*ST正平,青海,主板,SSE,20160905,建筑装饰,基础建设,基建市政工程,857236.SI
603848.SH,603848,好太太,广东,主板,SSE,20171201,轻工制造,家居用品,成品家居,851437.SI
603855.SH,603855,华荣股份,上海,主板,SSE,20170524,机械设备,专用设备,其他专用设备,850727.SI
603856.SH,603856,东宏股份,山东,主板,SSE,20171106,建筑材料,装修建材,管材,850616.SI
603858.SH,603858,步长制药,山东,主板,SSE,20161118,医药生物,中药Ⅱ,中药Ⅲ,851521.SI
603860.SH,603860,中公高科,北京,主板,SSE,20170802,建筑装饰,工程咨询服务Ⅱ,工程咨询服务Ⅲ,857261.SI
603861.SH,603861,白云电器,广东,主板,SSE,20160322,电力设备,电网设备,配电设备,857382.SI
603863.SH,603863,松炀资源,广东,主板,SSE,20190621,轻工制造,造纸,大宗用纸,851412.SI
603867.SH,603867,新化股份,浙江,主板,SSE,20190627,基础化工,化学制品,其他化学制品,850339.SI
603868.SH,603868,飞科电器,上海,主板,SSE,20160418,家用电器,小家电,个护小家电,851133.SI
603871.SH,603871,嘉友国际,北京,主板,SSE,20180206,交通运输,物流,跨境物流,851785.SI
603876.SH,603876,鼎胜新材,江苏,主板,SSE,20180418,有色金属,工业金属,铝,850551.SI
603877.SH,603877,太平鸟,浙江,主板,SSE,20170109,纺织服饰,服装家纺,非运动服装,851329.SI
603878.SH,603878,武进不锈,江苏,主板,SSE,20161219,钢铁,普钢,钢铁管材,850443.SI
603880.SH,603880,南卫股份,江苏,主板,SSE,20170807,医药生物,医疗器械,医疗耗材,851533.SI
603881.SH,603881,数据港,上海,主板,SSE,20170208,通信,通信服务,通信应用增值服务,852214.SI
603883.SH,603883,老百姓,湖南,主板,SSE,20150423,医药生物,医药商业,线下药店,851543.SI
603888.SH,603888,新华网,北京,主板,SSE,20161028,传媒,数字媒体,门户网站,857674.SI
603889.SH,603889,新澳股份,浙江,主板,SSE,20141231,纺织服饰,纺织制造,其他纺织,851316.SI
603890.SH,603890,春秋电子,江苏,主板,SSE,20171212,电子,消费电子,消费电子零部件及组装,850854.SI
603893.SH,603893,瑞芯微,福建,主板,SSE,20200207,电子,半导体,数字芯片设计,850814.SI
603895.SH,603895,天永智能,上海,主板,SSE,20180122,机械设备,专用设备,其他专用设备,850727.SI
603897.SH,603897,长城科技,浙江,主板,SSE,20180410,电力设备,电网设备,线缆部件及其他,857344.SI
603898.SH,603898,好莱客,广东,主板,SSE,20150217,轻工制造,家居用品,定制家居,851438.SI
603899.SH,603899,晨光股份,上海,主板,SSE,20150127,轻工制造,文娱用品,文化用品,851451.SI
601222.SH,601222,林洋能源,江苏,主板,SSE,20110808,电力设备,电网设备,电工仪器仪表,857323.SI
601228.SH,601228,广州港,广东,主板,SSE,20170329,交通运输,航运港口,港口,851711.SI
601390.SH,601390,中国中铁,北京,主板,SSE,20071203,建筑装饰,基础建设,基建市政工程,857236.SI
603601.SH,603601,再升科技,重庆,主板,SSE,20150122,建筑材料,玻璃玻纤,玻纤制造,857122.SI
603728.SH,603728,鸣志电器,上海,主板,SSE,20170509,电力设备,电机Ⅱ,电机Ⅲ,850741.SI
603777.SH,603777,来伊份,上海,主板,SSE,20161012,食品饮料,休闲食品,零食,851281.SI
603900.SH,603900,莱绅通灵,江苏,主板,SSE,20161123,纺织服饰,饰品,钟表珠宝,851331.SI
603906.SH,603906,龙蟠科技,江苏,主板,SSE,20170410,电力设备,电池,电池化学品,857372.SI
603909.SH,603909,建发合诚,福建,主板,SSE,20160628,建筑装饰,工程咨询服务Ⅱ,工程咨询服务Ⅲ,857261.SI
603915.SH,603915,国茂股份,江苏,主板,SSE,20190614,机械设备,通用设备,金属制品,850751.SI
603917.SH,603917,合力科技,浙江,主板,SSE,20171204,汽车,汽车零部件,其他汽车零部件,850925.SI
603918.SH,603918,金桥信息,上海,主板,SSE,20150528,计算机,IT服务Ⅱ,IT服务Ⅲ,852226.SI
603920.SH,603920,世运电路,广东,主板,SSE,20170426,电子,元件,印制电路板,850822.SI
603922.SH,603922,ST金鸿顺,江苏,主板,SSE,20171023,汽车,汽车零部件,其他汽车零部件,850925.SI
603928.SH,603928,兴业股份,江苏,主板,SSE,20161212,基础化工,塑料,合成树脂,850354.SI
603931.SH,603931,格林达,浙江,主板,SSE,20200819,电子,电子化学品Ⅱ,电子化学品Ⅲ,850861.SI
603933.SH,603933,睿能科技,福建,主板,SSE,20170706,电子,其他电子Ⅱ,其他电子Ⅲ,850841.SI
603936.SH,603936,博敏电子,广东,主板,SSE,20151209,电子,元件,印制电路板,850822.SI
603938.SH,603938,三孚股份,河北,主板,SSE,20170628,基础化工,化学原料,其他化学原料,850324.SI
603949.SH,603949,雪龙集团,浙江,主板,SSE,20200310,汽车,汽车零部件,底盘与发动机系统,850923.SI
603950.SH,603950,长源东谷,湖北,主板,SSE,20200526,汽车,汽车零部件,底盘与发动机系统,850923.SI
603955.SH,603955,大千生态,江苏,主板,SSE,20170310,建筑装饰,基础建设,园林工程,857251.SI
603956.SH,603956,威派格,上海,主板,SSE,20190222,机械设备,专用设备,其他专用设备,850727.SI
603958.SH,603958,哈森股份,江苏,主板,SSE,20160629,纺织服饰,服装家纺,鞋帽及其他,851325.SI
603959.SH,603959,ST百利,湖南,主板,SSE,20160517,建筑装饰,专业工程,化学工程,857242.SI
603960.SH,603960,克来机电,上海,主板,SSE,20170314,汽车,汽车零部件,底盘与发动机系统,850923.SI
603966.SH,603966,法兰泰克,江苏,主板,SSE,20170125,机械设备,专用设备,能源及重型设备,850725.SI
603967.SH,603967,中创物流,山东,主板,SSE,20190429,交通运输,物流,跨境物流,851785.SI
300718.SZ,300718,长盛轴承,浙江,创业板,SZSE,20171106,机械设备,通用设备,金属制品,850751.SI
601827.SH,601827,三峰环境,重庆,主板,SSE,20200605,环保,环境治理,固废治理,859713.SI
603701.SH,603701,德宏股份,浙江,主板,SSE,20160412,汽车,汽车零部件,底盘与发动机系统,850923.SI
603968.SH,603968,醋化股份,江苏,主板,SSE,20150518,基础化工,化学制品,食品及饲料添加剂,850135.SI
603969.SH,603969,银龙股份,天津,主板,SSE,20150227,机械设备,通用设备,金属制品,850751.SI
603970.SH,603970,中农立华,北京,主板,SSE,20171116,基础化工,农化制品,农药,850333.SI
603976.SH,603976,正川股份,重庆,主板,SSE,20170822,医药生物,医疗器械,医疗耗材,851533.SI
603978.SH,603978,深圳新星,深圳,主板,SSE,20170807,有色金属,金属新材料,其他金属新材料,850521.SI
603979.SH,603979,金诚信,北京,主板,SSE,20150630,有色金属,工业金属,铜,850552.SI
603983.SH,603983,丸美生物,广东,主板,SSE,20190725,美容护理,化妆品,品牌化妆品,859822.SI
603985.SH,603985,恒润股份,江苏,主板,SSE,20170505,电力设备,风电设备,风电零部件,857362.SI
603986.SH,603986,兆易创新,北京,主板,SSE,20160818,电子,半导体,数字芯片设计,850814.SI
603987.SH,603987,康德莱,上海,主板,SSE,20161121,医药生物,医疗器械,医疗耗材,851533.SI
603989.SH,603989,艾华集团,湖南,主板,SSE,20150515,电子,元件,被动元件,850823.SI
603990.SH,603990,麦迪科技,江苏,主板,SSE,20161208,计算机,软件开发,垂直应用软件,851041.SI
603991.SH,603991,领先股份,深圳,主板,SSE,20170308,电子,半导体,半导体设备,850818.SI
603993.SH,603993,洛阳钼业,河南,主板,SSE,20121009,有色金属,工业金属,铜,850552.SI
603995.SH,603995,甬金股份,浙江,主板,SSE,20191224,钢铁,特钢Ⅱ,特钢Ⅲ,850401.SI
603997.SH,603997,继峰股份,浙江,主板,SSE,20150302,汽车,汽车零部件,车身附件及饰件,850922.SI
603998.SH,603998,方盛制药,湖南,主板,SSE,20141205,医药生物,中药Ⅱ,中药Ⅲ,851521.SI
603999.SH,603999,读者传媒,甘肃,主板,SSE,20151210,传媒,出版,大众出版,857692.SI
605001.SH,605001,威奥股份,山东,主板,SSE,20200522,机械设备,轨交设备Ⅱ,轨交设备Ⅲ,850936.SI
605003.SH,605003,众望布艺,浙江,主板,SSE,20200908,纺织服饰,服装家纺,家纺,851326.SI
605005.SH,605005,合兴股份,浙江,主板,SSE,20210119,汽车,汽车零部件,汽车电子电气系统,850926.SI
605006.SH,605006,山东玻纤,山东,主板,SSE,20200903,建筑材料,玻璃玻纤,玻纤制造,857122.SI
605007.SH,605007,五洲特纸,浙江,主板,SSE,20201110,轻工制造,造纸,特种纸,851413.SI
605011.SH,605011,杭州热电,浙江,主板,SSE,20210630,公用事业,电力,热力服务,851614.SI
605016.SH,605016,百龙创园,山东,主板,SSE,20210421,基础化工,化学制品,食品及饲料添加剂,850135.SI
605018.SH,605018,长华集团,浙江,主板,SSE,20200929,汽车,汽车零部件,其他汽车零部件,850925.SI
605020.SH,605020,永和股份,浙江,主板,SSE,20210709,基础化工,化学制品,氟化工,850382.SI
601098.SH,601098,中南传媒,湖南,主板,SSE,20101028,传媒,出版,教育出版,857691.SI
601229.SH,601229,上海银行,上海,主板,SSE,20161116,银行,城商行Ⅱ,城商行Ⅲ,857841.SI
601456.SH,601456,国联民生,江苏,主板,SSE,20200731,非银金融,证券Ⅱ,证券Ⅲ,851931.SI
601788.SH,601788,光大证券,上海,主板,SSE,20090818,非银金融,证券Ⅱ,证券Ⅲ,851931.SI
601888.SH,601888,中国中免,北京,主板,SSE,20091015,商贸零售,旅游零售Ⅱ,旅游零售Ⅲ,852071.SI
601995.SH,601995,中金公司,北京,主板,SSE,20201102,非银金融,证券Ⅱ,证券Ⅲ,851931.SI
603010.SH,603010,万盛股份,浙江,主板,SSE,20141010,基础化工,化学制品,其他化学制品,850339.SI
603588.SH,603588,高能环境,北京,主板,SSE,20141229,环保,环境治理,固废治理,859713.SI
605028.SH,605028,世茂能源,浙江,主板,SSE,20210712,公用事业,电力,热力服务,851614.SI
605033.SH,605033,美邦股份,陕西,主板,SSE,20210916,基础化工,农化制品,农药,850333.SI
605050.SH,605050,福然德,上海,主板,SSE,20200924,交通运输,物流,原材料供应链服务,851782.SI
605055.SH,605055,迎丰股份,浙江,主板,SSE,20210129,纺织服饰,纺织制造,印染,851314.SI
605058.SH,605058,澳弘电子,江苏,主板,SSE,20201021,电子,元件,印制电路板,850822.SI
605060.SH,605060,联德股份,浙江,主板,SSE,20210301,机械设备,通用设备,其他通用设备,850716.SI
605069.SH,605069,正和生态,北京,主板,SSE,20210816,环保,环境治理,综合环境治理,859714.SI
605080.SH,605080,浙江自然,浙江,主板,SSE,20210506,轻工制造,文娱用品,娱乐用品,851452.SI
605086.SH,605086,龙高股份,福建,主板,SSE,20210416,基础化工,非金属材料Ⅱ,非金属材料Ⅲ,850523.SI
605088.SH,605088,冠盛股份,浙江,主板,SSE,20200817,汽车,汽车零部件,底盘与发动机系统,850923.SI
605090.SH,605090,九丰能源,江西,主板,SSE,20210525,公用事业,燃气Ⅱ,燃气Ⅲ,851631.SI
605098.SH,605098,行动教育,上海,主板,SSE,20210421,社会服务,教育,培训教育,859852.SI
605099.SH,605099,共创草坪,江苏,主板,SSE,20200930,轻工制造,家居用品,其他家居用品,851491.SI
605100.SH,605100,华丰股份,山东,主板,SSE,20200811,机械设备,通用设备,金属制品,850751.SI
605108.SH,605108,同庆楼,安徽,主板,SSE,20200716,社会服务,酒店餐饮,餐饮,852141.SI
605111.SH,605111,新洁能,江苏,主板,SSE,20200928,电子,半导体,分立器件,850812.SI
605118.SH,605118,力鼎光电,福建,主板,SSE,20200730,计算机,计算机设备,安防设备,850702.SI
605122.SH,605122,四方新材,重庆,主板,SSE,20210310,建筑材料,水泥,水泥制品,857112.SI
603014.SH,603014,威高血净,山东,主板,SSE,20250519,医药生物,医疗器械,医疗耗材,851533.SI
603028.SH,603028,赛福天,江苏,主板,SSE,20160331,机械设备,通用设备,金属制品,850751.SI
603685.SH,603685,晨丰科技,浙江,主板,SSE,20171127,电子,光学光电子,LED,850832.SI
603713.SH,603713,密尔克卫,上海,主板,SSE,20180713,交通运输,物流,仓储物流,851786.SI
603798.SH,603798,康普顿,山东,主板,SSE,20160406,石油石化,炼化及贸易,其他石化,859633.SI
605123.SH,605123,派克新材,江苏,主板,SSE,20200825,国防军工,航空装备Ⅱ,航空装备Ⅲ,857421.SI
605128.SH,605128,上海沿浦,上海,主板,SSE,20200915,汽车,汽车零部件,车身附件及饰件,850922.SI
605133.SH,605133,嵘泰股份,江苏,主板,SSE,20210224,汽车,汽车零部件,底盘与发动机系统,850923.SI
605138.SH,605138,盛泰集团,浙江,主板,SSE,20211027,纺织服饰,服装家纺,非运动服装,851329.SI
605151.SH,605151,西上海,上海,主板,SSE,20201215,汽车,汽车零部件,车身附件及饰件,850922.SI
605155.SH,605155,西大门,浙江,主板,SSE,20201231,轻工制造,家居用品,其他家居用品,851491.SI
605158.SH,605158,华达新材,浙江,主板,SSE,20200805,有色金属,金属新材料,其他金属新材料,850521.SI
605162.SH,605162,新中港,浙江,主板,SSE,20210707,公用事业,电力,热力服务,851614.SI
605166.SH,605166,聚合顺,浙江,主板,SSE,20200618,基础化工,化学纤维,锦纶,850346.SI
605168.SH,605168,三人行,陕西,主板,SSE,20200528,传媒,广告营销,营销代理,857651.SI
605169.SH,605169,洪通燃气,新疆,主板,SSE,20201030,公用事业,燃气Ⅱ,燃气Ⅲ,851631.SI
605177.SH,605177,东亚药业,浙江,主板,SSE,20201125,医药生物,化学制药,原料药,851511.SI
605178.SH,605178,时空科技,北京,主板,SSE,20200821,建筑装饰,专业工程,其他专业工程,857244.SI
605179.SH,605179,一鸣食品,浙江,主板,SSE,20201228,食品饮料,饮料乳品,乳品,851243.SI
605180.SH,605180,华生科技,浙江,主板,SSE,20210430,纺织服饰,纺织制造,其他纺织,851316.SI
605186.SH,605186,健麾信息,上海,主板,SSE,20201222,机械设备,自动化设备,其他自动化设备,850784.SI
605188.SH,605188,国光连锁,江西,主板,SSE,20200728,商贸零售,一般零售,超市,852032.SI
605196.SH,605196,华通线缆,河北,主板,SSE,20210511,电力设备,电网设备,线缆部件及其他,857344.SI
605208.SH,605208,永茂泰,上海,主板,SSE,20210308,有色金属,工业金属,铝,850551.SI
605218.SH,605218,伟时电子,江苏,主板,SSE,20200928,电子,光学光电子,面板,850831.SI
605222.SH,605222,起帆电缆,上海,主板,SSE,20200731,电力设备,电网设备,线缆部件及其他,857344.SI
605228.SH,605228,神通科技,浙江,主板,SSE,20210120,汽车,汽车零部件,车身附件及饰件,850922.SI
601231.SH,601231,环旭电子,上海,主板,SSE,20120220,电子,消费电子,消费电子零部件及组装,850854.SI
601233.SH,601233,桐昆股份,浙江,主板,SSE,20110518,石油石化,炼化及贸易,其他石化,859633.SI
601668.SH,601668,中国建筑,北京,主板,SSE,20090729,建筑装饰,房屋建设Ⅱ,房屋建设Ⅲ,850623.SI
603595.SH,603595,ST东尼,浙江,主板,SSE,20170712,电子,消费电子,消费电子零部件及组装,850854.SI
603596.SH,603596,伯特利,安徽,主板,SSE,20180427,汽车,汽车零部件,底盘与发动机系统,850923.SI
603686.SH,603686,福龙马,福建,主板,SSE,20150126,环保,环境治理,综合环境治理,859714.SI
603690.SH,603690,至纯科技,上海,主板,SSE,20170113,电子,半导体,半导体设备,850818.SI
603703.SH,603703,盛洋科技,浙江,主板,SSE,20150423,电子,光学光电子,LED,850832.SI
603716.SH,603716,塞力医疗,湖北,主板,SSE,20161031,医药生物,医药商业,医药流通,851542.SI
603778.SH,603778,国晟科技,北京,主板,SSE,20151231,电力设备,光伏设备,光伏电池组件,857352.SI
605255.SH,605255,天普股份,浙江,主板,SSE,20200825,汽车,汽车零部件,底盘与发动机系统,850923.SI
605258.SH,605258,协和电子,江苏,主板,SSE,20201203,电子,元件,印制电路板,850822.SI
605266.SH,605266,健之佳,云南,主板,SSE,20201201,医药生物,医药商业,线下药店,851543.SI
605268.SH,605268,王力安防,浙江,主板,SSE,20210224,轻工制造,家居用品,定制家居,851438.SI
605277.SH,605277,新亚电子,浙江,主板,SSE,20210106,电子,消费电子,消费电子零部件及组装,850854.SI
605286.SH,605286,同力天启,江苏,主板,SSE,20210322,机械设备,专用设备,楼宇设备,850728.SI
605287.SH,605287,德才股份,山东,主板,SSE,20210706,建筑装饰,装修装饰Ⅱ,装修装饰Ⅲ,857221.SI
605288.SH,605288,凯迪股份,江苏,主板,SSE,20200601,机械设备,自动化设备,工控设备,850782.SI
605289.SH,605289,罗曼股份,上海,主板,SSE,20210426,建筑装饰,专业工程,其他专业工程,857244.SI
605296.SH,605296,神农集团,云南,主板,SSE,20210528,农林牧渔,养殖业,生猪养殖,850172.SI
605300.SH,605300,佳禾食品,江苏,主板,SSE,20210430,食品饮料,饮料乳品,乳品,851243.SI
605318.SH,605318,法狮龙,浙江,主板,SSE,20200803,建筑材料,装修建材,其他建材,850614.SI
605319.SH,605319,无锡振华,江苏,主板,SSE,20210607,汽车,汽车零部件,其他汽车零部件,850925.SI
605333.SH,605333,沪光股份,江苏,主板,SSE,20200818,汽车,汽车零部件,汽车电子电气系统,850926.SI
605336.SH,605336,*ST帅电,浙江,主板,SSE,20201019,家用电器,厨卫电器,厨房电器,851141.SI
601099.SH,601099,太平洋,云南,主板,SSE,20071228,非银金融,证券Ⅱ,证券Ⅲ,851931.SI
601236.SH,601236,红塔证券,云南,主板,SSE,20190705,非银金融,证券Ⅱ,证券Ⅲ,851931.SI
601500.SH,601500,通用股份,江苏,主板,SSE,20160919,汽车,汽车零部件,轮胎轮毂,850924.SI
605337.SH,605337,李子园,浙江,主板,SSE,20210208,食品饮料,饮料乳品,软饮料,851271.SI
605339.SH,605339,南侨食品,上海,主板,SSE,20210518,食品饮料,休闲食品,烘焙食品,851282.SI
605365.SH,605365,立达信,福建,主板,SSE,20210720,家用电器,照明设备Ⅱ,照明设备Ⅲ,851151.SI
605366.SH,605366,宏柏新材,江西,主板,SSE,20200812,基础化工,化学制品,其他化学制品,850339.SI
605369.SH,605369,拱东医疗,浙江,主板,SSE,20200916,医药生物,医疗器械,医疗耗材,851533.SI
605376.SH,605376,博迁新材,江苏,主板,SSE,20201208,有色金属,能源金属,镍,850562.SI
605377.SH,605377,华旺科技,浙江,主板,SSE,20201228,轻工制造,造纸,特种纸,851413.SI
605378.SH,605378,野马电池,浙江,主板,SSE,20210412,电力设备,电池,蓄电池及其他电池,857375.SI
605389.SH,605389,长龄液压,江苏,主板,SSE,20210322,机械设备,工程机械,工程机械器件,850772.SI
605398.SH,605398,新炬网络,上海,主板,SSE,20210121,计算机,IT服务Ⅱ,IT服务Ⅲ,852226.SI
605399.SH,605399,晨光新材,江西,主板,SSE,20200804,基础化工,化学制品,有机硅,850136.SI
605488.SH,605488,福莱新材,浙江,主板,SSE,20210513,基础化工,塑料,膜材料,850355.SI
605499.SH,605499,东鹏饮料,深圳,主板,SSE,20210527,食品饮料,饮料乳品,软饮料,851271.SI
605555.SH,605555,德昌股份,浙江,主板,SSE,20211021,家用电器,小家电,清洁小家电,851132.SI
605566.SH,605566,福莱蒽特,浙江,主板,SSE,20211025,基础化工,化学制品,纺织化学制品,850338.SI
605567.SH,605567,春雪食品,山东,主板,SSE,20211013,食品饮料,食品加工,预加工食品,851246.SI
605577.SH,605577,龙版传媒,黑龙江,主板,SSE,20210824,传媒,出版,教育出版,857691.SI
605580.SH,605580,恒盛能源,浙江,主板,SSE,20210819,公用事业,电力,热力服务,851614.SI
605588.SH,605588,冠石科技,江苏,主板,SSE,20210812,电子,光学光电子,光学元件,850833.SI
605589.SH,605589,圣泉集团,山东,主板,SSE,20210810,基础化工,塑料,合成树脂,850354.SI
605598.SH,605598,上海港湾,上海,主板,SSE,20210917,建筑装饰,专业工程,其他专业工程,857244.SI
688001.SH,688001,华兴源创,江苏,科创板,SSE,20190722,机械设备,通用设备,仪器仪表,850731.SI
688002.SH,688002,睿创微纳,山东,科创板,SSE,20190722,电子,半导体,模拟芯片设计,850815.SI
688003.SH,688003,天准科技,江苏,科创板,SSE,20190722,机械设备,自动化设备,其他自动化设备,850784.SI
688004.SH,688004,博汇科技,北京,科创板,SSE,20200612,计算机,IT服务Ⅱ,IT服务Ⅲ,852226.SI
688005.SH,688005,容百科技,浙江,科创板,SSE,20190722,电力设备,电池,电池化学品,857372.SI
688006.SH,688006,杭可科技,浙江,科创板,SSE,20190722,电力设备,电池,锂电专用设备,857373.SI
688008.SH,688008,澜起科技,上海,科创板,SSE,20190722,电子,半导体,数字芯片设计,850814.SI
300895.SZ,300895,铜牛信息,北京,创业板,SZSE,20200924,计算机,IT服务Ⅱ,IT服务Ⅲ,852226.SI
601328.SH,601328,交通银行,上海,主板,SSE,20070515,银行,国有大型银行Ⅱ,国有大型银行Ⅲ,857821.SI
603598.SH,603598,引力传媒,北京,主板,SSE,20150527,传媒,广告营销,营销代理,857651.SI
688009.SH,688009,中国通号,北京,科创板,SSE,20190722,机械设备,轨交设备Ⅱ,轨交设备Ⅲ,850936.SI
688011.SH,688011,新光光电,黑龙江,科创板,SSE,20190722,国防军工,军工电子Ⅱ,军工电子Ⅲ,857451.SI
688012.SH,688012,中微公司,上海,科创板,SSE,20190722,电子,半导体,半导体设备,850818.SI
688013.SH,688013,天臣医疗,江苏,科创板,SSE,20200928,医药生物,医疗器械,医疗耗材,851533.SI
688015.SH,688015,交控科技,北京,科创板,SSE,20190722,机械设备,轨交设备Ⅱ,轨交设备Ⅲ,850936.SI
688016.SH,688016,心脉医疗,上海,科创板,SSE,20190722,医药生物,医疗器械,医疗耗材,851533.SI
688017.SH,688017,绿的谐波,江苏,科创板,SSE,20200828,机械设备,自动化设备,机器人,850781.SI
688018.SH,688018,乐鑫科技,上海,科创板,SSE,20190722,电子,半导体,数字芯片设计,850814.SI
688019.SH,688019,安集科技,上海,科创板,SSE,20190722,电子,电子化学品Ⅱ,电子化学品Ⅲ,850861.SI
688020.SH,688020,方邦股份,广东,科创板,SSE,20190722,电子,元件,印制电路板,850822.SI
688021.SH,688021,奥福科技,山东,科创板,SSE,20191106,汽车,汽车零部件,其他汽车零部件,850925.SI
688022.SH,688022,ST瀚川,江苏,科创板,SSE,20190722,机械设备,专用设备,其他专用设备,850727.SI
688023.SH,688023,安恒信息,浙江,科创板,SSE,20191105,计算机,软件开发,横向通用软件,851042.SI
688025.SH,688025,杰普特,深圳,科创板,SSE,20191031,机械设备,自动化设备,激光设备,850783.SI
688026.SH,688026,洁特生物,广东,科创板,SSE,20200122,医药生物,医疗器械,医疗耗材,851533.SI
688027.SH,688027,国盾量子,安徽,科创板,SSE,20200709,通信,通信设备,通信终端及配件,851026.SI
688031.SH,688031,星环科技,上海,科创板,SSE,20221018,计算机,软件开发,横向通用软件,851042.SI
688032.SH,688032,禾迈股份,浙江,科创板,SSE,20211220,电力设备,光伏设备,逆变器,857353.SI
688033.SH,688033,*ST天宜,北京,科创板,SSE,20190722,机械设备,轨交设备Ⅱ,轨交设备Ⅲ,850936.SI
688035.SH,688035,德邦科技,山东,科创板,SSE,20220919,电子,电子化学品Ⅱ,电子化学品Ⅲ,850861.SI
688036.SH,688036,传音控股,深圳,科创板,SSE,20190930,电子,消费电子,品牌消费电子,850853.SI
688037.SH,688037,芯源微,辽宁,科创板,SSE,20191216,电子,半导体,半导体设备,850818.SI
688038.SH,688038,中科通达,湖北,科创板,SSE,20210713,计算机,软件开发,垂直应用软件,851041.SI
688039.SH,688039,当虹科技,浙江,科创板,SSE,20191211,计算机,IT服务Ⅱ,IT服务Ⅲ,852226.SI
688041.SH,688041,海光信息,天津,科创板,SSE,20220812,电子,半导体,数字芯片设计,850814.SI
688048.SH,688048,长光华芯,江苏,科创板,SSE,20220401,电子,半导体,分立器件,850812.SI
688050.SH,688050,爱博医疗,北京,科创板,SSE,20200729,医药生物,医疗器械,医疗耗材,851533.SI
688051.SH,688051,佳华科技,北京,科创板,SSE,20200320,计算机,IT服务Ⅱ,IT服务Ⅲ,852226.SI
601789.SH,601789,宁波建工,浙江,主板,SSE,20110816,建筑装饰,房屋建设Ⅱ,房屋建设Ⅲ,850623.SI
601908.SH,601908,京运通,北京,主板,SSE,20110908,公用事业,电力,光伏发电,851616.SI
688052.SH,688052,纳芯微,江苏,科创板,SSE,20220422,电子,半导体,模拟芯片设计,850815.SI
688053.SH,688053,ST思科瑞,四川,科创板,SSE,20220708,国防军工,军工电子Ⅱ,军工电子Ⅲ,857451.SI
688055.SH,688055,龙腾光电,江苏,科创板,SSE,20200817,电子,光学光电子,面板,850831.SI
688056.SH,688056,莱伯泰科,北京,科创板,SSE,20200902,机械设备,通用设备,仪器仪表,850731.SI
688057.SH,688057,金达莱,江西,科创板,SSE,20201111,环保,环境治理,水务及水治理,859712.SI
688058.SH,688058,宝兰德,北京,科创板,SSE,20191101,计算机,软件开发,横向通用软件,851042.SI
688059.SH,688059,华锐精密,湖南,科创板,SSE,20210208,机械设备,通用设备,金属制品,850751.SI
688060.SH,688060,云涌科技,江苏,科创板,SSE,20200710,计算机,计算机设备,其他计算机设备,850703.SI
688063.SH,688063,派能科技,上海,科创板,SSE,20201230,电力设备,电池,锂电池,857371.SI
688065.SH,688065,凯赛生物,上海,科创板,SSE,20200812,基础化工,化学制品,其他化学制品,850339.SI
688066.SH,688066,*ST航图,北京,科创板,SSE,20190722,计算机,IT服务Ⅱ,IT服务Ⅲ,852226.SI
688068.SH,688068,热景生物,北京,科创板,SSE,20190930,医药生物,医疗器械,体外诊断,851534.SI
688069.SH,688069,德林海,江苏,科创板,SSE,20200722,环保,环境治理,水务及水治理,859712.SI
688070.SH,688070,纵横股份,四川,科创板,SSE,20210210,国防军工,航空装备Ⅱ,航空装备Ⅲ,857421.SI
688073.SH,688073,毕得医药,上海,科创板,SSE,20221011,医药生物,医疗服务,医疗研发外包,851563.SI
688075.SH,688075,安旭生物,浙江,科创板,SSE,20211118,医药生物,医疗器械,体外诊断,851534.SI
688076.SH,688076,ST诺泰,江苏,科创板,SSE,20210520,医药生物,化学制药,原料药,851511.SI
688077.SH,688077,大地熊,安徽,科创板,SSE,20200722,有色金属,金属新材料,磁性材料,850522.SI
688078.SH,688078,龙软科技,北京,科创板,SSE,20191230,计算机,软件开发,垂直应用软件,851041.SI
688079.SH,688079,美迪凯,浙江,科创板,SSE,20210302,电子,光学光电子,光学元件,850833.SI
688080.SH,688080,映翰通,北京,科创板,SSE,20200212,通信,通信设备,其他通信设备,851027.SI
688081.SH,688081,兴图新科,湖北,科创板,SSE,20200106,国防军工,军工电子Ⅱ,军工电子Ⅲ,857451.SI
688082.SH,688082,盛美上海,上海,科创板,SSE,20211118,电子,半导体,半导体设备,850818.SI
688083.SH,688083,中望软件,广东,科创板,SSE,20210311,计算机,软件开发,垂直应用软件,851041.SI
688084.SH,688084,晶品特装,北京,科创板,SSE,20221208,国防军工,军工电子Ⅱ,军工电子Ⅲ,857451.SI
688085.SH,688085,三友医疗,上海,科创板,SSE,20200409,医药生物,医疗器械,医疗耗材,851533.SI
688087.SH,688087,英科再生,山东,科创板,SSE,20210709,轻工制造,家居用品,其他家居用品,851491.SI
688088.SH,688088,虹软科技,浙江,科创板,SSE,20190722,计算机,IT服务Ⅱ,IT服务Ⅲ,852226.SI
688090.SH,688090,瑞松科技,广东,科创板,SSE,20200217,机械设备,自动化设备,机器人,850781.SI
688091.SH,688091,上海谊众,上海,科创板,SSE,20210909,医药生物,化学制药,化学制剂,851512.SI
300966.SZ,300966,共同药业,湖北,创业板,SZSE,20210409,医药生物,化学制药,原料药,851511.SI
601898.SH,601898,中煤能源,北京,主板,SSE,20080201,煤炭,煤炭开采,动力煤,859511.SI
603568.SH,603568,伟明环保,浙江,主板,SSE,20150528,环保,环境治理,固废治理,859713.SI
603602.SH,603602,纵横通信,浙江,主板,SSE,20170810,传媒,广告营销,营销代理,857651.SI
603605.SH,603605,珀莱雅,浙江,主板,SSE,20171115,美容护理,化妆品,品牌化妆品,859822.SI
603697.SH,603697,有友食品,重庆,主板,SSE,20190508,食品饮料,休闲食品,零食,851281.SI
688092.SH,688092,爱科科技,浙江,科创板,SSE,20210319,机械设备,专用设备,其他专用设备,850727.SI
688093.SH,688093,世华科技,江苏,科创板,SSE,20200930,电子,其他电子Ⅱ,其他电子Ⅲ,850841.SI
688095.SH,688095,福昕软件,福建,科创板,SSE,20200908,计算机,软件开发,横向通用软件,851042.SI
688096.SH,688096,京源环保,江苏,科创板,SSE,20200409,环保,环境治理,水务及水治理,859712.SI
688097.SH,688097,博众精工,江苏,科创板,SSE,20210512,机械设备,自动化设备,其他自动化设备,850784.SI
688099.SH,688099,晶晨股份,上海,科创板,SSE,20190808,电子,半导体,数字芯片设计,850814.SI
688101.SH,688101,三达膜,陕西,科创板,SSE,20191115,环保,环境治理,水务及水治理,859712.SI
688102.SH,688102,斯瑞新材,陕西,科创板,SSE,20220316,有色金属,金属新材料,其他金属新材料,850521.SI
688105.SH,688105,诺唯赞,江苏,科创板,SSE,20211115,医药生物,生物制品,其他生物制品,851524.SI
688107.SH,688107,安路科技,上海,科创板,SSE,20211112,电子,半导体,数字芯片设计,850814.SI
688108.SH,688108,赛诺医疗,天津,科创板,SSE,20191030,医药生物,医疗器械,医疗耗材,851533.SI
688110.SH,688110,东芯股份,上海,科创板,SSE,20211210,电子,半导体,数字芯片设计,850814.SI
688111.SH,688111,金山办公,北京,科创板,SSE,20191118,计算机,软件开发,横向通用软件,851042.SI
688112.SH,688112,鼎阳科技,深圳,科创板,SSE,20211201,机械设备,通用设备,仪器仪表,850731.SI
688113.SH,688113,联测科技,江苏,科创板,SSE,20210506,机械设备,专用设备,其他专用设备,850727.SI
688114.SH,688114,华大智造,深圳,科创板,SSE,20220909,医药生物,医疗器械,医疗设备,851532.SI
688116.SH,688116,天奈科技,江苏,科创板,SSE,20190925,电力设备,电池,电池化学品,857372.SI
688118.SH,688118,普元信息,上海,科创板,SSE,20191204,计算机,软件开发,垂直应用软件,851041.SI
688119.SH,688119,中钢洛耐,河南,科创板,SSE,20220606,建筑材料,装修建材,耐火材料,850615.SI
688120.SH,688120,华海清科,天津,科创板,SSE,20220608,电子,半导体,半导体设备,850818.SI
688121.SH,688121,*ST卓然,上海,科创板,SSE,20210906,机械设备,专用设备,能源及重型设备,850725.SI
688122.SH,688122,西部超导,陕西,科创板,SSE,20190722,国防军工,航空装备Ⅱ,航空装备Ⅲ,857421.SI
301000.SZ,301000,肇民科技,上海,创业板,SZSE,20210528,汽车,汽车零部件,其他汽车零部件,850925.SI
601916.SH,601916,浙商银行,浙江,主板,SSE,20191126,银行,股份制银行Ⅱ,股份制银行Ⅲ,857831.SI
688125.SH,688125,安达智能,广东,科创板,SSE,20220415,机械设备,自动化设备,其他自动化设备,850784.SI
688126.SH,688126,沪硅产业,上海,科创板,SSE,20200420,电子,半导体,半导体材料,850813.SI
688127.SH,688127,蓝特光学,浙江,科创板,SSE,20200921,电子,光学光电子,光学元件,850833.SI
688128.SH,688128,中国电研,广东,科创板,SSE,20191105,机械设备,专用设备,其他专用设备,850727.SI
688129.SH,688129,东来技术,上海,科创板,SSE,20201023,基础化工,化学制品,涂料油墨,850335.SI
688130.SH,688130,晶华微,浙江,科创板,SSE,20220729,电子,半导体,模拟芯片设计,850815.SI
688131.SH,688131,皓元医药,上海,科创板,SSE,20210608,医药生物,医疗服务,医疗研发外包,851563.SI
688132.SH,688132,邦彦技术,深圳,科创板,SSE,20220923,国防军工,军工电子Ⅱ,军工电子Ⅲ,857451.SI
688133.SH,688133,泰坦科技,上海,科创板,SSE,20201030,基础化工,化学制品,其他化学制品,850339.SI
688135.SH,688135,利扬芯片,广东,科创板,SSE,20201111,电子,半导体,集成电路封测,850817.SI
688136.SH,688136,科兴制药,山东,科创板,SSE,20201214,医药生物,生物制品,其他生物制品,851524.SI
688138.SH,688138,清溢光电,深圳,科创板,SSE,20191120,电子,半导体,半导体材料,850813.SI
688139.SH,688139,海尔生物,山东,科创板,SSE,20191025,医药生物,医疗器械,医疗设备,851532.SI
688141.SH,688141,杰华特,浙江,科创板,SSE,20221223,电子,半导体,模拟芯片设计,850815.SI
688143.SH,688143,长盈通,湖北,科创板,SSE,20221212,通信,通信设备,通信线缆及配套,851025.SI
688146.SH,688146,中船特气,河北,科创板,SSE,20230421,电子,半导体,半导体材料,850813.SI
688147.SH,688147,微导纳米,江苏,科创板,SSE,20221223,电力设备,光伏设备,光伏加工设备,857355.SI
688148.SH,688148,芳源股份,广东,科创板,SSE,20210806,电力设备,电池,电池化学品,857372.SI
688150.SH,688150,莱特光电,陕西,科创板,SSE,20220318,电子,电子化学品Ⅱ,电子化学品Ⅲ,850861.SI
688151.SH,688151,华强科技,湖北,科创板,SSE,20211206,医药生物,医疗器械,医疗耗材,851533.SI
688152.SH,688152,麒麟信安,湖南,科创板,SSE,20221028,计算机,软件开发,横向通用软件,851042.SI
688155.SH,688155,先惠技术,上海,科创板,SSE,20200811,电力设备,电池,锂电专用设备,857373.SI
688156.SH,688156,路德科技,湖北,科创板,SSE,20200922,农林牧渔,饲料,畜禽饲料,850142.SI
688157.SH,688157,松井股份,湖南,科创板,SSE,20200609,基础化工,化学制品,涂料油墨,850335.SI
688159.SH,688159,有方科技,深圳,科创板,SSE,20200123,通信,通信设备,通信终端及配件,851026.SI
688160.SH,688160,步科股份,上海,科创板,SSE,20201112,机械设备,自动化设备,工控设备,850782.SI
688161.SH,688161,威高骨科,山东,科创板,SSE,20210630,医药生物,医疗器械,医疗耗材,851533.SI
688162.SH,688162,巨一科技,安徽,科创板,SSE,20211110,机械设备,专用设备,其他专用设备,850727.SI
688163.SH,688163,赛伦生物,上海,科创板,SSE,20220311,医药生物,生物制品,其他生物制品,851524.SI
688165.SH,688165,埃夫特,安徽,科创板,SSE,20200715,机械设备,自动化设备,机器人,850781.SI
601699.SH,601699,潞安环能,山西,主板,SSE,20060922,煤炭,煤炭开采,焦煤,859512.SI
603606.SH,603606,东方电缆,浙江,主板,SSE,20141015,电力设备,电网设备,线缆部件及其他,857344.SI
603729.SH,603729,ST龙韵,上海,主板,SSE,20150324,传媒,广告营销,营销代理,857651.SI
688166.SH,688166,博瑞医药,江苏,科创板,SSE,20191108,医药生物,化学制药,原料药,851511.SI
688167.SH,688167,炬光科技,陕西,科创板,SSE,20211224,电子,半导体,分立器件,850812.SI
688168.SH,688168,安博通,北京,科创板,SSE,20190906,计算机,软件开发,横向通用软件,851042.SI
688169.SH,688169,石头科技,北京,科创板,SSE,20200221,家用电器,小家电,清洁小家电,851132.SI
688170.SH,688170,德龙激光,江苏,科创板,SSE,20220429,机械设备,自动化设备,激光设备,850783.SI
688171.SH,688171,纬德信息,广东,科创板,SSE,20220127,计算机,软件开发,垂直应用软件,851041.SI
688172.SH,688172,燕东微,北京,科创板,SSE,20221216,电子,半导体,分立器件,850812.SI
688173.SH,688173,希荻微,广东,科创板,SSE,20220121,电子,半导体,模拟芯片设计,850815.SI
688175.SH,688175,高凌信息,广东,科创板,SSE,20220315,国防军工,军工电子Ⅱ,军工电子Ⅲ,857451.SI
688176.SH,688176,亚虹医药,江苏,科创板,SSE,20220107,医药生物,化学制药,化学制剂,851512.SI
688178.SH,688178,万德斯,江苏,科创板,SSE,20200114,环保,环境治理,固废治理,859713.SI
688179.SH,688179,阿拉丁,上海,科创板,SSE,20201026,基础化工,化学制品,其他化学制品,850339.SI
688180.SH,688180,君实生物,上海,科创板,SSE,20200715,医药生物,生物制品,其他生物制品,851524.SI
688181.SH,688181,八亿时空,北京,科创板,SSE,20200106,电子,光学光电子,面板,850831.SI
688182.SH,688182,灿勤科技,江苏,科创板,SSE,20211116,通信,通信设备,通信网络设备及器件,851024.SI
688184.SH,688184,ST帕瓦,浙江,科创板,SSE,20220919,电力设备,电池,电池化学品,857372.SI
688186.SH,688186,广大特材,江苏,科创板,SSE,20200211,电力设备,风电设备,风电零部件,857362.SI
688190.SH,688190,云路股份,山东,科创板,SSE,20211126,有色金属,金属新材料,其他金属新材料,850521.SI
688192.SH,688192,迪哲医药,江苏,科创板,SSE,20211210,医药生物,化学制药,化学制剂,851512.SI
688193.SH,688193,仁度生物,上海,科创板,SSE,20220330,医药生物,医疗器械,体外诊断,851534.SI
688196.SH,688196,卓越新能,福建,科创板,SSE,20191121,基础化工,化学制品,其他化学制品,850339.SI
688197.SH,688197,首药控股,北京,科创板,SSE,20220323,医药生物,化学制药,化学制剂,851512.SI
688198.SH,688198,佰仁医疗,北京,科创板,SSE,20191209,医药生物,医疗器械,医疗耗材,851533.SI
688199.SH,688199,久日新材,天津,科创板,SSE,20191105,基础化工,化学制品,其他化学制品,850339.SI
688200.SH,688200,华峰测控,北京,科创板,SSE,20200218,电子,半导体,半导体设备,850818.SI
688201.SH,688201,ST信安,北京,科创板,SSE,20210421,计算机,软件开发,横向通用软件,851042.SI
688202.SH,688202,美迪西,上海,科创板,SSE,20191105,医药生物,医疗服务,医疗研发外包,851563.SI
601600.SH,601600,中国铝业,北京,主板,SSE,20070430,有色金属,工业金属,铝,850551.SI
603607.SH,603607,京华激光,浙江,主板,SSE,20171025,轻工制造,包装印刷,综合包装,851426.SI
603669.SH,603669,灵康药业,西藏,主板,SSE,20150528,医药生物,化学制药,化学制剂,851512.SI
603698.SH,603698,航天工程,北京,主板,SSE,20150128,机械设备,专用设备,能源及重型设备,850725.SI
603706.SH,603706,东方环宇,新疆,主板,SSE,20180709,公用事业,燃气Ⅱ,燃气Ⅲ,851631.SI
603707.SH,603707,健友股份,江苏,主板,SSE,20170719,医药生物,化学制药,化学制剂,851512.SI
603788.SH,603788,宁波高发,浙江,主板,SSE,20150120,汽车,汽车零部件,底盘与发动机系统,850923.SI
688203.SH,688203,海正生材,浙江,科创板,SSE,20220816,基础化工,塑料,改性塑料,850353.SI
688205.SH,688205,德科立,江苏,科创板,SSE,20220809,通信,通信设备,通信网络设备及器件,851024.SI
688207.SH,688207,格灵深瞳,北京,科创板,SSE,20220317,计算机,IT服务Ⅱ,IT服务Ⅲ,852226.SI
688208.SH,688208,道通科技,深圳,科创板,SSE,20200213,计算机,计算机设备,其他计算机设备,850703.SI
688209.SH,688209,英集芯,深圳,科创板,SSE,20220419,电子,半导体,模拟芯片设计,850815.SI
688210.SH,688210,统联精密,深圳,科创板,SSE,20211227,电子,消费电子,消费电子零部件及组装,850854.SI
688212.SH,688212,澳华内镜,上海,科创板,SSE,20211115,医药生物,医疗器械,医疗设备,851532.SI
688215.SH,688215,瑞晟智能,浙江,科创板,SSE,20200828,机械设备,自动化设备,其他自动化设备,850784.SI
688216.SH,688216,气派科技,深圳,科创板,SSE,20210623,电子,半导体,集成电路封测,850817.SI
688217.SH,688217,睿昂基因,上海,科创板,SSE,20210517,医药生物,医疗器械,体外诊断,851534.SI
688218.SH,688218,江苏北人,江苏,科创板,SSE,20191211,机械设备,自动化设备,机器人,850781.SI
688221.SH,688221,前沿生物,江苏,科创板,SSE,20201028,医药生物,化学制药,化学制剂,851512.SI
688222.SH,688222,成都先导,四川,科创板,SSE,20200416,医药生物,医疗服务,医疗研发外包,851563.SI
688223.SH,688223,晶科能源,江西,科创板,SSE,20220126,电力设备,光伏设备,光伏电池组件,857352.SI
688225.SH,688225,亚信安全,江苏,科创板,SSE,20220209,计算机,软件开发,横向通用软件,851042.SI
688226.SH,688226,威腾电气,江苏,科创板,SSE,20210707,电力设备,电网设备,线缆部件及其他,857344.SI
688227.SH,688227,品高股份,广东,科创板,SSE,20211230,计算机,IT服务Ⅱ,IT服务Ⅲ,852226.SI
688228.SH,688228,开普云,广东,科创板,SSE,20200327,计算机,IT服务Ⅱ,IT服务Ⅲ,852226.SI
688229.SH,688229,博睿数据,北京,科创板,SSE,20200817,计算机,IT服务Ⅱ,IT服务Ⅲ,852226.SI
601601.SH,601601,中国太保,上海,主板,SSE,20071225,非银金融,保险Ⅱ,保险Ⅲ,851941.SI
601700.SH,601700,风范股份,江苏,主板,SSE,20110118,电力设备,电网设备,线缆部件及其他,857344.SI
603002.SH,603002,宏昌电子,广东,主板,SSE,20120518,电子,电子化学品Ⅱ,电子化学品Ⅲ,850861.SI
688230.SH,688230,芯导科技,上海,科创板,SSE,20211201,电子,半导体,分立器件,850812.SI
688231.SH,688231,隆达股份,江苏,科创板,SSE,20220722,有色金属,金属新材料,其他金属新材料,850521.SI
688232.SH,688232,新点软件,江苏,科创板,SSE,20211117,计算机,软件开发,垂直应用软件,851041.SI
688233.SH,688233,神工股份,辽宁,科创板,SSE,20200221,电子,半导体,半导体材料,850813.SI
688235.SH,688235,百济神州,北京,科创板,SSE,20211215,医药生物,化学制药,化学制剂,851512.SI
688236.SH,688236,春立医疗,北京,科创板,SSE,20211230,医药生物,医疗器械,医疗耗材,851533.SI
688237.SH,688237,超卓航科,湖北,科创板,SSE,20220701,国防军工,航空装备Ⅱ,航空装备Ⅲ,857421.SI
688238.SH,688238,和元生物,上海,科创板,SSE,20220322,医药生物,医疗服务,医疗研发外包,851563.SI
688244.SH,688244,永信至诚,北京,科创板,SSE,20221019,计算机,软件开发,横向通用软件,851042.SI
688246.SH,688246,嘉和美康,北京,科创板,SSE,20211214,计算机,软件开发,垂直应用软件,851041.SI
688247.SH,688247,宣泰医药,上海,科创板,SSE,20220825,医药生物,化学制药,化学制剂,851512.SI
688248.SH,688248,南网科技,广东,科创板,SSE,20211222,电力设备,电网设备,电网自动化设备,857321.SI
688249.SH,688249,晶合集成,安徽,科创板,SSE,20230505,电子,半导体,集成电路制造,850816.SI
688251.SH,688251,井松智能,安徽,科创板,SSE,20220606,计算机,IT服务Ⅱ,IT服务Ⅲ,852226.SI
688253.SH,688253,英诺特,北京,科创板,SSE,20220728,医药生物,医疗器械,体外诊断,851534.SI
688255.SH,688255,凯尔达,浙江,科创板,SSE,20211025,机械设备,自动化设备,机器人,850781.SI
688258.SH,688258,卓易信息,江苏,科创板,SSE,20191209,计算机,IT服务Ⅱ,IT服务Ⅲ,852226.SI
688259.SH,688259,创耀科技,江苏,科创板,SSE,20220112,电子,半导体,数字芯片设计,850814.SI
688260.SH,688260,昀冢科技,江苏,科创板,SSE,20210406,电子,消费电子,消费电子零部件及组装,850854.SI
688261.SH,688261,东微半导,江苏,科创板,SSE,20220210,电子,半导体,分立器件,850812.SI
688262.SH,688262,国芯科技,江苏,科创板,SSE,20220106,电子,半导体,数字芯片设计,850814.SI
688265.SH,688265,南模生物,上海,科创板,SSE,20211228,医药生物,医疗服务,医疗研发外包,851563.SI
688266.SH,688266,泽璟制药,江苏,科创板,SSE,20200123,医药生物,化学制药,化学制剂,851512.SI
688267.SH,688267,中触媒,辽宁,科创板,SSE,20220216,基础化工,化学制品,其他化学制品,850339.SI
688268.SH,688268,华特气体,广东,科创板,SSE,20191226,电子,电子化学品Ⅱ,电子化学品Ⅲ,850861.SI
688270.SH,688270,ST臻镭,浙江,科创板,SSE,20220127,电子,半导体,模拟芯片设计,850815.SI
688271.SH,688271,联影医疗,上海,科创板,SSE,20220822,医药生物,医疗器械,医疗设备,851532.SI
601100.SH,601100,恒立液压,江苏,主板,SSE,20111028,机械设备,工程机械,工程机械器件,850772.SI
601225.SH,601225,陕西煤业,陕西,主板,SSE,20140128,煤炭,煤炭开采,动力煤,859511.SI
601512.SH,601512,中新集团,江苏,主板,SSE,20191220,房地产,房地产开发,产业地产,851813.SI
601798.SH,601798,蓝科高新,甘肃,主板,SSE,20110622,机械设备,专用设备,能源及重型设备,850725.SI
601918.SH,601918,新集能源,安徽,主板,SSE,20071219,煤炭,煤炭开采,动力煤,859511.SI
603610.SH,603610,麒盛科技,浙江,主板,SSE,20191029,轻工制造,家居用品,成品家居,851437.SI
688272.SH,688272,富吉瑞,北京,科创板,SSE,20211018,国防军工,军工电子Ⅱ,军工电子Ⅲ,857451.SI
688273.SH,688273,麦澜德,江苏,科创板,SSE,20220811,医药生物,医疗器械,医疗设备,851532.SI
688275.SH,688275,万润新能,湖北,科创板,SSE,20220929,电力设备,电池,电池化学品,857372.SI
688276.SH,688276,百克生物,吉林,科创板,SSE,20210625,医药生物,生物制品,疫苗,851523.SI
688277.SH,688277,天智航,北京,科创板,SSE,20200707,医药生物,医疗器械,医疗设备,851532.SI
688278.SH,688278,特宝生物,福建,科创板,SSE,20200117,医药生物,生物制品,其他生物制品,851524.SI
688280.SH,688280,精进电动,北京,科创板,SSE,20211027,汽车,汽车零部件,底盘与发动机系统,850923.SI
688281.SH,688281,华秦科技,陕西,科创板,SSE,20220307,国防军工,航空装备Ⅱ,航空装备Ⅲ,857421.SI
688282.SH,688282,理工导航,北京,科创板,SSE,20220318,国防军工,航天装备Ⅱ,航天装备Ⅲ,857411.SI
688283.SH,688283,坤恒顺维,四川,科创板,SSE,20220215,通信,通信设备,其他通信设备,851027.SI
688285.SH,688285,高铁电气,陕西,科创板,SSE,20211020,机械设备,轨交设备Ⅱ,轨交设备Ⅲ,850936.SI
688286.SH,688286,敏芯股份,江苏,科创板,SSE,20200810,电子,半导体,模拟芯片设计,850815.SI
688288.SH,688288,鸿泉技术,浙江,科创板,SSE,20191106,计算机,计算机设备,其他计算机设备,850703.SI
688289.SH,688289,圣湘生物,湖南,科创板,SSE,20200828,医药生物,医疗器械,体外诊断,851534.SI
688290.SH,688290,景业智能,浙江,科创板,SSE,20220429,机械设备,自动化设备,机器人,850781.SI
688291.SH,688291,金橙子,北京,科创板,SSE,20221026,计算机,软件开发,垂直应用软件,851041.SI
688292.SH,688292,浩瀚深度,北京,科创板,SSE,20220818,计算机,计算机设备,其他计算机设备,850703.SI
688293.SH,688293,奥浦迈,上海,科创板,SSE,20220902,医药生物,生物制品,其他生物制品,851524.SI
688295.SH,688295,中复神鹰,江苏,科创板,SSE,20220406,基础化工,化学纤维,其他化学纤维,850344.SI
688297.SH,688297,中无人机,四川,科创板,SSE,20220629,国防军工,航空装备Ⅱ,航空装备Ⅲ,857421.SI
688298.SH,688298,东方生物,浙江,科创板,SSE,20200205,医药生物,医疗器械,体外诊断,851534.SI
688301.SH,688301,奕瑞科技,上海,科创板,SSE,20200918,医药生物,医疗器械,医疗设备,851532.SI
688302.SH,688302,海创药业,四川,科创板,SSE,20220412,医药生物,化学制药,化学制剂,851512.SI
688303.SH,688303,大全能源,新疆,科创板,SSE,20210722,电力设备,光伏设备,硅料硅片,857351.SI
688305.SH,688305,科德数控,辽宁,科创板,SSE,20210709,机械设备,通用设备,机床工具,850711.SI
688306.SH,688306,均普智能,浙江,科创板,SSE,20220322,机械设备,自动化设备,其他自动化设备,850784.SI
688307.SH,688307,中润光学,浙江,科创板,SSE,20230216,电子,光学光电子,光学元件,850833.SI
688308.SH,688308,欧科亿,湖南,科创板,SSE,20201210,机械设备,通用设备,金属制品,850751.SI
688309.SH,688309,恒誉科技,山东,科创板,SSE,20200714,环保,环保设备Ⅱ,环保设备Ⅲ,859721.SI
688310.SH,688310,迈得医疗,浙江,科创板,SSE,20191203,机械设备,自动化设备,其他自动化设备,850784.SI
688312.SH,688312,燕麦科技,深圳,科创板,SSE,20200608,机械设备,专用设备,其他专用设备,850727.SI
688313.SH,688313,仕佳光子,河南,科创板,SSE,20200812,通信,通信设备,通信网络设备及器件,851024.SI
688314.SH,688314,康拓医疗,陕西,科创板,SSE,20210518,医药生物,医疗器械,医疗耗材,851533.SI
688315.SH,688315,诺禾致源,北京,科创板,SSE,20210413,医药生物,医疗服务,其他医疗服务,851565.SI
688316.SH,688316,青云科技,北京,科创板,SSE,20210316,计算机,IT服务Ⅱ,IT服务Ⅲ,852226.SI
688317.SH,688317,之江生物,上海,科创板,SSE,20210118,医药生物,医疗器械,体外诊断,851534.SI
688318.SH,688318,财富趋势,深圳,科创板,SSE,20200427,计算机,软件开发,垂直应用软件,851041.SI
688319.SH,688319,欧林生物,四川,科创板,SSE,20210608,医药生物,生物制品,疫苗,851523.SI
688320.SH,688320,禾川科技,浙江,科创板,SSE,20220428,机械设备,自动化设备,工控设备,850782.SI
688321.SH,688321,微芯生物,深圳,科创板,SSE,20190812,医药生物,化学制药,化学制剂,851512.SI
688322.SH,688322,奥比中光,深圳,科创板,SSE,20220707,电子,光学光电子,光学元件,850833.SI
688323.SH,688323,瑞华泰,深圳,科创板,SSE,20210428,基础化工,塑料,膜材料,850355.SI
688325.SH,688325,赛微微电,广东,科创板,SSE,20220422,电子,半导体,模拟芯片设计,850815.SI
688326.SH,688326,经纬恒润,北京,科创板,SSE,20220419,计算机,软件开发,垂直应用软件,851041.SI
688327.SH,688327,云从科技,广东,科创板,SSE,20220527,计算机,IT服务Ⅱ,IT服务Ⅲ,852226.SI
688328.SH,688328,深科达,深圳,科创板,SSE,20210309,机械设备,专用设备,其他专用设备,850727.SI
688329.SH,688329,艾隆科技,江苏,科创板,SSE,20210329,机械设备,自动化设备,其他自动化设备,850784.SI
688330.SH,688330,宏力达,上海,科创板,SSE,20201015,电力设备,电网设备,电网自动化设备,857321.SI
688331.SH,688331,荣昌生物,山东,科创板,SSE,20220331,医药生物,生物制品,其他生物制品,851524.SI
688332.SH,688332,中科蓝讯,深圳,科创板,SSE,20220715,电子,半导体,数字芯片设计,850814.SI
688333.SH,688333,铂力特,陕西,科创板,SSE,20190722,机械设备,通用设备,其他通用设备,850716.SI
688334.SH,688334,西高院,陕西,科创板,SSE,20230619,社会服务,专业服务,检测服务,852182.SI
688335.SH,688335,复洁科技,上海,科创板,SSE,20200817,环保,环境治理,水务及水治理,859712.SI
688336.SH,688336,三生国健,上海,科创板,SSE,20200722,医药生物,生物制品,其他生物制品,851524.SI
600971.SH,600971,恒源煤电,安徽,主板,SSE,20040817,煤炭,煤炭开采,动力煤,859511.SI
601606.SH,601606,长城军工,安徽,主板,SSE,20180806,国防军工,地面兵装Ⅱ,地面兵装Ⅲ,857431.SI
601919.SH,601919,中远海控,天津,主板,SSE,20070626,交通运输,航运港口,航运,851761.SI
603677.SH,603677,奇精机械,浙江,主板,SSE,20170206,家用电器,家电零部件Ⅱ,家电零部件Ⅲ,851161.SI
688337.SH,688337,普源精电,江苏,科创板,SSE,20220408,机械设备,通用设备,仪器仪表,850731.SI
688339.SH,688339,亿华通,北京,科创板,SSE,20200810,电力设备,电池,燃料电池,857374.SI
688343.SH,688343,云天励飞,深圳,科创板,SSE,20230404,计算机,IT服务Ⅱ,IT服务Ⅲ,852226.SI
688345.SH,688345,博力威,广东,科创板,SSE,20210611,电力设备,电池,锂电池,857371.SI
688347.SH,688347,华虹宏力,上海,科创板,SSE,20230807,电子,半导体,集成电路制造,850816.SI
688348.SH,688348,昱能科技,浙江,科创板,SSE,20220608,电力设备,光伏设备,逆变器,857353.SI
688349.SH,688349,三一重能,北京,科创板,SSE,20220622,电力设备,风电设备,风电整机,857361.SI
688350.SH,688350,富淼科技,江苏,科创板,SSE,20210128,基础化工,化学制品,其他化学制品,850339.SI
688351.SH,688351,微电生理,上海,科创板,SSE,20220831,医药生物,医疗器械,医疗耗材,851533.SI
688352.SH,688352,颀中科技,安徽,科创板,SSE,20230420,电子,半导体,集成电路封测,850817.SI
688353.SH,688353,华盛锂电,江苏,科创板,SSE,20220713,电力设备,电池,电池化学品,857372.SI
688355.SH,688355,明志科技,江苏,科创板,SSE,20210512,机械设备,通用设备,金属制品,850751.SI
688356.SH,688356,键凯科技,北京,科创板,SSE,20200826,医药生物,化学制药,原料药,851511.SI
688357.SH,688357,建龙微纳,河南,科创板,SSE,20191204,基础化工,化学制品,其他化学制品,850339.SI
688358.SH,688358,祥生医疗,江苏,科创板,SSE,20191203,医药生物,医疗器械,医疗设备,851532.SI
688359.SH,688359,三孚新科,广东,科创板,SSE,20210521,电子,电子化学品Ⅱ,电子化学品Ⅲ,850861.SI
688360.SH,688360,德马科技,浙江,科创板,SSE,20200602,机械设备,通用设备,其他通用设备,850716.SI
688361.SH,688361,中科飞测,深圳,科创板,SSE,20230519,电子,半导体,半导体设备,850818.SI
688362.SH,688362,甬矽电子,浙江,科创板,SSE,20221116,电子,半导体,集成电路封测,850817.SI
688363.SH,688363,华熙生物,山东,科创板,SSE,20191106,美容护理,医疗美容,医美耗材,859831.SI
688366.SH,688366,昊海生科,上海,科创板,SSE,20191030,医药生物,医疗器械,医疗耗材,851533.SI
688367.SH,688367,工大高科,安徽,科创板,SSE,20210628,机械设备,轨交设备Ⅱ,轨交设备Ⅲ,850936.SI
688368.SH,688368,晶丰明源,上海,科创板,SSE,20191014,电子,半导体,模拟芯片设计,850815.SI
688369.SH,688369,致远互联,北京,科创板,SSE,20191031,计算机,软件开发,横向通用软件,851042.SI
688371.SH,688371,菲沃泰,江苏,科创板,SSE,20220802,电子,电子化学品Ⅱ,电子化学品Ⅲ,850861.SI
600984.SH,600984,建设机械,陕西,主板,SSE,20040707,机械设备,工程机械,工程机械整机,850771.SI
603004.SH,603004,鼎龙科技,浙江,主板,SSE,20231227,基础化工,化学制品,其他化学制品,850339.SI
603011.SH,603011,合锻智能,安徽,主板,SSE,20141107,机械设备,专用设备,其他专用设备,850727.SI
603611.SH,603611,诺力股份,浙江,主板,SSE,20150128,机械设备,工程机械,工程机械整机,850771.SI
603699.SH,603699,纽威股份,江苏,主板,SSE,20140117,机械设备,通用设备,金属制品,850751.SI
603709.SH,603709,中源家居,浙江,主板,SSE,20180208,轻工制造,家居用品,成品家居,851437.SI
688372.SH,688372,伟测科技,上海,科创板,SSE,20221026,电子,半导体,集成电路封测,850817.SI
688373.SH,688373,盟科药业,上海,科创板,SSE,20220805,医药生物,化学制药,化学制剂,851512.SI
688375.SH,688375,国博电子,江苏,科创板,SSE,20220722,国防军工,军工电子Ⅱ,军工电子Ⅲ,857451.SI
688376.SH,688376,美埃科技,江苏,科创板,SSE,20221118,环保,环保设备Ⅱ,环保设备Ⅲ,859721.SI
688377.SH,688377,迪威尔,江苏,科创板,SSE,20200708,机械设备,专用设备,能源及重型设备,850725.SI
688378.SH,688378,奥来德,吉林,科创板,SSE,20200903,电子,光学光电子,光学元件,850833.SI
688379.SH,688379,华光新材,浙江,科创板,SSE,20200819,机械设备,通用设备,金属制品,850751.SI
688380.SH,688380,中微半导,深圳,科创板,SSE,20220805,电子,半导体,数字芯片设计,850814.SI
688381.SH,688381,帝奥微,江苏,科创板,SSE,20220823,电子,半导体,模拟芯片设计,850815.SI
688382.SH,688382,益方生物,上海,科创板,SSE,20220725,医药生物,化学制药,化学制剂,851512.SI
688383.SH,688383,新益昌,深圳,科创板,SSE,20210428,机械设备,专用设备,其他专用设备,850727.SI
688385.SH,688385,复旦微电,上海,科创板,SSE,20210804,电子,半导体,数字芯片设计,850814.SI
688386.SH,688386,泛亚微透,江苏,科创板,SSE,20201016,基础化工,塑料,膜材料,850355.SI
688387.SH,688387,信科移动,湖北,科创板,SSE,20220926,通信,通信设备,通信网络设备及器件,851024.SI
688390.SH,688390,固德威,江苏,科创板,SSE,20200904,电力设备,光伏设备,逆变器,857353.SI
688391.SH,688391,钜泉科技,上海,科创板,SSE,20220913,电子,半导体,模拟芯片设计,850815.SI
688393.SH,688393,安必平,广东,科创板,SSE,20200820,医药生物,医疗器械,体外诊断,851534.SI
688395.SH,688395,正弦电气,深圳,科创板,SSE,20210429,机械设备,自动化设备,工控设备,850782.SI
688396.SH,688396,华润微,江苏,科创板,SSE,20200227,电子,半导体,集成电路制造,850816.SI
688398.SH,688398,赛特新材,福建,科创板,SSE,20200211,基础化工,化学制品,其他化学制品,850339.SI
688399.SH,688399,硕世生物,江苏,科创板,SSE,20191205,医药生物,医疗器械,体外诊断,851534.SI
600985.SH,600985,淮北矿业,安徽,主板,SSE,20040428,煤炭,煤炭开采,焦煤,859512.SI
688401.SH,688401,路维光电,深圳,科创板,SSE,20220817,电子,半导体,半导体材料,850813.SI
688409.SH,688409,富创精密,辽宁,科创板,SSE,20221010,电子,半导体,半导体设备,850818.SI
688410.SH,688410,山外山,重庆,科创板,SSE,20221226,医药生物,医疗器械,医疗设备,851532.SI
688411.SH,688411,海博思创,北京,科创板,SSE,20250127,电力设备,其他电源设备Ⅱ,其他电源设备Ⅲ,857336.SI
688416.SH,688416,恒烁股份,安徽,科创板,SSE,20220829,电子,半导体,数字芯片设计,850814.SI
688418.SH,688418,震有科技,深圳,科创板,SSE,20200722,通信,通信设备,其他通信设备,851027.SI
688419.SH,688419,耐科装备,安徽,科创板,SSE,20221107,电子,半导体,半导体设备,850818.SI
688420.SH,688420,美腾科技,天津,科创板,SSE,20221209,机械设备,专用设备,能源及重型设备,850725.SI
688425.SH,688425,铁建重工,湖南,科创板,SSE,20210622,机械设备,工程机械,工程机械整机,850771.SI
688426.SH,688426,康为世纪,江苏,科创板,SSE,20221025,医药生物,医疗器械,体外诊断,851534.SI
688428.SH,688428,诺诚健华,北京,科创板,SSE,20220921,医药生物,化学制药,化学制剂,851512.SI
688429.SH,688429,时创能源,江苏,科创板,SSE,20230629,电力设备,光伏设备,光伏电池组件,857352.SI
688432.SH,688432,有研硅,北京,科创板,SSE,20221110,电子,半导体,半导体材料,850813.SI
688433.SH,688433,华曙高科,湖南,科创板,SSE,20230417,机械设备,通用设备,其他通用设备,850716.SI
688435.SH,688435,英方软件,上海,科创板,SSE,20230119,计算机,软件开发,横向通用软件,851042.SI
688439.SH,688439,振华风光,贵州,科创板,SSE,20220826,国防军工,军工电子Ⅱ,军工电子Ⅲ,857451.SI
688443.SH,688443,智翔金泰,重庆,科创板,SSE,20230620,医药生物,生物制品,其他生物制品,851524.SI
688448.SH,688448,磁谷科技,江苏,科创板,SSE,20220921,机械设备,通用设备,其他通用设备,850716.SI
688449.SH,688449,联芸科技,浙江,科创板,SSE,20241129,电子,半导体,数字芯片设计,850814.SI
688450.SH,688450,光格科技,江苏,科创板,SSE,20230724,电力设备,电网设备,电网自动化设备,857321.SI
688455.SH,688455,科捷智能,山东,科创板,SSE,20220915,机械设备,自动化设备,其他自动化设备,850784.SI
688456.SH,688456,有研粉材,北京,科创板,SSE,20210317,有色金属,金属新材料,其他金属新材料,850521.SI
688459.SH,688459,哈铁科技,黑龙江,科创板,SSE,20221012,机械设备,轨交设备Ⅱ,轨交设备Ⅲ,850936.SI
688466.SH,688466,金科环境,北京,科创板,SSE,20200508,环保,环境治理,水务及水治理,859712.SI
688469.SH,688469,芯联集成,浙江,科创板,SSE,20230510,电子,半导体,集成电路制造,850816.SI
688472.SH,688472,阿特斯,江苏,科创板,SSE,20230609,电力设备,光伏设备,光伏电池组件,857352.SI
688475.SH,688475,萤石网络,浙江,科创板,SSE,20221228,计算机,计算机设备,安防设备,850702.SI
688479.SH,688479,友车科技,上海,科创板,SSE,20230511,计算机,软件开发,垂直应用软件,851041.SI
688480.SH,688480,赛恩斯,湖南,科创板,SSE,20221125,环保,环境治理,综合环境治理,859714.SI
688484.SH,688484,南芯科技,上海,科创板,SSE,20230407,电子,半导体,模拟芯片设计,850815.SI
688486.SH,688486,龙迅股份,安徽,科创板,SSE,20230221,电子,半导体,数字芯片设计,850814.SI
600986.SH,600986,浙文互联,浙江,主板,SSE,20040426,传媒,广告营销,营销代理,857651.SI
601279.SH,601279,英利汽车,吉林,主板,SSE,20210415,汽车,汽车零部件,其他汽车零部件,850925.SI
601838.SH,601838,成都银行,四川,主板,SSE,20180131,银行,城商行Ⅱ,城商行Ⅲ,857841.SI
601990.SH,601990,南京证券,江苏,主板,SSE,20180613,非银金融,证券Ⅱ,证券Ⅲ,851931.SI
603005.SH,603005,晶方科技,江苏,主板,SSE,20140210,电子,半导体,集成电路封测,850817.SI
603612.SH,603612,索通发展,山东,主板,SSE,20170718,基础化工,非金属材料Ⅱ,非金属材料Ⅲ,850523.SI
603613.SH,603613,国联股份,北京,主板,SSE,20190730,商贸零售,互联网电商,综合电商,852061.SI
603700.SH,603700,宁水集团,浙江,主板,SSE,20190122,机械设备,通用设备,仪器仪表,850731.SI
603799.SH,603799,华友钴业,浙江,主板,SSE,20150129,有色金属,能源金属,钴,850561.SI
688496.SH,688496,*ST清越,江苏,科创板,SSE,20221228,电子,光学光电子,LED,850832.SI
688498.SH,688498,源杰科技,陕西,科创板,SSE,20221221,电子,半导体,分立器件,850812.SI
688499.SH,688499,利元亨,广东,科创板,SSE,20210701,电力设备,电池,锂电专用设备,857373.SI
688501.SH,688501,青达环保,山东,科创板,SSE,20210716,环保,环保设备Ⅱ,环保设备Ⅲ,859721.SI
688503.SH,688503,聚和材料,江苏,科创板,SSE,20221209,电力设备,光伏设备,光伏辅材,857354.SI
688505.SH,688505,复旦张江,上海,科创板,SSE,20200619,医药生物,化学制药,化学制剂,851512.SI
688507.SH,688507,索辰科技,上海,科创板,SSE,20230418,计算机,软件开发,垂直应用软件,851041.SI
688508.SH,688508,芯朋微,江苏,科创板,SSE,20200722,电子,半导体,模拟芯片设计,850815.SI
688509.SH,688509,正元地信,北京,科创板,SSE,20210730,计算机,IT服务Ⅱ,IT服务Ⅲ,852226.SI
688511.SH,688511,天微电子,四川,科创板,SSE,20210730,国防军工,军工电子Ⅱ,军工电子Ⅲ,857451.SI
688512.SH,688512,慧智微,广东,科创板,SSE,20230516,电子,半导体,模拟芯片设计,850815.SI
688513.SH,688513,苑东生物,四川,科创板,SSE,20200902,医药生物,化学制药,化学制剂,851512.SI
688515.SH,688515,裕太微,江苏,科创板,SSE,20230210,电子,半导体,模拟芯片设计,850815.SI
688517.SH,688517,金冠电气,河南,科创板,SSE,20210618,电力设备,电网设备,配电设备,857382.SI
688518.SH,688518,联赢激光,深圳,科创板,SSE,20200622,机械设备,自动化设备,激光设备,850783.SI
603006.SH,603006,联明股份,上海,主板,SSE,20140630,汽车,汽车零部件,其他汽车零部件,850925.SI
688519.SH,688519,南亚新材,上海,科创板,SSE,20200818,电子,元件,印制电路板,850822.SI
688520.SH,688520,神州细胞,北京,科创板,SSE,20200622,医药生物,生物制品,其他生物制品,851524.SI
688521.SH,688521,芯原股份,上海,科创板,SSE,20200818,电子,半导体,数字芯片设计,850814.SI
688522.SH,688522,纳睿雷达,广东,科创板,SSE,20230301,国防军工,军工电子Ⅱ,军工电子Ⅲ,857451.SI
688523.SH,688523,航天环宇,湖南,科创板,SSE,20230602,国防军工,航天装备Ⅱ,航天装备Ⅲ,857411.SI
688525.SH,688525,佰维存储,深圳,科创板,SSE,20221230,电子,半导体,数字芯片设计,850814.SI
688526.SH,688526,科前生物,湖北,科创板,SSE,20200922,农林牧渔,动物保健Ⅱ,动物保健Ⅲ,850181.SI
688528.SH,688528,秦川物联,四川,科创板,SSE,20200701,机械设备,通用设备,仪器仪表,850731.SI
688529.SH,688529,豪森智能,辽宁,科创板,SSE,20201109,机械设备,专用设备,其他专用设备,850727.SI
688533.SH,688533,上声电子,江苏,科创板,SSE,20210419,汽车,汽车零部件,汽车电子电气系统,850926.SI
688535.SH,688535,华海诚科,江苏,科创板,SSE,20230404,电子,半导体,半导体材料,850813.SI
688538.SH,688538,和辉光电,上海,科创板,SSE,20210528,电子,光学光电子,面板,850831.SI
688539.SH,688539,高华科技,江苏,科创板,SSE,20230418,电子,元件,被动元件,850823.SI
688543.SH,688543,国科军工,江西,科创板,SSE,20230621,国防军工,地面兵装Ⅱ,地面兵装Ⅲ,857431.SI
688545.SH,688545,兴福电子,湖北,科创板,SSE,20250122,电子,电子化学品Ⅱ,电子化学品Ⅲ,850861.SI
688548.SH,688548,广钢气体,广东,科创板,SSE,20230815,电子,电子化学品Ⅱ,电子化学品Ⅲ,850861.SI
688550.SH,688550,瑞联新材,陕西,科创板,SSE,20200902,电子,电子化学品Ⅱ,电子化学品Ⅲ,850861.SI
688551.SH,688551,科威尔,安徽,科创板,SSE,20200910,电力设备,其他电源设备Ⅱ,其他电源设备Ⅲ,857336.SI
688552.SH,688552,航天南湖,湖北,科创板,SSE,20230518,国防军工,军工电子Ⅱ,军工电子Ⅲ,857451.SI
688553.SH,688553,汇宇制药,四川,科创板,SSE,20211026,医药生物,化学制药,化学制剂,851512.SI
688556.SH,688556,高测股份,山东,科创板,SSE,20200807,电力设备,光伏设备,光伏加工设备,857355.SI
688557.SH,688557,兰剑智能,山东,科创板,SSE,20201202,机械设备,通用设备,其他通用设备,850716.SI
688558.SH,688558,国盛智科,江苏,科创板,SSE,20200630,机械设备,通用设备,机床工具,850711.SI
688559.SH,688559,海目星,深圳,科创板,SSE,20200909,机械设备,自动化设备,激光设备,850783.SI
688560.SH,688560,明冠新材,江西,科创板,SSE,20201224,电力设备,光伏设备,光伏辅材,857354.SI
688561.SH,688561,奇安信,北京,科创板,SSE,20200722,计算机,软件开发,横向通用软件,851042.SI
688562.SH,688562,航天软件,北京,科创板,SSE,20230524,计算机,IT服务Ⅱ,IT服务Ⅲ,852226.SI
688563.SH,688563,航材股份,北京,科创板,SSE,20230719,国防军工,航空装备Ⅱ,航空装备Ⅲ,857421.SI
688565.SH,688565,力源科技,浙江,科创板,SSE,20210513,环保,环境治理,水务及水治理,859712.SI
688566.SH,688566,吉贝尔,江苏,科创板,SSE,20200518,医药生物,化学制药,化学制剂,851512.SI
601101.SH,601101,昊华能源,北京,主板,SSE,20100331,煤炭,煤炭开采,动力煤,859511.SI
601717.SH,601717,中创智领,河南,主板,SSE,20100803,机械设备,专用设备,能源及重型设备,850725.SI
601718.SH,601718,ST际华,北京,主板,SSE,20100816,纺织服饰,服装家纺,非运动服装,851329.SI
601828.SH,601828,美凯龙,上海,主板,SSE,20180117,商贸零售,一般零售,商业物业经营,852034.SI
603012.SH,603012,创力集团,上海,主板,SSE,20150320,机械设备,专用设备,能源及重型设备,850725.SI
603599.SH,603599,广信股份,安徽,主板,SSE,20150513,基础化工,农化制品,农药,850333.SI
603600.SH,603600,永艺股份,浙江,主板,SSE,20150123,轻工制造,家居用品,成品家居,851437.SI
603616.SH,603616,韩建河山,北京,主板,SSE,20150611,建筑材料,水泥,水泥制品,857112.SI
688568.SH,688568,中科星图,北京,科创板,SSE,20200708,计算机,IT服务Ⅱ,IT服务Ⅲ,852226.SI
688569.SH,688569,铁科轨道,北京,科创板,SSE,20200831,机械设备,轨交设备Ⅱ,轨交设备Ⅲ,850936.SI
688571.SH,688571,杭华股份,浙江,科创板,SSE,20201211,基础化工,化学制品,涂料油墨,850335.SI
688573.SH,688573,信宇人,深圳,科创板,SSE,20230817,电力设备,电池,锂电专用设备,857373.SI
688575.SH,688575,亚辉龙,深圳,科创板,SSE,20210517,医药生物,医疗器械,体外诊断,851534.SI
688576.SH,688576,西山科技,重庆,科创板,SSE,20230606,医药生物,医疗器械,医疗耗材,851533.SI
688577.SH,688577,浙海德曼,浙江,科创板,SSE,20200916,机械设备,通用设备,机床工具,850711.SI
688578.SH,688578,艾力斯,上海,科创板,SSE,20201202,医药生物,化学制药,化学制剂,851512.SI
688579.SH,688579,地纬智能,山东,科创板,SSE,20200717,计算机,软件开发,垂直应用软件,851041.SI
688580.SH,688580,伟思医疗,江苏,科创板,SSE,20200721,医药生物,医疗器械,医疗设备,851532.SI
688581.SH,688581,安杰思,浙江,科创板,SSE,20230519,医药生物,医疗器械,医疗耗材,851533.SI
688582.SH,688582,芯动联科,安徽,科创板,SSE,20230630,电子,半导体,模拟芯片设计,850815.SI
688583.SH,688583,思看科技,浙江,科创板,SSE,20250115,机械设备,通用设备,仪器仪表,850731.SI
688584.SH,688584,上海合晶,上海,科创板,SSE,20240208,电子,半导体,半导体材料,850813.SI
688586.SH,688586,江航装备,安徽,科创板,SSE,20200731,国防军工,航空装备Ⅱ,航空装备Ⅲ,857421.SI
688589.SH,688589,力合微,深圳,科创板,SSE,20200722,电子,半导体,数字芯片设计,850814.SI
688591.SH,688591,泰凌微,上海,科创板,SSE,20230825,电子,半导体,数字芯片设计,850814.SI
600987.SH,600987,航民股份,浙江,主板,SSE,20040809,纺织服饰,纺织制造,印染,851314.SI
600988.SH,600988,赤峰黄金,内蒙,主板,SSE,20040414,有色金属,贵金属,黄金,850531.SI
601137.SH,601137,博威合金,浙江,主板,SSE,20110127,有色金属,金属新材料,其他金属新材料,850521.SI
601928.SH,601928,凤凰传媒,江苏,主板,SSE,20111130,传媒,出版,教育出版,857691.SI
601929.SH,601929,吉视传媒,吉林,主板,SSE,20120223,传媒,电视广播Ⅱ,电视广播Ⅲ,859951.SI
603583.SH,603583,捷昌驱动,浙江,主板,SSE,20180921,机械设备,自动化设备,工控设备,850782.SI
603615.SH,603615,茶花股份,福建,主板,SSE,20170213,轻工制造,家居用品,其他家居用品,851491.SI
603687.SH,603687,大胜达,浙江,主板,SSE,20190726,轻工制造,包装印刷,纸包装,851425.SI
603718.SH,603718,*ST海利,上海,主板,SSE,20150515,医药生物,医疗器械,医疗耗材,851533.SI
603719.SH,603719,良品铺子,湖北,主板,SSE,20200224,食品饮料,休闲食品,零食,851281.SI
688592.SH,688592,司南导航,上海,科创板,SSE,20230816,通信,通信设备,通信终端及配件,851026.SI
688593.SH,688593,新相微,上海,科创板,SSE,20230601,电子,半导体,数字芯片设计,850814.SI
688595.SH,688595,芯海科技,深圳,科创板,SSE,20200928,电子,半导体,数字芯片设计,850814.SI
688596.SH,688596,正帆科技,上海,科创板,SSE,20200820,机械设备,专用设备,其他专用设备,850727.SI
688597.SH,688597,煜邦电力,北京,科创板,SSE,20210617,电力设备,电网设备,电工仪器仪表,857323.SI
688600.SH,688600,皖仪科技,安徽,科创板,SSE,20200703,机械设备,通用设备,仪器仪表,850731.SI
688601.SH,688601,力芯微,江苏,科创板,SSE,20210628,电子,半导体,模拟芯片设计,850815.SI
688602.SH,688602,康鹏科技,上海,科创板,SSE,20230720,基础化工,化学制品,其他化学制品,850339.SI
688603.SH,688603,天承科技,上海,科创板,SSE,20230710,电子,电子化学品Ⅱ,电子化学品Ⅲ,850861.SI
688605.SH,688605,先锋精科,江苏,科创板,SSE,20241212,电子,半导体,半导体设备,850818.SI
688606.SH,688606,奥泰生物,浙江,科创板,SSE,20210325,医药生物,医疗器械,体外诊断,851534.SI
688608.SH,688608,恒玄科技,上海,科创板,SSE,20201216,电子,半导体,数字芯片设计,850814.SI
688610.SH,688610,埃科光电,安徽,科创板,SSE,20230719,机械设备,通用设备,仪器仪表,850731.SI
688612.SH,688612,威迈斯,深圳,科创板,SSE,20230726,汽车,汽车零部件,汽车电子电气系统,850926.SI
601226.SH,601226,华电科工,北京,主板,SSE,20141211,建筑装饰,专业工程,其他专业工程,857244.SI
601515.SH,601515,衢州东峰,浙江,主板,SSE,20120216,轻工制造,包装印刷,纸包装,851425.SI
601727.SH,601727,上海电气,上海,主板,SSE,20081205,电力设备,其他电源设备Ⅱ,综合电力设备商,857331.SI
601728.SH,601728,中国电信,北京,主板,SSE,20210820,通信,通信服务,电信运营商,852212.SI
601825.SH,601825,沪农商行,上海,主板,SSE,20210819,银行,农商行Ⅱ,农商行Ⅲ,857851.SI
601857.SH,601857,中国石油,北京,主板,SSE,20071105,石油石化,炼化及贸易,炼油化工,859631.SI
601858.SH,601858,中国科传,北京,主板,SSE,20170118,传媒,出版,大众出版,857692.SI
601860.SH,601860,紫金银行,江苏,主板,SSE,20190103,银行,农商行Ⅱ,农商行Ⅲ,857851.SI
601866.SH,601866,中远海发,上海,主板,SSE,20071212,交通运输,航运港口,航运,851761.SI
601868.SH,601868,中国能建,北京,主板,SSE,20210928,建筑装饰,基础建设,基建市政工程,857236.SI
601869.SH,601869,长飞光纤,湖北,主板,SSE,20180720,通信,通信设备,通信线缆及配套,851025.SI
601969.SH,601969,海南矿业,海南,主板,SSE,20141209,钢铁,冶钢原料,铁矿石,850431.SI
603000.SH,603000,人民网,北京,主板,SSE,20120427,传媒,数字媒体,门户网站,857674.SI
603016.SH,603016,新宏泰,江苏,主板,SSE,20160701,电力设备,电网设备,配电设备,857382.SI
603590.SH,603590,康辰药业,北京,主板,SSE,20180827,医药生物,生物制品,其他生物制品,851524.SI
603679.SH,603679,华体科技,四川,主板,SSE,20170621,电子,光学光电子,LED,850832.SI
601108.SH,601108,财通证券,浙江,主板,SSE,20171024,非银金融,证券Ⅱ,证券Ⅲ,851931.SI
601288.SH,601288,农业银行,北京,主板,SSE,20100715,银行,国有大型银行Ⅱ,国有大型银行Ⅲ,857821.SI
601607.SH,601607,上海医药,上海,主板,SSE,19940324,医药生物,医药商业,医药流通,851542.SI
601608.SH,601608,中信重工,河南,主板,SSE,20120706,机械设备,专用设备,能源及重型设备,850725.SI
601609.SH,601609,金田股份,浙江,主板,SSE,20200422,有色金属,工业金属,铜,850552.SI
601611.SH,601611,中国核建,上海,主板,SSE,20160606,建筑装饰,基础建设,基建市政工程,857236.SI
601615.SH,601615,明阳智能,广东,主板,SSE,20190123,电力设备,风电设备,风电整机,857361.SI
601616.SH,601616,广电电气,上海,主板,SSE,20110201,电力设备,电网设备,配电设备,857382.SI
601618.SH,601618,中国中冶,北京,主板,SSE,20090921,建筑装饰,专业工程,其他专业工程,857244.SI
601997.SH,601997,贵阳银行,贵州,主板,SSE,20160816,银行,城商行Ⅱ,城商行Ⅲ,857841.SI
603589.SH,603589,口子窖,安徽,主板,SSE,20150629,食品饮料,白酒Ⅱ,白酒Ⅲ,851251.SI
603608.SH,603608,天创时尚,广东,主板,SSE,20160218,纺织服饰,服装家纺,鞋帽及其他,851325.SI
603619.SH,603619,中曼石油,上海,主板,SSE,20171117,石油石化,油服工程,油田服务,859621.SI
603628.SH,603628,清源股份,福建,主板,SSE,20170112,电力设备,光伏设备,光伏辅材,857354.SI
603712.SH,603712,七一二,天津,主板,SSE,20180226,国防军工,军工电子Ⅱ,军工电子Ⅲ,857451.SI
601298.SH,601298,青岛港,山东,主板,SSE,20190121,交通运输,航运港口,港口,851711.SI
601311.SH,601311,骆驼股份,湖北,主板,SSE,20110602,电力设备,电池,蓄电池及其他电池,857375.SI
601369.SH,601369,陕鼓动力,陕西,主板,SSE,20100428,机械设备,专用设备,能源及重型设备,850725.SI
601518.SH,601518,吉林高速,吉林,主板,SSE,20100319,交通运输,铁路公路,高速公路,851731.SI
601528.SH,601528,瑞丰银行,浙江,主板,SSE,20210625,银行,农商行Ⅱ,农商行Ⅲ,857851.SI
601555.SH,601555,东吴证券,江苏,主板,SSE,20111212,非银金融,证券Ⅱ,证券Ⅲ,851931.SI
601566.SH,601566,九牧王,福建,主板,SSE,20110530,纺织服饰,服装家纺,非运动服装,851329.SI
601567.SH,601567,三星电气,浙江,主板,SSE,20110615,电力设备,电网设备,配电设备,857382.SI
601568.SH,601568,北元化工,陕西,主板,SSE,20201020,基础化工,化学原料,氯碱,850322.SI
601588.SH,601588,北辰实业,北京,主板,SSE,20061016,房地产,房地产开发,住宅开发,851811.SI
601595.SH,601595,上海电影,上海,主板,SSE,20160817,传媒,影视院线,影视动漫制作,857661.SI
601598.SH,601598,中国外运,北京,主板,SSE,20190118,交通运输,物流,跨境物流,851785.SI
601599.SH,601599,浙文影业,浙江,主板,SSE,20110527,纺织服饰,纺织制造,其他纺织,851316.SI
603015.SH,603015,弘讯科技,浙江,主板,SSE,20150303,机械设备,自动化设备,工控设备,850782.SI
603019.SH,603019,中科曙光,天津,主板,SSE,20141106,计算机,计算机设备,其他计算机设备,850703.SI
603648.SH,603648,畅联股份,上海,主板,SSE,20170913,交通运输,物流,中间产品及消费品供应链服务,851783.SI
601106.SH,601106,中国一重,黑龙江,主板,SSE,20100209,机械设备,专用设备,能源及重型设备,850725.SI
601107.SH,601107,四川成渝,四川,主板,SSE,20090727,交通运输,铁路公路,高速公路,851731.SI
601127.SH,601127,赛力斯,重庆,主板,SSE,20160615,汽车,乘用车,电动乘用车,850951.SI
601128.SH,601128,常熟银行,江苏,主板,SSE,20160930,银行,农商行Ⅱ,农商行Ⅲ,857851.SI
601136.SH,601136,首创证券,北京,主板,SSE,20221222,非银金融,证券Ⅱ,证券Ⅲ,851931.SI
601138.SH,601138,工业富联,深圳,主板,SSE,20180608,电子,消费电子,消费电子零部件及组装,850854.SI
601139.SH,601139,深圳燃气,深圳,主板,SSE,20091225,公用事业,燃气Ⅱ,燃气Ⅲ,851631.SI
601155.SH,601155,新城控股,江苏,主板,SSE,20151204,房地产,房地产开发,商业地产,851812.SI
601156.SH,601156,东航物流,上海,主板,SSE,20210609,交通运输,物流,跨境物流,851785.SI
601158.SH,601158,重庆水务,重庆,主板,SSE,20100329,环保,环境治理,水务及水治理,859712.SI
601162.SH,601162,天风证券,湖北,主板,SSE,20181019,非银金融,证券Ⅱ,证券Ⅲ,851931.SI
601163.SH,601163,三角轮胎,山东,主板,SSE,20160909,汽车,汽车零部件,轮胎轮毂,850924.SI
601166.SH,601166,兴业银行,福建,主板,SSE,20070205,银行,股份制银行Ⅱ,股份制银行Ⅲ,857831.SI
601168.SH,601168,西部矿业,青海,主板,SSE,20070712,有色金属,工业金属,铜,850552.SI
601169.SH,601169,北京银行,北京,主板,SSE,20070919,银行,城商行Ⅱ,城商行Ⅲ,857841.SI
601956.SH,601956,东贝集团,湖北,主板,SSE,20201225,家用电器,家电零部件Ⅱ,家电零部件Ⅲ,851161.SI
603609.SH,603609,禾丰股份,辽宁,主板,SSE,20140808,农林牧渔,饲料,畜禽饲料,850142.SI
600989.SH,600989,宝丰能源,宁夏,主板,SSE,20190516,基础化工,化学原料,煤化工,850325.SI
601058.SH,601058,赛轮轮胎,山东,主板,SSE,20110630,汽车,汽车零部件,轮胎轮毂,850924.SI
601059.SH,601059,信达证券,北京,主板,SSE,20230201,非银金融,证券Ⅱ,证券Ⅲ,851931.SI
601061.SH,601061,中信金属,北京,主板,SSE,20230410,商贸零售,贸易Ⅱ,贸易Ⅲ,852021.SI
601065.SH,601065,江盐集团,江西,主板,SSE,20230410,基础化工,化学原料,纯碱,850321.SI
601066.SH,601066,中信建投,北京,主板,SSE,20180620,非银金融,证券Ⅱ,证券Ⅲ,851931.SI
601068.SH,601068,中铝国际,北京,主板,SSE,20180831,建筑装饰,专业工程,其他专业工程,857244.SI
601069.SH,601069,西部黄金,新疆,主板,SSE,20150122,有色金属,贵金属,黄金,850531.SI
601111.SH,601111,中国国航,北京,主板,SSE,20060818,交通运输,航空机场,航空运输,851741.SI
601113.SH,601113,华鼎股份,浙江,主板,SSE,20110509,基础化工,化学纤维,锦纶,850346.SI
601116.SH,601116,三江购物,浙江,主板,SSE,20110302,商贸零售,一般零售,超市,852032.SI
601117.SH,601117,中国化学,北京,主板,SSE,20100107,建筑装饰,专业工程,化学工程,857242.SI
601118.SH,601118,海南橡胶,海南,主板,SSE,20110107,农林牧渔,种植业,其他种植业,850113.SI
601121.SH,601121,宝地矿业,新疆,主板,SSE,20230310,钢铁,冶钢原料,铁矿石,850431.SI
601126.SH,601126,四方股份,北京,主板,SSE,20101231,电力设备,电网设备,电网自动化设备,857321.SI
603045.SH,603045,福达合金,浙江,主板,SSE,20180517,有色金属,金属新材料,其他金属新材料,850521.SI
603766.SH,603766,隆鑫通用,重庆,主板,SSE,20120810,汽车,摩托车及其他,摩托车,858812.SI
600990.SH,600990,四创电子,安徽,主板,SSE,20040510,国防军工,军工电子Ⅱ,军工电子Ⅲ,857451.SI
600993.SH,600993,马应龙,湖北,主板,SSE,20040517,医药生物,中药Ⅱ,中药Ⅲ,851521.SI
600995.SH,600995,南网储能,云南,主板,SSE,20040615,公用事业,电力,电能综合服务,851610.SI
600996.SH,600996,贵广网络,贵州,主板,SSE,20161226,传媒,电视广播Ⅱ,电视广播Ⅲ,859951.SI
600997.SH,600997,开滦股份,河北,主板,SSE,20040602,煤炭,煤炭开采,焦煤,859512.SI
600998.SH,600998,九州通,湖北,主板,SSE,20101102,医药生物,医药商业,医药流通,851542.SI
600999.SH,600999,招商证券,深圳,主板,SSE,20091117,非银金融,证券Ⅱ,证券Ⅲ,851931.SI
601000.SH,601000,唐山港,河北,主板,SSE,20100705,交通运输,航运港口,港口,851711.SI
601001.SH,601001,晋控煤业,山西,主板,SSE,20060623,煤炭,煤炭开采,动力煤,859511.SI
601002.SH,601002,晋亿实业,浙江,主板,SSE,20070126,机械设备,通用设备,金属制品,850751.SI
601003.SH,601003,柳钢股份,广西,主板,SSE,20070227,钢铁,普钢,板材,850442.SI
601005.SH,601005,重庆钢铁,重庆,主板,SSE,20070228,钢铁,普钢,板材,850442.SI
601339.SH,601339,百隆东方,浙江,主板,SSE,20120612,纺织服饰,纺织制造,棉纺,851312.SI
601360.SH,601360,三六零,天津,主板,SSE,20120116,计算机,软件开发,横向通用软件,851042.SI
601688.SH,601688,华泰证券,江苏,主板,SSE,20100226,非银金融,证券Ⅱ,证券Ⅲ,851931.SI
601886.SH,601886,江河集团,北京,主板,SSE,20110818,建筑装饰,装修装饰Ⅱ,装修装饰Ⅲ,857221.SI
688613.SH,688613,奥精医疗,北京,科创板,SSE,20210521,医药生物,医疗器械,医疗耗材,851533.SI
600973.SH,600973,宝胜股份,江苏,主板,SSE,20040802,电力设备,电网设备,线缆部件及其他,857344.SI
600975.SH,600975,新五丰,湖南,主板,SSE,20040609,农林牧渔,养殖业,生猪养殖,850172.SI
600977.SH,600977,中国电影,北京,主板,SSE,20160809,传媒,影视院线,影视动漫制作,857661.SI
600979.SH,600979,广安爱众,四川,主板,SSE,20040906,公用事业,电力,电能综合服务,851610.SI
600980.SH,600980,北矿科技,北京,主板,SSE,20040512,机械设备,专用设备,能源及重型设备,850725.SI
600981.SH,600981,苏豪汇鸿,江苏,主板,SSE,20040630,商贸零售,贸易Ⅱ,贸易Ⅲ,852021.SI
601006.SH,601006,大秦铁路,山西,主板,SSE,20060801,交通运输,铁路公路,铁路运输,851771.SI
601007.SH,601007,金陵饭店,江苏,主板,SSE,20070406,社会服务,酒店餐饮,酒店,852121.SI
601008.SH,601008,连云港,江苏,主板,SSE,20070426,交通运输,航运港口,港口,851711.SI
601009.SH,601009,南京银行,江苏,主板,SSE,20070719,银行,城商行Ⅱ,城商行Ⅲ,857841.SI
603626.SH,603626,科森科技,江苏,主板,SSE,20170209,电子,消费电子,消费电子零部件及组装,850854.SI
603693.SH,603693,江苏新能,江苏,主板,SSE,20180703,公用事业,电力,风力发电,851617.SI
601519.SH,601519,大智慧,上海,主板,SSE,20110128,计算机,软件开发,垂直应用软件,851041.SI
601975.SH,601975,招商南油,江苏,主板,SSE,20190108,交通运输,航运港口,航运,851761.SI
603065.SH,603065,宿迁联盛,江苏,主板,SSE,20230321,基础化工,化学制品,其他化学制品,850339.SI
603676.SH,603676,卫信康,西藏,主板,SSE,20170721,医药生物,化学制药,化学制剂,851512.SI
603755.SH,603755,日辰股份,山东,主板,SSE,20190828,食品饮料,调味发酵品Ⅱ,调味发酵品Ⅲ,851242.SI
601388.SH,601388,怡球资源,江苏,主板,SSE,20120423,有色金属,工业金属,铝,850551.SI
603018.SH,603018,华设集团,江苏,主板,SSE,20141013,建筑装饰,工程咨询服务Ⅱ,工程咨询服务Ⅲ,857261.SI
603031.SH,603031,安孚科技,安徽,主板,SSE,20160822,电力设备,电池,蓄电池及其他电池,857375.SI
603058.SH,603058,永吉股份,贵州,主板,SSE,20161223,轻工制造,包装印刷,纸包装,851425.SI
603061.SH,603061,金海通,天津,主板,SSE,20230303,电子,半导体,半导体设备,850818.SI
603103.SH,603103,横店影视,浙江,主板,SSE,20171012,传媒,影视院线,院线,857662.SI
603129.SH,603129,春风动力,浙江,主板,SSE,20170818,汽车,摩托车及其他,摩托车,858812.SI
603708.SH,603708,家家悦,山东,主板,SSE,20161213,商贸零售,一般零售,超市,852032.SI
603721.SH,603721,中广天择,湖南,主板,SSE,20170811,传媒,影视院线,影视动漫制作,857661.SI
603726.SH,603726,朗迪集团,浙江,主板,SSE,20160421,家用电器,家电零部件Ⅱ,家电零部件Ⅲ,851161.SI
601577.SH,601577,长沙银行,湖南,主板,SSE,20180926,银行,城商行Ⅱ,城商行Ⅲ,857841.SI
601665.SH,601665,齐鲁银行,山东,主板,SSE,20210618,银行,城商行Ⅱ,城商行Ⅲ,857841.SI
601777.SH,601777,千里科技,重庆,主板,SSE,20101125,汽车,摩托车及其他,摩托车,858812.SI
601933.SH,601933,永辉超市,福建,主板,SSE,20101215,商贸零售,一般零售,超市,852032.SI
603161.SH,603161,科华控股,江苏,主板,SSE,20180105,汽车,汽车零部件,底盘与发动机系统,850923.SI
603759.SH,603759,海天股份,四川,主板,SSE,20210326,环保,环境治理,水务及水治理,859712.SI
603779.SH,603779,威龙股份,山东,主板,SSE,20160516,食品饮料,非白酒,其他酒类,851233.SI
603786.SH,603786,科博达,上海,主板,SSE,20191015,汽车,汽车零部件,汽车电子电气系统,850926.SI
603787.SH,603787,新日股份,江苏,主板,SSE,20170427,汽车,摩托车及其他,摩托车,858812.SI
601865.SH,601865,福莱特,浙江,主板,SSE,20190215,电力设备,光伏设备,光伏辅材,857354.SI
601988.SH,601988,中国银行,北京,主板,SSE,20060705,银行,国有大型银行Ⅱ,国有大型银行Ⅲ,857821.SI
603026.SH,603026,石大胜华,山东,主板,SSE,20150529,电力设备,电池,电池化学品,857372.SI
603059.SH,603059,倍加洁,江苏,主板,SSE,20180302,美容护理,个护用品,洗护用品,859812.SI
603816.SH,603816,顾家家居,浙江,主板,SSE,20161014,轻工制造,家居用品,成品家居,851437.SI
601010.SH,601010,ST文峰,江苏,主板,SSE,20110603,商贸零售,一般零售,多业态零售,852033.SI
601963.SH,601963,重庆银行,重庆,主板,SSE,20210205,银行,城商行Ⅱ,城商行Ⅲ,857841.SI
603027.SH,603027,千禾味业,四川,主板,SSE,20160307,食品饮料,调味发酵品Ⅱ,调味发酵品Ⅲ,851242.SI
603033.SH,603033,三维股份,浙江,主板,SSE,20161207,基础化工,橡胶,其他橡胶制品,850362.SI
603127.SH,603127,昭衍新药,北京,主板,SSE,20170825,医药生物,医疗服务,医疗研发外包,851563.SI
603138.SH,603138,海量数据,北京,主板,SSE,20170306,计算机,IT服务Ⅱ,IT服务Ⅲ,852226.SI
603197.SH,603197,保隆科技,上海,主板,SSE,20170519,汽车,汽车零部件,其他汽车零部件,850925.SI
603207.SH,603207,小方制药,上海,主板,SSE,20240826,医药生物,化学制药,化学制剂,851512.SI
603885.SH,603885,吉祥航空,上海,主板,SSE,20150527,交通运输,航空机场,航空运输,851741.SI
603887.SH,603887,城地香江,上海,主板,SSE,20161010,计算机,IT服务Ⅱ,IT服务Ⅲ,852226.SI
603948.SH,603948,建业股份,浙江,主板,SSE,20200302,基础化工,化学制品,其他化学制品,850339.SI
603980.SH,603980,吉华集团,浙江,主板,SSE,20170615,基础化工,化学制品,纺织化学制品,850338.SI
600433.SH,600433,冠豪高新,广东,主板,SSE,20030619,轻工制造,造纸,特种纸,851413.SI
603165.SH,603165,荣晟环保,浙江,主板,SSE,20170117,轻工制造,造纸,大宗用纸,851412.SI
603221.SH,603221,爱丽家居,江苏,主板,SSE,20200323,轻工制造,家居用品,瓷砖地板,851436.SI
603916.SH,603916,苏博特,江苏,主板,SSE,20171110,基础化工,化学制品,其他化学制品,850339.SI
603927.SH,603927,中科软,北京,主板,SSE,20190909,计算机,软件开发,垂直应用软件,851041.SI
603929.SH,603929,亚翔集成,江苏,主板,SSE,20161230,建筑装饰,专业工程,其他专业工程,857244.SI
603050.SH,603050,科林电气,河北,主板,SSE,20170414,电力设备,电网设备,电网自动化设备,857321.SI
603073.SH,603073,彩蝶实业,浙江,主板,SSE,20230316,基础化工,化学纤维,涤纶,850341.SI
603282.SH,603282,亚光股份,浙江,主板,SSE,20230315,环保,环保设备Ⅱ,环保设备Ⅲ,859721.SI
603288.SH,603288,海天味业,广东,主板,SSE,20140211,食品饮料,调味发酵品Ⅱ,调味发酵品Ⅲ,851242.SI
600521.SH,600521,华海药业,浙江,主板,SSE,20030304,医药生物,化学制药,化学制剂,851512.SI
603259.SH,603259,药明康德,江苏,主板,SSE,20180508,医药生物,医疗服务,医疗研发外包,851563.SI
605066.SH,605066,天正电气,浙江,主板,SSE,20200807,电力设备,电网设备,配电设备,857382.SI
605068.SH,605068,明新旭腾,浙江,主板,SSE,20201123,汽车,汽车零部件,车身附件及饰件,850922.SI
605199.SH,605199,ST葫芦娃,海南,主板,SSE,20200710,医药生物,中药Ⅱ,中药Ⅲ,851521.SI
605259.SH,605259,绿田机械,浙江,主板,SSE,20210615,机械设备,专用设备,其他专用设备,850727.SI
605358.SH,605358,立昂微,浙江,主板,SSE,20200911,电子,半导体,半导体材料,850813.SI
601011.SH,601011,宝泰隆,黑龙江,主板,SSE,20110309,煤炭,焦炭Ⅱ,焦炭Ⅲ,859521.SI
603315.SH,603315,福鞍股份,辽宁,主板,SSE,20150424,环保,环境治理,大气治理,859711.SI
605189.SH,605189,富春染织,安徽,主板,SSE,20210528,纺织服饰,纺织制造,印染,851314.SI
605299.SH,605299,舒华体育,福建,主板,SSE,20201215,轻工制造,文娱用品,娱乐用品,851452.SI
600976.SH,600976,健民集团,湖北,主板,SSE,20040419,医药生物,中药Ⅱ,中药Ⅲ,851521.SI
601012.SH,601012,隆基绿能,陕西,主板,SSE,20120411,电力设备,光伏设备,光伏电池组件,857352.SI
601016.SH,601016,节能风电,北京,主板,SSE,20140929,公用事业,电力,风力发电,851617.SI
601018.SH,601018,宁波港,浙江,主板,SSE,20100928,交通运输,航运港口,港口,851711.SI
601019.SH,601019,山东出版,山东,主板,SSE,20171122,传媒,出版,教育出版,857691.SI
601020.SH,601020,华钰矿业,西藏,主板,SSE,20160316,有色金属,工业金属,铅锌,850553.SI
601021.SH,601021,春秋航空,上海,主板,SSE,20150121,交通运输,航空机场,航空运输,851741.SI
601022.SH,601022,宁波远洋,浙江,主板,SSE,20221208,交通运输,航运港口,航运,851761.SI
601026.SH,601026,道生天合,上海,主板,SSE,20251017,基础化工,塑料,合成树脂,850354.SI
601033.SH,601033,永兴股份,广东,主板,SSE,20240118,环保,环境治理,固废治理,859713.SI
601038.SH,601038,一拖股份,河南,主板,SSE,20120808,机械设备,专用设备,农用机械,850723.SI
601015.SH,601015,陕西黑猫,陕西,主板,SSE,20141105,煤炭,焦炭Ⅱ,焦炭Ⅲ,859521.SI
603219.SH,603219,富佳股份,浙江,主板,SSE,20211122,家用电器,小家电,清洁小家电,851132.SI
603233.SH,603233,大参林,广东,主板,SSE,20170731,医药生物,医药商业,线下药店,851543.SI
603255.SH,603255,鼎际得,辽宁,主板,SSE,20220818,基础化工,化学制品,其他化学制品,850339.SI
603291.SH,603291,联合水务,江苏,主板,SSE,20230327,环保,环境治理,水务及水治理,859712.SI
603313.SH,603313,梦百合,江苏,主板,SSE,20161013,轻工制造,家居用品,成品家居,851437.SI
603322.SH,603322,超讯科技,广东,主板,SSE,20160728,通信,通信服务,通信工程及服务,852213.SI
605507.SH,605507,国邦医药,浙江,主板,SSE,20210802,医药生物,化学制药,原料药,851511.SI
603277.SH,603277,银都股份,浙江,主板,SSE,20170911,机械设备,通用设备,制冷空调设备,850715.SI
603285.SH,603285,键邦股份,山东,主板,SSE,20240705,基础化工,化学制品,其他化学制品,850339.SI
603309.SH,603309,维力医疗,广东,主板,SSE,20150302,医药生物,医疗器械,医疗耗材,851533.SI
603338.SH,603338,浙江鼎力,浙江,主板,SSE,20150325,机械设备,工程机械,工程机械整机,850771.SI
603516.SH,603516,淳中科技,北京,主板,SSE,20180202,计算机,计算机设备,其他计算机设备,850703.SI
688010.SH,688010,福光股份,福建,科创板,SSE,20190722,电子,光学光电子,光学元件,850833.SI
603262.SH,603262,技源集团,江苏,主板,SSE,20250723,食品饮料,食品加工,保健品,851247.SI
603318.SH,603318,水发燃气,辽宁,主板,SSE,20150424,公用事业,燃气Ⅱ,燃气Ⅲ,851631.SI
603333.SH,603333,福华尚纬,四川,主板,SSE,20120507,电力设备,电网设备,线缆部件及其他,857344.SI
603586.SH,603586,金麒麟,山东,主板,SSE,20170406,汽车,汽车零部件,底盘与发动机系统,850923.SI
688067.SH,688067,爱威科技,湖南,科创板,SSE,20210616,医药生物,医疗器械,体外诊断,851534.SI
688089.SH,688089,ST嘉必优,湖北,科创板,SSE,20191219,基础化工,化学制品,食品及饲料添加剂,850135.SI
688100.SH,688100,威胜信息,湖南,科创板,SSE,20200121,通信,通信设备,通信终端及配件,851026.SI
600725.SH,600725,云维股份,云南,主板,SSE,19960702,煤炭,焦炭Ⅱ,焦炭Ⅲ,859521.SI
603585.SH,603585,苏利股份,江苏,主板,SSE,20161214,基础化工,农化制品,农药,850333.SI
603663.SH,603663,三祥新材,福建,主板,SSE,20160801,基础化工,化学原料,无机盐,850323.SI
603666.SH,603666,亿嘉和,江苏,主板,SSE,20180612,机械设备,自动化设备,机器人,850781.SI
688109.SH,688109,品茗科技,浙江,科创板,SSE,20210330,计算机,软件开发,垂直应用软件,851041.SI
600770.SH,600770,综艺股份,江苏,主板,SSE,19961120,综合,综合Ⅱ,综合Ⅲ,852311.SI
603408.SH,603408,建霖家居,福建,主板,SSE,20200730,轻工制造,家居用品,卫浴制品,851439.SI
603688.SH,603688,石英股份,江苏,主板,SSE,20141031,基础化工,非金属材料Ⅱ,非金属材料Ⅲ,850523.SI
603717.SH,603717,天域生物,重庆,主板,SSE,20170327,农林牧渔,养殖业,生猪养殖,850172.SI
600790.SH,600790,轻纺城,浙江,主板,SSE,19970228,商贸零售,一般零售,商业物业经营,852034.SI
603381.SH,603381,永臻股份,江苏,主板,SSE,20240626,电力设备,光伏设备,光伏辅材,857354.SI
603511.SH,603511,爱慕股份,北京,主板,SSE,20210531,纺织服饰,服装家纺,非运动服装,851329.SI
603529.SH,603529,爱玛科技,天津,主板,SSE,20210615,汽车,摩托车及其他,其他运输设备,858811.SI
688189.SH,688189,ST南新,湖南,科创板,SSE,20200326,医药生物,化学制药,化学制剂,851512.SI
688220.SH,688220,翱捷科技,上海,科创板,SSE,20220114,电子,半导体,模拟芯片设计,850815.SI
603007.SH,603007,顺景科技,江苏,主板,SSE,20160826,汽车,汽车零部件,底盘与发动机系统,850923.SI
603678.SH,603678,火炬电子,福建,主板,SSE,20150126,国防军工,军工电子Ⅱ,军工电子Ⅲ,857451.SI
603722.SH,603722,阿科力,江苏,主板,SSE,20171025,基础化工,化学制品,其他化学制品,850339.SI
603813.SH,603813,原尚股份,广东,主板,SSE,20170918,交通运输,物流,公路货运,851787.SI
688187.SH,688187,时代电气,湖南,科创板,SSE,20210907,机械设备,轨交设备Ⅱ,轨交设备Ⅲ,850936.SI
688188.SH,688188,柏楚电子,上海,科创板,SSE,20190808,计算机,计算机设备,其他计算机设备,850703.SI
688195.SH,688195,腾景科技,福建,科创板,SSE,20210326,电子,光学光电子,光学元件,850833.SI
688219.SH,688219,会通股份,安徽,科创板,SSE,20201118,基础化工,塑料,改性塑料,850353.SI
603618.SH,603618,杭电股份,浙江,主板,SSE,20150217,电力设备,电网设备,线缆部件及其他,857344.SI
603711.SH,603711,香飘飘,浙江,主板,SSE,20171130,食品饮料,饮料乳品,软饮料,851271.SI
603901.SH,603901,永创智能,浙江,主板,SSE,20150529,机械设备,专用设备,印刷包装机械,850726.SI
603908.SH,603908,牧高笛,浙江,主板,SSE,20170307,纺织服饰,服装家纺,鞋帽及其他,851325.SI
603919.SH,603919,金徽酒,甘肃,主板,SSE,20160310,食品饮料,白酒Ⅱ,白酒Ⅲ,851251.SI
688239.SH,688239,航宇科技,贵州,科创板,SSE,20210705,国防军工,航空装备Ⅱ,航空装备Ⅲ,857421.SI
603696.SH,603696,安记食品,福建,主板,SSE,20151209,食品饮料,调味发酵品Ⅱ,调味发酵品Ⅲ,851242.SI
603737.SH,603737,三棵树,福建,主板,SSE,20160603,建筑材料,装修建材,涂料,850618.SI
603869.SH,603869,ST智知,广西,主板,SSE,20150326,计算机,IT服务Ⅱ,IT服务Ⅲ,852226.SI
603879.SH,603879,永悦科技,江苏,主板,SSE,20170614,基础化工,塑料,合成树脂,850354.SI
603882.SH,603882,金域医学,广东,主板,SSE,20170908,医药生物,医疗服务,诊断服务,851562.SI
603757.SH,603757,大元泵业,浙江,主板,SSE,20170711,机械设备,通用设备,其他通用设备,850716.SI
603823.SH,603823,百合花,浙江,主板,SSE,20161220,基础化工,化学制品,涂料油墨,850335.SI
603866.SH,603866,桃李面包,辽宁,主板,SSE,20151222,食品饮料,休闲食品,烘焙食品,851282.SI
603886.SH,603886,元祖股份,上海,主板,SSE,20161228,食品饮料,休闲食品,烘焙食品,851282.SI
603937.SH,603937,丽岛新材,江苏,主板,SSE,20171102,有色金属,工业金属,铝,850551.SI
603939.SH,603939,益丰药房,湖南,主板,SSE,20150217,医药生物,医药商业,线下药店,851543.SI
605008.SH,605008,长鸿高科,浙江,主板,SSE,20200821,基础化工,塑料,其他塑料制品,850351.SI
600992.SH,600992,贵绳股份,贵州,主板,SSE,20040514,机械设备,通用设备,金属制品,850751.SI
603826.SH,603826,坤彩科技,福建,主板,SSE,20170414,基础化工,非金属材料Ⅱ,非金属材料Ⅲ,850523.SI
603926.SH,603926,铁流股份,浙江,主板,SSE,20170510,汽车,汽车零部件,底盘与发动机系统,850923.SI
605009.SH,605009,豪悦护理,浙江,主板,SSE,20200911,美容护理,个护用品,生活用纸,859811.SI
605116.SH,605116,奥锐特,浙江,主板,SSE,20200921,医药生物,化学制药,原料药,851511.SI
605117.SH,605117,德业股份,浙江,主板,SSE,20210420,电力设备,光伏设备,逆变器,857353.SI
688311.SH,688311,盟升电子,四川,科创板,SSE,20200731,国防军工,军工电子Ⅱ,军工电子Ⅲ,857451.SI
688338.SH,688338,赛科希德,北京,科创板,SSE,20200806,医药生物,医疗器械,体外诊断,851534.SI
688365.SH,688365,光云科技,浙江,科创板,SSE,20200429,计算机,IT服务Ⅱ,IT服务Ⅲ,852226.SI
603903.SH,603903,中持股份,北京,主板,SSE,20170314,环保,环境治理,水务及水治理,859712.SI
603912.SH,603912,佳力图,江苏,主板,SSE,20171101,机械设备,通用设备,制冷空调设备,850715.SI
605077.SH,605077,华康股份,浙江,主板,SSE,20210209,基础化工,化学制品,食品及饲料添加剂,850135.SI
605136.SH,605136,丽人丽妆,上海,主板,SSE,20200929,商贸零售,互联网电商,电商服务,852063.SI
605198.SH,605198,安德利,山东,主板,SSE,20200918,农林牧渔,农产品加工,果蔬加工,850151.SI
688370.SH,688370,丛麟科技,上海,科创板,SSE,20220825,环保,环境治理,固废治理,859713.SI
603896.SH,603896,寿仙谷,浙江,主板,SSE,20170510,医药生物,中药Ⅱ,中药Ⅲ,851521.SI
603977.SH,603977,国泰集团,江西,主板,SSE,20161111,基础化工,化学制品,民爆制品,850337.SI
605167.SH,605167,利柏特,江苏,主板,SSE,20210726,建筑装饰,专业工程,化学工程,857242.SI
605183.SH,605183,确成股份,江苏,主板,SSE,20201207,基础化工,橡胶,炭黑,850363.SI
688388.SH,688388,嘉元科技,广东,科创板,SSE,20190722,电力设备,电池,锂电池,857371.SI
688389.SH,688389,普门科技,深圳,科创板,SSE,20191105,医药生物,医疗器械,体外诊断,851534.SI
688400.SH,688400,凌云光,北京,科创板,SSE,20220706,机械设备,专用设备,其他专用设备,850727.SI
603278.SH,603278,大业股份,山东,主板,SSE,20171113,机械设备,通用设备,金属制品,850751.SI
603988.SH,603988,中电电机,江苏,主板,SSE,20141104,电力设备,电机Ⅱ,电机Ⅲ,850741.SI
605056.SH,605056,咸亨国际,浙江,主板,SSE,20210720,机械设备,通用设备,仪器仪表,850731.SI
605089.SH,605089,味知香,江苏,主板,SSE,20210427,食品饮料,食品加工,预加工食品,851246.SI
688392.SH,688392,骄成超声,上海,科创板,SSE,20220927,电力设备,电池,锂电专用设备,857373.SI
601579.SH,601579,会稽山,浙江,主板,SSE,20140825,食品饮料,非白酒,其他酒类,851233.SI
605298.SH,605298,必得科技,江苏,主板,SSE,20210301,机械设备,轨交设备Ⅱ,轨交设备Ⅲ,850936.SI
605338.SH,605338,巴比食品,上海,主板,SSE,20201012,食品饮料,食品加工,预加工食品,851246.SI
605388.SH,605388,均瑶健康,湖北,主板,SSE,20200818,食品饮料,饮料乳品,乳品,851243.SI
688028.SH,688028,沃尔德,北京,科创板,SSE,20190722,机械设备,通用设备,磨具磨料,850713.SI
688045.SH,688045,必易微,深圳,科创板,SSE,20220526,电子,半导体,模拟芯片设计,850815.SI
688047.SH,688047,龙芯中科,北京,科创板,SSE,20220624,电子,半导体,数字芯片设计,850814.SI
688072.SH,688072,拓荆科技,辽宁,科创板,SSE,20220420,电子,半导体,半导体设备,850818.SI
688516.SH,688516,奥特维,江苏,科创板,SSE,20200521,电力设备,光伏设备,光伏加工设备,857355.SI
601702.SH,601702,华峰铝业,上海,主板,SSE,20200907,有色金属,工业金属,铝,850551.SI
605303.SH,605303,园林股份,浙江,主板,SSE,20210301,建筑装饰,基础建设,园林工程,857251.SI
605305.SH,605305,中际联合,北京,主板,SSE,20210506,机械设备,工程机械,工程机械整机,850771.SI
688007.SH,688007,光峰科技,深圳,科创板,SSE,20190722,电子,消费电子,品牌消费电子,850853.SI
688029.SH,688029,南微医学,江苏,科创板,SSE,20190722,医药生物,医疗器械,医疗耗材,851533.SI
688506.SH,688506,百利天恒,四川,科创板,SSE,20230106,医药生物,化学制药,化学制剂,851512.SI
688536.SH,688536,思瑞浦,江苏,科创板,SSE,20200921,电子,半导体,模拟芯片设计,850815.SI
601890.SH,601890,亚星锚链,江苏,主板,SSE,20101228,国防军工,航海装备Ⅱ,航海装备Ⅲ,850935.SI
605368.SH,605368,蓝天燃气,河南,主板,SSE,20210129,公用事业,燃气Ⅱ,燃气Ⅲ,851631.SI
605500.SH,605500,森林包装,浙江,主板,SSE,20201222,轻工制造,造纸,大宗用纸,851412.SI
605599.SH,605599,菜百股份,北京,主板,SSE,20210909,纺织服饰,饰品,钟表珠宝,851331.SI
688030.SH,688030,山石网科,江苏,科创板,SSE,20190930,计算机,软件开发,横向通用软件,851042.SI
688046.SH,688046,药康生物,江苏,科创板,SSE,20220425,医药生物,医疗服务,医疗研发外包,851563.SI
688062.SH,688062,迈威生物,上海,科创板,SSE,20220118,医药生物,化学制药,化学制剂,851512.SI
688071.SH,688071,华依科技,上海,科创板,SSE,20210729,机械设备,专用设备,其他专用设备,850727.SI
688106.SH,688106,金宏气体,江苏,科创板,SSE,20200616,电子,电子化学品Ⅱ,电子化学品Ⅲ,850861.SI
688567.SH,688567,孚能科技,江西,科创板,SSE,20200717,电力设备,电池,锂电池,857371.SI
688588.SH,688588,凌志软件,江苏,科创板,SSE,20200511,计算机,软件开发,垂直应用软件,851041.SI
601992.SH,601992,金隅集团,北京,主板,SSE,20110301,建筑材料,水泥,水泥制造,857111.SI
688123.SH,688123,聚辰股份,上海,科创板,SSE,20191223,电子,半导体,数字芯片设计,850814.SI
688585.SH,688585,上纬新材,上海,科创板,SSE,20200928,基础化工,塑料,合成树脂,850354.SI
688590.SH,688590,新致软件,上海,科创板,SSE,20201207,计算机,软件开发,垂直应用软件,851041.SI
688607.SH,688607,康众医疗,江苏,科创板,SSE,20210201,医药生物,医疗器械,医疗设备,851532.SI
688611.SH,688611,杭州柯林,浙江,科创板,SSE,20210412,电力设备,电网设备,电网自动化设备,857321.SI
603029.SH,603029,天鹅股份,山东,主板,SSE,20160427,机械设备,专用设备,农用机械,850723.SI
603587.SH,603587,地素时尚,上海,主板,SSE,20180622,纺织服饰,服装家纺,非运动服装,851329.SI
688049.SH,688049,炬芯科技,广东,科创板,SSE,20211129,电子,半导体,数字芯片设计,850814.SI
688115.SH,688115,思林杰,广东,科创板,SSE,20220314,机械设备,通用设备,仪器仪表,850731.SI
688615.SH,688615,合合信息,上海,科创板,SSE,20240926,计算机,软件开发,垂直应用软件,851041.SI
603068.SH,603068,博通集成,上海,主板,SSE,20190415,电子,半导体,模拟芯片设计,850815.SI
688103.SH,688103,国力电子,江苏,科创板,SSE,20210910,电子,其他电子Ⅱ,其他电子Ⅲ,850841.SI
688117.SH,688117,圣诺生物,四川,科创板,SSE,20210603,医药生物,化学制药,化学制剂,851512.SI
688191.SH,688191,智洋创新,山东,科创板,SSE,20210408,电力设备,电网设备,电网自动化设备,857321.SI
603105.SH,603105,芯能科技,浙江,主板,SSE,20180709,公用事业,电力,光伏发电,851616.SI
688137.SH,688137,近岸蛋白,江苏,科创板,SSE,20220929,医药生物,生物制品,其他生物制品,851524.SI
688158.SH,688158,优刻得,上海,科创板,SSE,20200120,计算机,IT服务Ⅱ,IT服务Ⅲ,852226.SI
688616.SH,688616,西力科技,浙江,科创板,SSE,20210318,电力设备,电网设备,电工仪器仪表,857323.SI
688617.SH,688617,惠泰医疗,深圳,科创板,SSE,20210107,医药生物,医疗器械,医疗耗材,851533.SI
688619.SH,688619,罗普特,福建,科创板,SSE,20210223,计算机,计算机设备,安防设备,850702.SI
603859.SH,603859,能科科技,北京,主板,SSE,20161021,计算机,IT服务Ⅱ,IT服务Ⅲ,852226.SI
688177.SH,688177,百奥泰,广东,科创板,SSE,20200221,医药生物,生物制品,其他生物制品,851524.SI
688183.SH,688183,生益电子,广东,科创板,SSE,20210225,电子,元件,印制电路板,850822.SI
688211.SH,688211,中科微至,江苏,科创板,SSE,20211026,机械设备,专用设备,其他专用设备,850727.SI
688621.SH,688621,阳光诺和,北京,科创板,SSE,20210621,医药生物,医疗服务,医疗研发外包,851563.SI
688622.SH,688622,*ST禾信,广东,科创板,SSE,20210913,机械设备,通用设备,仪器仪表,850731.SI
688623.SH,688623,双元科技,浙江,科创板,SSE,20230608,机械设备,自动化设备,其他自动化设备,850784.SI
688625.SH,688625,呈和科技,广东,科创板,SSE,20210607,基础化工,化学制品,其他化学制品,850339.SI
688627.SH,688627,精智达,深圳,科创板,SSE,20230718,机械设备,通用设备,仪器仪表,850731.SI
688628.SH,688628,优利德,广东,科创板,SSE,20210201,机械设备,通用设备,仪器仪表,850731.SI
688629.SH,688629,华丰科技,四川,科创板,SSE,20230627,国防军工,军工电子Ⅱ,军工电子Ⅲ,857451.SI
688630.SH,688630,芯碁微装,安徽,科创板,SSE,20210401,机械设备,专用设备,其他专用设备,850727.SI
688631.SH,688631,莱斯信息,江苏,科创板,SSE,20230628,计算机,软件开发,垂直应用软件,851041.SI
688633.SH,688633,星球石墨,江苏,科创板,SSE,20210324,机械设备,专用设备,能源及重型设备,850725.SI
603190.SH,603190,亚通精工,山东,主板,SSE,20230217,汽车,汽车零部件,其他汽车零部件,850925.SI
688279.SH,688279,峰岹科技,深圳,科创板,SSE,20220420,电子,半导体,数字芯片设计,850814.SI
688636.SH,688636,智明达,四川,科创板,SSE,20210408,国防军工,军工电子Ⅱ,军工电子Ⅲ,857451.SI
688638.SH,688638,誉辰智能,深圳,科创板,SSE,20230712,电力设备,电池,锂电专用设备,857373.SI
688639.SH,688639,华恒生物,安徽,科创板,SSE,20210422,基础化工,化学制品,食品及饲料添加剂,850135.SI
688646.SH,688646,逸飞激光,湖北,科创板,SSE,20230728,机械设备,自动化设备,激光设备,850783.SI
688648.SH,688648,中邮科技,上海,科创板,SSE,20231113,机械设备,专用设备,其他专用设备,850727.SI
688651.SH,688651,盛邦安全,北京,科创板,SSE,20230726,计算机,软件开发,横向通用软件,851042.SI
688652.SH,688652,京仪装备,北京,科创板,SSE,20231129,电子,半导体,半导体设备,850818.SI
688653.SH,688653,康希通信,上海,科创板,SSE,20231117,电子,半导体,模拟芯片设计,850815.SI
688655.SH,688655,迅捷兴,深圳,科创板,SSE,20210511,电子,元件,印制电路板,850822.SI
688656.SH,688656,浩欧博,江苏,科创板,SSE,20210113,医药生物,医疗器械,体外诊断,851534.SI
688657.SH,688657,浩辰软件,江苏,科创板,SSE,20231010,计算机,软件开发,垂直应用软件,851041.SI
688658.SH,688658,悦康药业,北京,科创板,SSE,20201224,医药生物,化学制药,化学制剂,851512.SI
920171.BJ,920171,志晟信息,河北,北交所,BSE,20211115,计算机,IT服务Ⅱ,IT服务Ⅲ,852226.SI
920174.BJ,920174,五新智能,湖南,北交所,BSE,20210820,机械设备,工程机械,工程机械整机,850771.SI
920199.BJ,920199,倍益康,四川,北交所,BSE,20221201,家用电器,小家电,个护小家电,851133.SI
920227.BJ,920227,美登科技,浙江,北交所,BSE,20221228,计算机,IT服务Ⅱ,IT服务Ⅲ,852226.SI
920230.BJ,920230,欧康医药,四川,北交所,BSE,20221209,医药生物,化学制药,原料药,851511.SI
920339.BJ,920339,恒太照明,江苏,北交所,BSE,20221117,家用电器,照明设备Ⅱ,照明设备Ⅲ,851151.SI
920344.BJ,920344,三元基因,北京,北交所,BSE,20210108,医药生物,生物制品,其他生物制品,851524.SI
603227.SH,603227,雪峰科技,新疆,主板,SSE,20150515,基础化工,化学制品,民爆制品,850337.SI
688234.SH,688234,天岳先进,山东,科创板,SSE,20220112,电子,半导体,半导体材料,850813.SI
688256.SH,688256,寒武纪,北京,科创板,SSE,20200720,电子,半导体,数字芯片设计,850814.SI
688269.SH,688269,凯立新材,陕西,科创板,SSE,20210609,基础化工,化学制品,其他化学制品,850339.SI
688300.SH,688300,联瑞新材,江苏,科创板,SSE,20191115,基础化工,非金属材料Ⅱ,非金属材料Ⅲ,850523.SI
920237.BJ,920237,力佳科技,湖北,北交所,BSE,20221125,电力设备,电池,锂电池,857371.SI
920270.BJ,920270,天铭科技,浙江,北交所,BSE,20220902,汽车,汽车零部件,车身附件及饰件,850922.SI
920271.BJ,920271,邦德股份,山东,北交所,BSE,20220602,汽车,汽车零部件,底盘与发动机系统,850923.SI
920273.BJ,920273,一致魔芋,湖北,北交所,BSE,20230221,农林牧渔,农产品加工,其他农产品加工,850154.SI
920274.BJ,920274,宏裕包材,湖北,北交所,BSE,20230818,轻工制造,包装印刷,塑料包装,851424.SI
920275.BJ,920275,驱动力,广东,北交所,BSE,20210125,农林牧渔,动物保健Ⅱ,动物保健Ⅲ,850181.SI
920278.BJ,920278,鹿得医疗,江苏,北交所,BSE,20200727,医药生物,医疗器械,医疗设备,851532.SI
920284.BJ,920284,灵鸽科技,江苏,北交所,BSE,20231219,机械设备,专用设备,其他专用设备,850727.SI
920299.BJ,920299,灿能电力,江苏,北交所,BSE,20220610,电力设备,电网设备,电网自动化设备,857321.SI
920304.BJ,920304,迪尔化工,山东,北交所,BSE,20230418,基础化工,化学原料,其他化学原料,850324.SI
920346.BJ,920346,威贸电子,上海,北交所,BSE,20220223,电子,消费电子,消费电子零部件及组装,850854.SI
920351.BJ,920351,华光源海,湖南,北交所,BSE,20221229,交通运输,物流,跨境物流,851785.SI
920357.BJ,920357,雅葆轩,安徽,北交所,BSE,20221118,电子,消费电子,消费电子零部件及组装,850854.SI
603982.SH,603982,泉峰汽车,江苏,主板,SSE,20190522,汽车,汽车零部件,底盘与发动机系统,850923.SI
688257.SH,688257,新锐股份,江苏,科创板,SSE,20211027,机械设备,通用设备,金属制品,850751.SI
688299.SH,688299,长阳科技,浙江,科创板,SSE,20191106,电子,光学光电子,面板,850831.SI
920245.BJ,920245,威博液压,江苏,北交所,BSE,20220106,机械设备,工程机械,工程机械器件,850772.SI
920247.BJ,920247,华密新材,河北,北交所,BSE,20221223,汽车,汽车零部件,其他汽车零部件,850925.SI
920249.BJ,920249,利尔达,浙江,北交所,BSE,20230217,通信,通信设备,通信终端及配件,851026.SI
920252.BJ,920252,天宏锂电,浙江,北交所,BSE,20230119,电力设备,电池,锂电池,857371.SI
920260.BJ,920260,中寰股份,四川,北交所,BSE,20211115,机械设备,通用设备,金属制品,850751.SI
920261.BJ,920261,一诺威,山东,北交所,BSE,20230403,基础化工,化学制品,聚氨酯,850372.SI
920262.BJ,920262,太湖雪,江苏,北交所,BSE,20221230,纺织服饰,服装家纺,家纺,851326.SI
920263.BJ,920263,中航泰达,北京,北交所,BSE,20200727,环保,环境治理,大气治理,859711.SI
920300.BJ,920300,辰光医疗,上海,北交所,BSE,20221207,医药生物,医疗器械,医疗设备,851532.SI
920363.BJ,920363,莱赛激光,江苏,北交所,BSE,20231228,机械设备,通用设备,仪器仪表,850731.SI
920370.BJ,920370,新安洁,重庆,北交所,BSE,20200727,环保,环境治理,固废治理,859713.SI
920371.BJ,920371,欧福蛋业,江苏,北交所,BSE,20230118,农林牧渔,农产品加工,其他农产品加工,850154.SI
920374.BJ,920374,云里物里,深圳,北交所,BSE,20221129,通信,通信设备,其他通信设备,851027.SI
920375.BJ,920375,派诺科技,广东,北交所,BSE,20231214,电力设备,电网设备,电网自动化设备,857321.SI
920378.BJ,920378,泰德股份,山东,北交所,BSE,20220620,汽车,汽车零部件,底盘与发动机系统,850923.SI
920392.BJ,920392,佳合科技,江苏,北交所,BSE,20221230,轻工制造,包装印刷,纸包装,851425.SI
920394.BJ,920394,民士达,山东,北交所,BSE,20230425,轻工制造,造纸,特种纸,851413.SI
920395.BJ,920395,朗鸿科技,浙江,北交所,BSE,20220901,机械设备,专用设备,楼宇设备,850728.SI
688403.SH,688403,汇成股份,安徽,科创板,SSE,20220818,电子,半导体,集成电路封测,850817.SI
688408.SH,688408,中信博,江苏,科创板,SSE,20200828,电力设备,光伏设备,光伏辅材,857354.SI
688659.SH,688659,元琛科技,安徽,科创板,SSE,20210331,基础化工,化学制品,其他化学制品,850339.SI
688660.SH,688660,电气风电,上海,科创板,SSE,20210519,电力设备,风电设备,风电整机,857361.SI
688661.SH,688661,和林微纳,江苏,科创板,SSE,20210329,电子,半导体,半导体材料,850813.SI
688662.SH,688662,富信科技,广东,科创板,SSE,20210401,电子,其他电子Ⅱ,其他电子Ⅲ,850841.SI
688663.SH,688663,新风光,山东,科创板,SSE,20210413,电力设备,电网设备,电网自动化设备,857321.SI
688665.SH,688665,四方光电,湖北,科创板,SSE,20210209,机械设备,通用设备,仪器仪表,850731.SI
688667.SH,688667,菱电电控,湖北,科创板,SSE,20210312,汽车,汽车零部件,汽车电子电气系统,850926.SI
688682.SH,688682,霍莱沃,上海,科创板,SSE,20210420,国防军工,军工电子Ⅱ,军工电子Ⅲ,857451.SI
688683.SH,688683,莱尔科技,广东,科创板,SSE,20210412,电子,电子化学品Ⅱ,电子化学品Ⅲ,850861.SI
688685.SH,688685,迈信林,江苏,科创板,SSE,20210513,国防军工,航空装备Ⅱ,航空装备Ⅲ,857421.SI
688686.SH,688686,奥普特,广东,科创板,SSE,20201231,机械设备,自动化设备,其他自动化设备,850784.SI
688767.SH,688767,博拓生物,浙江,科创板,SSE,20210908,医药生物,医疗器械,体外诊断,851534.SI
688768.SH,688768,容知日新,安徽,科创板,SSE,20210726,机械设备,通用设备,仪器仪表,850731.SI
920169.BJ,920169,七丰精工,浙江,北交所,BSE,20220415,机械设备,通用设备,金属制品,850751.SI
688458.SH,688458,美芯晟,北京,科创板,SSE,20230522,电子,半导体,模拟芯片设计,850815.SI
688478.SH,688478,晶升股份,江苏,科创板,SSE,20230424,电子,半导体,半导体设备,850818.SI
688488.SH,688488,艾迪药业,江苏,科创板,SSE,20200720,医药生物,生物制品,其他生物制品,851524.SI
688489.SH,688489,三未信安,北京,科创板,SSE,20221202,计算机,计算机设备,安防设备,850702.SI
688668.SH,688668,鼎通科技,广东,科创板,SSE,20201221,通信,通信设备,通信网络设备及器件,851024.SI
688669.SH,688669,聚石化学,广东,科创板,SSE,20210125,基础化工,塑料,改性塑料,850353.SI
688670.SH,688670,金迪克,江苏,科创板,SSE,20210802,医药生物,生物制品,疫苗,851523.SI
688671.SH,688671,碧兴物联,深圳,科创板,SSE,20230809,环保,环保设备Ⅱ,环保设备Ⅲ,859721.SI
688676.SH,688676,金盘科技,海南,科创板,SSE,20210309,电力设备,电网设备,输变电设备,857381.SI
688677.SH,688677,海泰新光,山东,科创板,SSE,20210226,医药生物,医疗器械,医疗设备,851532.SI
688678.SH,688678,福立旺,江苏,科创板,SSE,20201223,电子,消费电子,消费电子零部件及组装,850854.SI
688679.SH,688679,通源环境,安徽,科创板,SSE,20201225,环保,环境治理,固废治理,859713.SI
920396.BJ,920396,常辅股份,江苏,北交所,BSE,20201118,机械设备,自动化设备,其他自动化设备,850784.SI
920402.BJ,920402,硅烷科技,河南,北交所,BSE,20220928,基础化工,化学制品,其他化学制品,850339.SI
920403.BJ,920403,康农种业,湖北,北交所,BSE,20240118,农林牧渔,种植业,种子,850111.SI
920405.BJ,920405,海希通讯,上海,北交所,BSE,20211105,机械设备,自动化设备,工控设备,850782.SI
920407.BJ,920407,驰诚股份,河南,北交所,BSE,20230216,机械设备,通用设备,仪器仪表,850731.SI
920414.BJ,920414,欧普泰,上海,北交所,BSE,20221212,电力设备,光伏设备,光伏加工设备,857355.SI
920415.BJ,920415,恒拓开源,河南,北交所,BSE,20200727,计算机,软件开发,垂直应用软件,851041.SI
920418.BJ,920418,苏轴股份,江苏,北交所,BSE,20200727,汽车,汽车零部件,底盘与发动机系统,850923.SI
920419.BJ,920419,路斯股份,山东,北交所,BSE,20220311,农林牧渔,饲料,宠物食品,850144.SI
920422.BJ,920422,润普食品,江苏,北交所,BSE,20230301,基础化工,化学制品,食品及饲料添加剂,850135.SI
603418.SH,603418,友升股份,上海,主板,SSE,20250923,汽车,汽车零部件,车身附件及饰件,850922.SI
688468.SH,688468,科美诊断,北京,科创板,SSE,20210409,医药生物,医疗器械,体外诊断,851534.SI
688530.SH,688530,欧莱新材,广东,科创板,SSE,20240509,电子,半导体,半导体材料,850813.SI
688531.SH,688531,日联科技,江苏,科创板,SSE,20230331,机械设备,专用设备,其他专用设备,850727.SI
688680.SH,688680,海优新材,上海,科创板,SSE,20210122,电力设备,光伏设备,光伏辅材,857354.SI
688681.SH,688681,科汇股份,山东,科创板,SSE,20210616,电力设备,电网设备,电网自动化设备,857321.SI
920425.BJ,920425,乐创技术,四川,北交所,BSE,20230130,机械设备,自动化设备,工控设备,850782.SI
920427.BJ,920427,华维设计,江西,北交所,BSE,20210205,建筑装饰,工程咨询服务Ⅱ,工程咨询服务Ⅲ,857261.SI
920429.BJ,920429,康比特,北京,北交所,BSE,20221215,食品饮料,食品加工,保健品,851247.SI
920433.BJ,920433,大唐药业,内蒙,北交所,BSE,20200727,医药生物,中药Ⅱ,中药Ⅲ,851521.SI
920445.BJ,920445,龙竹科技,福建,北交所,BSE,20200727,轻工制造,家居用品,定制家居,851438.SI
920454.BJ,920454,同心传动,河南,北交所,BSE,20211115,汽车,汽车零部件,底盘与发动机系统,850923.SI
920455.BJ,920455,汇隆活塞,辽宁,北交所,BSE,20230621,机械设备,专用设备,其他专用设备,850727.SI
920469.BJ,920469,富恒新材,深圳,北交所,BSE,20230918,基础化工,塑料,改性塑料,850353.SI
920471.BJ,920471,美邦科技,河北,北交所,BSE,20230525,基础化工,化学制品,其他化学制品,850339.SI
920475.BJ,920475,三友科技,浙江,北交所,BSE,20200727,机械设备,专用设备,其他专用设备,850727.SI
920476.BJ,920476,海能技术,山东,北交所,BSE,20221014,机械设备,通用设备,仪器仪表,850731.SI
920478.BJ,920478,峆一药业,安徽,北交所,BSE,20230223,医药生物,化学制药,原料药,851511.SI
920489.BJ,920489,佳先股份,安徽,北交所,BSE,20200727,基础化工,化学原料,其他化学原料,850324.SI
920493.BJ,920493,并行科技,北京,北交所,BSE,20231101,计算机,IT服务Ⅱ,IT服务Ⅲ,852226.SI
920496.BJ,920496,许昌智能,河南,北交所,BSE,20240126,电力设备,电网设备,输变电设备,857381.SI
920504.BJ,920504,博迅生物,上海,北交所,BSE,20230817,医药生物,医疗器械,医疗设备,851532.SI
920505.BJ,920505,九菱科技,湖北,北交所,BSE,20221221,机械设备,通用设备,金属制品,850751.SI
920508.BJ,920508,殷图网联,北京,北交所,BSE,20200727,电力设备,电网设备,电网自动化设备,857321.SI
920509.BJ,920509,同惠电子,江苏,北交所,BSE,20210111,机械设备,通用设备,仪器仪表,850731.SI
920510.BJ,920510,丰光精密,山东,北交所,BSE,20201228,机械设备,通用设备,金属制品,850751.SI
920519.BJ,920519,万德股份,陕西,北交所,BSE,20230915,基础化工,化学制品,其他化学制品,850339.SI
688485.SH,688485,九州一轨,北京,科创板,SSE,20230118,机械设备,轨交设备Ⅱ,轨交设备Ⅲ,850936.SI
688500.SH,688500,慧辰股份,北京,科创板,SSE,20200716,计算机,IT服务Ⅱ,IT服务Ⅲ,852226.SI
688510.SH,688510,航亚科技,江苏,科创板,SSE,20201216,国防军工,航空装备Ⅱ,航空装备Ⅲ,857421.SI
688549.SH,688549,中巨芯,浙江,科创板,SSE,20230908,电子,电子化学品Ⅱ,电子化学品Ⅲ,850861.SI
920522.BJ,920522,纳科诺尔,河北,北交所,BSE,20231116,电力设备,电池,锂电专用设备,857373.SI
920523.BJ,920523,德瑞锂电,广东,北交所,BSE,20210603,电力设备,电池,锂电池,857371.SI
920526.BJ,920526,凯华材料,天津,北交所,BSE,20221222,电子,电子化学品Ⅱ,电子化学品Ⅲ,850861.SI
920527.BJ,920527,夜光明,浙江,北交所,BSE,20221027,纺织服饰,纺织制造,辅料,851315.SI
920533.BJ,920533,骏创科技,江苏,北交所,BSE,20220524,汽车,汽车零部件,车身附件及饰件,850922.SI
920541.BJ,920541,铁大科技,上海,北交所,BSE,20230310,机械设备,轨交设备Ⅱ,轨交设备Ⅲ,850936.SI
920547.BJ,920547,无锡晶海,江苏,北交所,BSE,20231212,医药生物,生物制品,其他生物制品,851524.SI
920553.BJ,920553,凯腾精工,北京,北交所,BSE,20210806,机械设备,专用设备,印刷包装机械,850726.SI
920556.BJ,920556,雅达股份,广东,北交所,BSE,20230317,电力设备,电网设备,电工仪器仪表,857323.SI
920564.BJ,920564,天润科技,陕西,北交所,BSE,20220617,计算机,IT服务Ⅱ,IT服务Ⅲ,852226.SI
920566.BJ,920566,梓橦宫,四川,北交所,BSE,20210813,医药生物,化学制药,化学制剂,851512.SI
920570.BJ,920570,坤博精工,浙江,北交所,BSE,20231123,机械设备,通用设备,其他通用设备,850716.SI
920571.BJ,920571,国航远洋,福建,北交所,BSE,20221215,交通运输,航运港口,航运,851761.SI
920575.BJ,920575,*ST康乐,北京,北交所,BSE,20230315,医药生物,生物制品,疫苗,851523.SI
920576.BJ,920576,天力复合,陕西,北交所,BSE,20230712,有色金属,金属新材料,其他金属新材料,850521.SI
920578.BJ,920578,巨能股份,宁夏,北交所,BSE,20230512,机械设备,自动化设备,机器人,850781.SI
920579.BJ,920579,机科股份,北京,北交所,BSE,20231130,机械设备,自动化设备,机器人,850781.SI
920580.BJ,920580,科创新材,河南,北交所,BSE,20220513,建筑材料,装修建材,耐火材料,850615.SI
920592.BJ,920592,华信永道,北京,北交所,BSE,20230710,计算机,软件开发,垂直应用软件,851041.SI
920593.BJ,920593,鼎智科技,江苏,北交所,BSE,20230413,机械设备,自动化设备,机器人,850781.SI
920627.BJ,920627,力王股份,广东,北交所,BSE,20230907,电力设备,电池,蓄电池及其他电池,857375.SI
920634.BJ,920634,新威凌,湖南,北交所,BSE,20221124,有色金属,工业金属,铅锌,850553.SI
920639.BJ,920639,晨光电缆,浙江,北交所,BSE,20220712,电力设备,电网设备,线缆部件及其他,857344.SI
920640.BJ,920640,富士达,陕西,北交所,BSE,20200727,通信,通信设备,通信线缆及配套,851025.SI
920641.BJ,920641,格利尔,江苏,北交所,BSE,20221202,家用电器,照明设备Ⅱ,照明设备Ⅲ,851151.SI
920642.BJ,920642,通易航天,江苏,北交所,BSE,20210816,国防军工,航空装备Ⅱ,航空装备Ⅲ,857421.SI
688598.SH,688598,金博股份,湖南,科创板,SSE,20200518,基础化工,非金属材料Ⅱ,非金属材料Ⅲ,850523.SI
688618.SH,688618,三旺通信,深圳,科创板,SSE,20201230,通信,通信设备,通信网络设备及器件,851024.SI
920651.BJ,920651,天罡股份,山东,北交所,BSE,20230627,机械设备,通用设备,仪器仪表,850731.SI
920656.BJ,920656,海昇药业,浙江,北交所,BSE,20240202,医药生物,化学制药,原料药,851511.SI
920662.BJ,920662,方盛股份,江苏,北交所,BSE,20221128,机械设备,通用设备,其他通用设备,850716.SI
920663.BJ,920663,明阳科技,江苏,北交所,BSE,20230315,汽车,汽车零部件,车身附件及饰件,850922.SI
920665.BJ,920665,科强股份,江苏,北交所,BSE,20230926,基础化工,橡胶,其他橡胶制品,850362.SI
920670.BJ,920670,数字人,山东,北交所,BSE,20201208,医药生物,医疗服务,医疗研发外包,851563.SI
920675.BJ,920675,秉扬科技,四川,北交所,BSE,20201228,基础化工,非金属材料Ⅱ,非金属材料Ⅲ,850523.SI
920679.BJ,920679,前进科技,浙江,北交所,BSE,20231110,机械设备,通用设备,金属制品,850751.SI
920682.BJ,920682,球冠电缆,浙江,北交所,BSE,20200727,电力设备,电网设备,线缆部件及其他,857344.SI
920685.BJ,920685,新芝生物,浙江,北交所,BSE,20221010,机械设备,通用设备,仪器仪表,850731.SI
920689.BJ,920689,克莱特,山东,北交所,BSE,20220321,机械设备,通用设备,其他通用设备,850716.SI
920690.BJ,920690,捷众科技,浙江,北交所,BSE,20240105,汽车,汽车零部件,车身附件及饰件,850922.SI
920693.BJ,920693,阿为特,上海,北交所,BSE,20231027,机械设备,通用设备,金属制品,850751.SI
920694.BJ,920694,中裕科技,江苏,北交所,BSE,20230424,基础化工,橡胶,其他橡胶制品,850362.SI
920699.BJ,920699,海达尔,江苏,北交所,BSE,20230509,家用电器,家电零部件Ⅱ,家电零部件Ⅲ,851161.SI
920703.BJ,920703,广厦环能,北京,北交所,BSE,20231205,机械设备,专用设备,能源及重型设备,850725.SI
920726.BJ,920726,朱老六,吉林,北交所,BSE,20210527,食品饮料,调味发酵品Ⅱ,调味发酵品Ⅲ,851242.SI
920735.BJ,920735,德源药业,江苏,北交所,BSE,20210219,医药生物,化学制药,化学制剂,851512.SI
920748.BJ,920748,路桥信息,福建,北交所,BSE,20230816,计算机,IT服务Ⅱ,IT服务Ⅲ,852226.SI
920770.BJ,920770,艾能聚,浙江,北交所,BSE,20230228,电力设备,光伏设备,光伏电池组件,857352.SI
920779.BJ,920779,武汉蓝电,湖北,北交所,BSE,20230601,电力设备,电池,锂电专用设备,857373.SI
688570.SH,688570,天玛智控,北京,科创板,SSE,20230605,机械设备,自动化设备,工控设备,850782.SI
920717.BJ,920717,瑞星股份,河北,北交所,BSE,20230703,机械设备,专用设备,其他专用设备,850727.SI
920718.BJ,920718,合肥高科,安徽,北交所,BSE,20221222,家用电器,家电零部件Ⅱ,家电零部件Ⅲ,851161.SI
920719.BJ,920719,宁新新材,江西,北交所,BSE,20230526,基础化工,非金属材料Ⅱ,非金属材料Ⅲ,850523.SI
920720.BJ,920720,吉冈精密,江苏,北交所,BSE,20211124,机械设备,通用设备,金属制品,850751.SI
920725.BJ,920725,惠丰钻石,河南,北交所,BSE,20220718,机械设备,通用设备,磨具磨料,850713.SI
920753.BJ,920753,天纺标,天津,北交所,BSE,20221031,社会服务,专业服务,检测服务,852182.SI
920765.BJ,920765,美之高,深圳,北交所,BSE,20210705,轻工制造,家居用品,定制家居,851438.SI
920781.BJ,920781,瑞奇智造,四川,北交所,BSE,20221226,机械设备,专用设备,能源及重型设备,850725.SI
920786.BJ,920786,骑士乳业,内蒙,北交所,BSE,20231013,食品饮料,饮料乳品,乳品,851243.SI
920790.BJ,920790,联迪信息,江苏,北交所,BSE,20220902,计算机,IT服务Ⅱ,IT服务Ⅲ,852226.SI
920799.BJ,920799,艾融软件,上海,北交所,BSE,20200727,计算机,软件开发,垂直应用软件,851041.SI
920802.BJ,920802,保丽洁,江苏,北交所,BSE,20230206,环保,环境治理,大气治理,859711.SI
920806.BJ,920806,云星宇,北京,北交所,BSE,20240111,计算机,IT服务Ⅱ,IT服务Ⅲ,852226.SI
920807.BJ,920807,奔朗新材,广东,北交所,BSE,20221220,机械设备,通用设备,磨具磨料,850713.SI
920808.BJ,920808,曙光数创,北京,北交所,BSE,20221118,计算机,计算机设备,其他计算机设备,850703.SI
920819.BJ,920819,颖泰生物,北京,北交所,BSE,20200727,基础化工,农化制品,农药,850333.SI
688153.SH,688153,唯捷创芯,天津,科创板,SSE,20220412,电子,半导体,模拟芯片设计,850815.SI
688609.SH,688609,九联科技,广东,科创板,SSE,20210323,家用电器,黑色家电,其他黑色家电,851122.SI
688620.SH,688620,安凯微,广东,科创板,SSE,20230627,电子,半导体,数字芯片设计,850814.SI
920208.BJ,920208,青矩技术,北京,北交所,BSE,20230629,建筑装饰,工程咨询服务Ⅱ,工程咨询服务Ⅲ,857261.SI
920706.BJ,920706,铁拓机械,福建,北交所,BSE,20240308,机械设备,工程机械,工程机械整机,850771.SI
920809.BJ,920809,安达科技,贵州,北交所,BSE,20230323,电力设备,电池,电池化学品,857372.SI
920810.BJ,920810,春光智能,辽宁,北交所,BSE,20221216,机械设备,专用设备,印刷包装机械,850726.SI
920821.BJ,920821,则成电子,深圳,北交所,BSE,20220706,电子,元件,印制电路板,850822.SI
920832.BJ,920832,齐鲁华信,山东,北交所,BSE,20210223,基础化工,非金属材料Ⅱ,非金属材料Ⅲ,850523.SI
920833.BJ,920833,美心翼申,重庆,北交所,BSE,20231108,机械设备,通用设备,其他通用设备,850716.SI
920834.BJ,920834,三维装备,江苏,北交所,BSE,20220822,基础化工,橡胶,其他橡胶制品,850362.SI
920837.BJ,920837,华原股份,广西,北交所,BSE,20230515,汽车,汽车零部件,底盘与发动机系统,850923.SI
920839.BJ,920839,万通液压,山东,北交所,BSE,20201109,机械设备,工程机械,工程机械器件,850772.SI
689009.SH,689009,九号公司,北京,科创板,SSE,20201029,汽车,摩托车及其他,其他运输设备,858811.SI
688185.SH,688185,康希诺,天津,科创板,SSE,20200813,医药生物,生物制品,疫苗,851523.SI
688775.SH,688775,影石创新,深圳,科创板,SSE,20250611,电子,消费电子,品牌消费电子,850853.SI
688802.SH,688802,沐曦股份,上海,科创板,SSE,20251217,电子,半导体,数字芯片设计,850814.SI
688805.SH,688805,健信超导,浙江,科创板,SSE,20251224,医药生物,医疗器械,医疗设备,851532.SI
920792.BJ,920792,东和新材,辽宁,北交所,BSE,20230330,建筑材料,装修建材,耐火材料,850615.SI
920855.BJ,920855,浙江大农,浙江,北交所,BSE,20221229,机械设备,专用设备,其他专用设备,850727.SI
920856.BJ,920856,浩淼科技,安徽,北交所,BSE,20201225,机械设备,专用设备,其他专用设备,850727.SI
920857.BJ,920857,泓禧科技,重庆,北交所,BSE,20220228,电子,消费电子,消费电子零部件及组装,850854.SI
920866.BJ,920866,绿亨科技,广东,北交所,BSE,20221209,基础化工,农化制品,农药,850333.SI
920976.BJ,920976,视声智能,广东,北交所,BSE,20230901,计算机,计算机设备,安防设备,850702.SI
001220.SZ,001220,世盟股份,北京,主板,SZSE,20260203,交通运输,物流,中间产品及消费品供应链服务,851783.SI
001237.SZ,001237,惠康科技,浙江,主板,SZSE,20260522,机械设备,通用设备,制冷空调设备,850715.SI
001257.SZ,001257,盛龙股份,河南,主板,SZSE,20260331,有色金属,小金属,钼,850545.SI
001312.SZ,001312,福恩股份,浙江,主板,SZSE,20260421,纺织服饰,纺织制造,其他纺织,851316.SI
001365.SZ,001365,天海电子,河南,主板,SZSE,20260518,汽车,汽车零部件,汽车电子电气系统,850926.SI
001393.SZ,001393,维通利,北京,主板,SZSE,20260515,电力设备,电网设备,输变电设备,857381.SI
688206.SH,688206,概伦电子,上海,科创板,SSE,20211228,计算机,软件开发,垂直应用软件,851041.SI
688687.SH,688687,凯因科技,北京,科创板,SSE,20210208,医药生物,生物制品,其他生物制品,851524.SI
688689.SH,688689,银河微电,江苏,科创板,SSE,20210127,电子,半导体,分立器件,850812.SI
688690.SH,688690,纳微科技,江苏,科创板,SSE,20210623,医药生物,化学制药,原料药,851511.SI
688691.SH,688691,灿芯股份,上海,科创板,SSE,20240411,电子,半导体,集成电路制造,850816.SI
688692.SH,688692,达梦数据,湖北,科创板,SSE,20240612,计算机,软件开发,垂直应用软件,851041.SI
688693.SH,688693,锴威特,江苏,科创板,SSE,20230818,电子,半导体,分立器件,850812.SI
920175.BJ,920175,东方碳素,河南,北交所,BSE,20230630,基础化工,非金属材料Ⅱ,非金属材料Ⅲ,850523.SI
301513.SZ,301513,尚水智能,深圳,创业板,SZSE,20260417,电力设备,电池,锂电专用设备,857373.SI
301682.SZ,301682,宏明电子,四川,创业板,SZSE,20260325,国防军工,军工电子Ⅱ,军工电子Ⅲ,857451.SI
301683.SZ,301683,慧谷新材,广东,创业板,SZSE,20260401,基础化工,化学制品,涂料油墨,850335.SI
301696.SZ,301696,三瑞智能,江西,创业板,SZSE,20260410,电力设备,电机Ⅱ,电机Ⅲ,850741.SI
601112.SH,601112,振石股份,浙江,主板,SSE,20260129,建筑材料,玻璃玻纤,玻纤制造,857122.SI
603284.SH,603284,林平发展,安徽,主板,SSE,20260210,轻工制造,造纸,大宗用纸,851412.SI
603293.SH,603293,埃泰克,安徽,主板,SSE,20260416,汽车,汽车零部件,汽车电子电气系统,850926.SI
603407.SH,603407,长裕集团,山东,主板,SSE,20260511,有色金属,小金属,其他小金属,850544.SI
688781.SH,688781,视涯科技,安徽,科创板,SSE,20260325,电子,光学光电子,面板,850831.SI
688252.SH,688252,天德钰,深圳,科创板,SSE,20220927,电子,半导体,数字芯片设计,850814.SI
688695.SH,688695,中创股份,山东,科创板,SSE,20240313,计算机,软件开发,横向通用软件,851042.SI
688696.SH,688696,极米科技,四川,科创板,SSE,20210303,家用电器,黑色家电,其他黑色家电,851122.SI
603435.SH,603435,嘉德利,福建,主板,SSE,20260522,基础化工,塑料,膜材料,850355.SI
603459.SH,603459,红板科技,江西,主板,SSE,20260408,电子,元件,印制电路板,850822.SI
688635.SH,688635,长进光子,湖北,科创板,SSE,20260527,通信,通信设备,通信线缆及配套,851025.SI
688712.SH,688712,北芯生命,深圳,科创板,SSE,20260205,医药生物,医疗器械,医疗耗材,851533.SI
688785.SH,688785,恒运昌,深圳,科创板,SSE,20260128,电子,半导体,半导体设备,850818.SI
688808.SH,688808,联讯仪器,江苏,科创板,SSE,20260424,机械设备,通用设备,仪器仪表,850731.SI
688811.SH,688811,有研复材,北京,科创板,SSE,20260410,有色金属,金属新材料,其他金属新材料,850521.SI
688813.SH,688813,泰金新能,陕西,科创板,SSE,20260331,机械设备,专用设备,其他专用设备,850727.SI
688816.SH,688816,易思维,浙江,科创板,SSE,20260211,机械设备,自动化设备,其他自动化设备,850784.SI
920028.BJ,920028,新恒泰,浙江,北交所,BSE,20260320,基础化工,塑料,其他塑料制品,850351.SI
920119.BJ,920119,美德乐,辽宁,北交所,BSE,20260130,电力设备,电池,锂电专用设备,857373.SI
603992.SH,603992,松霖科技,福建,主板,SSE,20190826,轻工制造,家居用品,卫浴制品,851439.SI
688697.SH,688697,纽威数控,江苏,科创板,SSE,20210917,机械设备,通用设备,机床工具,850711.SI
688698.SH,688698,伟创电气,江苏,科创板,SSE,20201229,机械设备,自动化设备,工控设备,850782.SI
920167.BJ,920167,同享科技,江苏,北交所,BSE,20200727,电力设备,光伏设备,光伏辅材,857354.SI
920125.BJ,920125,鸿仕达,江苏,北交所,BSE,20260424,机械设备,自动化设备,其他自动化设备,850784.SI
920184.BJ,920184,国源科技,北京,北交所,BSE,20200727,计算机,IT服务Ⅱ,IT服务Ⅲ,852226.SI
920185.BJ,920185,贝特瑞,深圳,北交所,BSE,20200727,电力设备,电池,电池化学品,857372.SI
920207.BJ,920207,众诚科技,河南,北交所,BSE,20220923,计算机,软件开发,垂直应用软件,851041.SI
920212.BJ,920212,智新电子,山东,北交所,BSE,20210608,电子,消费电子,消费电子零部件及组装,850854.SI
920221.BJ,920221,易实精密,江苏,北交所,BSE,20230608,汽车,汽车零部件,其他汽车零部件,850925.SI
920223.BJ,920223,荣亿精密,浙江,北交所,BSE,20220609,机械设备,通用设备,金属制品,850751.SI
920225.BJ,920225,利通科技,河南,北交所,BSE,20210225,基础化工,橡胶,其他橡胶制品,850362.SI
688699.SH,688699,明微电子,深圳,科创板,SSE,20201218,电子,半导体,模拟芯片设计,850815.SI
688700.SH,688700,东威科技,江苏,科创板,SSE,20210615,机械设备,专用设备,其他专用设备,850727.SI
688701.SH,688701,卓锦股份,浙江,科创板,SSE,20210916,环保,环境治理,综合环境治理,859714.SI
688702.SH,688702,盛科通信,江苏,科创板,SSE,20230914,电子,半导体,数字芯片设计,850814.SI
688707.SH,688707,振华新材,贵州,科创板,SSE,20210914,电力设备,电池,电池化学品,857372.SI
920030.BJ,920030,德众汽车,湖南,北交所,BSE,20201127,汽车,汽车服务,汽车经销商,850232.SI
920035.BJ,920035,精创电气,江苏,北交所,BSE,20251202,机械设备,通用设备,仪器仪表,850731.SI
920037.BJ,920037,广信科技,湖南,北交所,BSE,20250626,电力设备,电网设备,线缆部件及其他,857344.SI
920146.BJ,920146,华阳变速,湖北,北交所,BSE,20210720,汽车,汽车零部件,底盘与发动机系统,850923.SI
920149.BJ,920149,旭杰科技,江苏,北交所,BSE,20200727,建筑装饰,工程咨询服务Ⅱ,工程咨询服务Ⅲ,857261.SI
920152.BJ,920152,昆工科技,云南,北交所,BSE,20220901,电力设备,电池,锂电专用设备,857373.SI
920160.BJ,920160,北矿检测,北京,北交所,BSE,20251118,社会服务,专业服务,检测服务,852182.SI
920163.BJ,920163,方大新材,河北,北交所,BSE,20200727,轻工制造,包装印刷,综合包装,851426.SI
920190.BJ,920190,雷神科技,山东,北交所,BSE,20221223,计算机,计算机设备,其他计算机设备,850703.SI
920195.BJ,920195,三祥科技,山东,北交所,BSE,20221230,汽车,汽车零部件,底盘与发动机系统,850923.SI
920198.BJ,920198,微创光电,湖北,北交所,BSE,20200727,计算机,计算机设备,安防设备,850702.SI
920039.BJ,920039,国义招标,广东,北交所,BSE,20210818,社会服务,专业服务,其他专业服务,852184.SI
920045.BJ,920045,蘅东光,深圳,北交所,BSE,20251231,通信,通信设备,通信网络设备及器件,851024.SI
920046.BJ,920046,亿能电力,江苏,北交所,BSE,20221013,电力设备,电网设备,输变电设备,857381.SI
920047.BJ,920047,诺思兰德,北京,北交所,BSE,20201124,医药生物,生物制品,其他生物制品,851524.SI
920050.BJ,920050,爱伦医疗,江苏,北交所,BSE,20260121,医药生物,医疗器械,医疗耗材,851533.SI
920056.BJ,920056,能之光,浙江,北交所,BSE,20250822,基础化工,塑料,其他塑料制品,850351.SI
920082.BJ,920082,方正阀门,浙江,北交所,BSE,20241226,机械设备,通用设备,金属制品,850751.SI
920086.BJ,920086,科马材料,浙江,北交所,BSE,20260116,汽车,汽车零部件,底盘与发动机系统,850923.SI
920100.BJ,920100,三协电机,江苏,北交所,BSE,20250908,电力设备,电机Ⅱ,电机Ⅲ,850741.SI
920118.BJ,920118,太湖远大,浙江,北交所,BSE,20240822,电力设备,电网设备,线缆部件及其他,857344.SI
920122.BJ,920122,中纺标,北京,北交所,BSE,20220927,社会服务,专业服务,检测服务,852182.SI
920145.BJ,920145,恒合股份,北京,北交所,BSE,20211115,环保,环保设备Ⅱ,环保设备Ⅲ,859721.SI
688061.SH,688061,灿瑞科技,上海,科创板,SSE,20221018,电子,半导体,模拟芯片设计,850815.SI
688708.SH,688708,佳驰科技,四川,科创板,SSE,20241205,国防军工,航空装备Ⅱ,航空装备Ⅲ,857421.SI
688709.SH,688709,成都华微,四川,科创板,SSE,20240207,电子,半导体,数字芯片设计,850814.SI
688710.SH,688710,益诺思,上海,科创板,SSE,20240903,医药生物,医疗服务,医疗研发外包,851563.SI
688711.SH,688711,宏微科技,江苏,科创板,SSE,20210901,电子,半导体,分立器件,850812.SI
688716.SH,688716,中研股份,吉林,科创板,SSE,20230920,基础化工,塑料,合成树脂,850354.SI
688717.SH,688717,艾罗能源,浙江,科创板,SSE,20240103,电力设备,光伏设备,逆变器,857353.SI
688718.SH,688718,唯赛勃,上海,科创板,SSE,20210728,基础化工,塑料,膜材料,850355.SI
688719.SH,688719,爱科赛博,陕西,科创板,SSE,20230928,电力设备,其他电源设备Ⅱ,其他电源设备Ⅲ,857336.SI
688720.SH,688720,艾森股份,江苏,科创板,SSE,20231206,电子,半导体,半导体材料,850813.SI
688721.SH,688721,龙图光罩,深圳,科创板,SSE,20240806,电子,半导体,半导体材料,850813.SI
688722.SH,688722,同益中,北京,科创板,SSE,20211019,基础化工,化学纤维,其他化学纤维,850344.SI
688726.SH,688726,拉普拉斯,深圳,科创板,SSE,20241029,电力设备,光伏设备,光伏加工设备,857355.SI
688776.SH,688776,国光电气,四川,科创板,SSE,20210831,国防军工,军工电子Ⅱ,军工电子Ⅲ,857451.SI
688777.SH,688777,中控技术,浙江,科创板,SSE,20201124,机械设备,自动化设备,工控设备,850782.SI
688800.SH,688800,瑞可达,江苏,科创板,SSE,20210722,电子,其他电子Ⅱ,其他电子Ⅲ,850841.SI
688098.SH,688098,申联生物,上海,科创板,SSE,20191028,农林牧渔,动物保健Ⅱ,动物保健Ⅲ,850181.SI
688599.SH,688599,天合光能,江苏,科创板,SSE,20200610,电力设备,光伏设备,光伏电池组件,857352.SI
688727.SH,688727,恒坤新材,福建,科创板,SSE,20251118,电子,半导体,半导体材料,850813.SI
688729.SH,688729,屹唐股份,北京,科创板,SSE,20250708,电子,半导体,半导体设备,850818.SI
688733.SH,688733,壹石通,安徽,科创板,SSE,20210817,电力设备,电池,电池化学品,857372.SI
688737.SH,688737,中自科技,四川,科创板,SSE,20211022,汽车,汽车零部件,其他汽车零部件,850925.SI
688739.SH,688739,成大生物,辽宁,科创板,SSE,20211028,医药生物,生物制品,疫苗,851523.SI
688750.SH,688750,金天钛业,湖南,科创板,SSE,20241120,有色金属,小金属,其他小金属,850544.SI
688755.SH,688755,汉邦科技,江苏,科创板,SSE,20250516,医药生物,医疗器械,医疗设备,851532.SI
688757.SH,688757,胜科纳米,江苏,科创板,SSE,20250325,社会服务,专业服务,检测服务,852182.SI
688758.SH,688758,赛分科技,江苏,科创板,SSE,20250110,医药生物,化学制药,原料药,851511.SI
688759.SH,688759,必贝特,广东,科创板,SSE,20251028,医药生物,化学制药,化学制剂,851512.SI
688765.SH,688765,禾元生物,湖北,科创板,SSE,20251028,医药生物,生物制品,血液制品,851522.SI
688766.SH,688766,普冉股份,上海,科创板,SSE,20210823,电子,半导体,数字芯片设计,850814.SI
920033.BJ,920033,康普化学,重庆,北交所,BSE,20221221,基础化工,化学制品,其他化学制品,850339.SI
920158.BJ,920158,长江能科,江苏,北交所,BSE,20251016,机械设备,专用设备,能源及重型设备,850725.SI
688778.SH,688778,厦钨新能,福建,科创板,SSE,20210805,电力设备,电池,电池化学品,857372.SI
688779.SH,688779,五矿新能,湖南,科创板,SSE,20210811,电力设备,电池,电池化学品,857372.SI
688783.SH,688783,西安奕材,陕西,科创板,SSE,20251028,电子,半导体,半导体材料,850813.SI
688786.SH,688786,悦安新材,江西,科创板,SSE,20210826,有色金属,金属新材料,磁性材料,850522.SI
688787.SH,688787,海天瑞声,北京,科创板,SSE,20210813,计算机,IT服务Ⅱ,IT服务Ⅲ,852226.SI
688788.SH,688788,科思科技,深圳,科创板,SSE,20201022,国防军工,军工电子Ⅱ,军工电子Ⅲ,857451.SI
688789.SH,688789,宏华数科,浙江,科创板,SSE,20210708,机械设备,专用设备,纺织服装设备,850721.SI
688790.SH,688790,昂瑞微,北京,科创板,SSE,20251216,电子,半导体,模拟芯片设计,850815.SI
688793.SH,688793,倍轻松,深圳,科创板,SSE,20210715,家用电器,小家电,个护小家电,851133.SI
688795.SH,688795,摩尔线程,北京,科创板,SSE,20251205,电子,半导体,数字芯片设计,850814.SI
688796.SH,688796,百奥赛图,北京,科创板,SSE,20251210,医药生物,医疗服务,医疗研发外包,851563.SI
688798.SH,688798,艾为电子,上海,科创板,SSE,20210816,电子,半导体,模拟芯片设计,850815.SI
688799.SH,688799,华纳药厂,湖南,科创板,SSE,20210713,医药生物,化学制药,化学制剂,851512.SI
920179.BJ,920179,凯德石英,北京,北交所,BSE,20220304,电子,半导体,半导体材料,850813.SI
920266.BJ,920266,生物谷,云南,北交所,BSE,20200727,医药生物,中药Ⅱ,中药Ⅲ,851521.SI
688809.SH,688809,强一股份,江苏,科创板,SSE,20251230,电子,半导体,半导体设备,850818.SI
688819.SH,688819,天能股份,浙江,科创板,SSE,20210118,电力设备,电池,蓄电池及其他电池,857375.SI
688981.SH,688981,中芯国际,上海,科创板,SSE,20200716,电子,半导体,集成电路制造,850816.SI
920000.BJ,920000,安徽凤凰,安徽,北交所,BSE,20201223,汽车,汽车零部件,底盘与发动机系统,850923.SI
920001.BJ,920001,纬达光电,广东,北交所,BSE,20221227,电子,光学光电子,面板,850831.SI
920057.BJ,920057,百甲科技,江苏,北交所,BSE,20230314,建筑装饰,专业工程,钢结构,857241.SI
920058.BJ,920058,华洋赛车,浙江,北交所,BSE,20230810,汽车,摩托车及其他,摩托车,858812.SI
920060.BJ,920060,万源通,江苏,北交所,BSE,20241119,电子,元件,印制电路板,850822.SI
920061.BJ,920061,西磁科技,浙江,北交所,BSE,20231221,机械设备,专用设备,其他专用设备,850727.SI
920062.BJ,920062,科润智控,浙江,北交所,BSE,20220713,电力设备,电网设备,输变电设备,857381.SI
920066.BJ,920066,科拜尔,安徽,北交所,BSE,20241031,基础化工,塑料,改性塑料,850353.SI
920068.BJ,920068,天工股份,江苏,北交所,BSE,20250513,有色金属,小金属,其他小金属,850544.SI
920075.BJ,920075,柏星龙,深圳,北交所,BSE,20221214,轻工制造,包装印刷,纸包装,851425.SI
920076.BJ,920076,国亮新材,河北,北交所,BSE,20260122,建筑材料,装修建材,耐火材料,850615.SI
920077.BJ,920077,吉林碳谷,吉林,北交所,BSE,20210831,基础化工,化学纤维,其他化学纤维,850344.SI
920080.BJ,920080,奥美森,广东,北交所,BSE,20251010,机械设备,专用设备,其他专用设备,850727.SI
688213.SH,688213,思特威,上海,科创板,SSE,20220520,电子,半导体,数字芯片设计,850814.SI
688728.SH,688728,格科微,上海,科创板,SSE,20210818,电子,半导体,数字芯片设计,850814.SI
920087.BJ,920087,秋乐种业,河南,北交所,BSE,20221207,农林牧渔,种植业,种子,850111.SI
920088.BJ,920088,科力股份,新疆,北交所,BSE,20241029,石油石化,油服工程,油田服务,859621.SI
920089.BJ,920089,禾昌聚合,江苏,北交所,BSE,20211109,基础化工,塑料,改性塑料,850353.SI
920090.BJ,920090,*ST同辉,北京,北交所,BSE,20210809,计算机,计算机设备,其他计算机设备,850703.SI
920091.BJ,920091,大鹏工业,黑龙江,北交所,BSE,20251121,机械设备,专用设备,其他专用设备,850727.SI
920092.BJ,920092,汉鑫科技,山东,北交所,BSE,20211115,计算机,IT服务Ⅱ,IT服务Ⅲ,852226.SI
920099.BJ,920099,瑞华技术,江苏,北交所,BSE,20240925,基础化工,化学制品,其他化学制品,850339.SI
920101.BJ,920101,志高机械,浙江,北交所,BSE,20250814,机械设备,工程机械,工程机械整机,850771.SI
920106.BJ,920106,林泰新材,江苏,北交所,BSE,20241218,汽车,汽车零部件,底盘与发动机系统,850923.SI
920108.BJ,920108,宏海科技,湖北,北交所,BSE,20250206,家用电器,家电零部件Ⅱ,家电零部件Ⅲ,851161.SI
920110.BJ,920110,雷特科技,广东,北交所,BSE,20221206,电力设备,其他电源设备Ⅱ,其他电源设备Ⅲ,857336.SI
920111.BJ,920111,聚星科技,浙江,北交所,BSE,20241111,电力设备,电网设备,配电设备,857382.SI
920112.BJ,920112,巴兰仕,上海,北交所,BSE,20250828,机械设备,专用设备,其他专用设备,850727.SI
920116.BJ,920116,星图测控,安徽,北交所,BSE,20250102,计算机,IT服务Ⅱ,IT服务Ⅲ,852226.SI
688772.SH,688772,珠海冠宇,广东,科创板,SSE,20211015,电力设备,电池,锂电池,857371.SI
688807.SH,688807,优迅股份,福建,科创板,SSE,20251219,电子,半导体,数字芯片设计,850814.SI
920002.BJ,920002,万达轴承,江苏,北交所,BSE,20240530,机械设备,通用设备,金属制品,850751.SI
920003.BJ,920003,中诚咨询,江苏,北交所,BSE,20251107,建筑装饰,工程咨询服务Ⅱ,工程咨询服务Ⅲ,857261.SI
920005.BJ,920005,鼎佳精密,江苏,北交所,BSE,20250731,电子,消费电子,消费电子零部件及组装,850854.SI
920006.BJ,920006,晟楠科技,江苏,北交所,BSE,20230518,国防军工,航空装备Ⅱ,航空装备Ⅲ,857421.SI
920007.BJ,920007,酉立智能,江苏,北交所,BSE,20250808,电力设备,光伏设备,光伏辅材,857354.SI
920008.BJ,920008,成电光信,四川,北交所,BSE,20240829,国防军工,军工电子Ⅱ,军工电子Ⅲ,857451.SI
920009.BJ,920009,丹娜生物,天津,北交所,BSE,20251103,医药生物,医疗器械,体外诊断,851534.SI
920010.BJ,920010,凯添燃气,宁夏,北交所,BSE,20200727,公用事业,燃气Ⅱ,燃气Ⅲ,851631.SI
920014.BJ,920014,特瑞斯,江苏,北交所,BSE,20221213,公用事业,燃气Ⅱ,燃气Ⅲ,851631.SI
920015.BJ,920015,锦华新材,浙江,北交所,BSE,20250925,基础化工,化学制品,有机硅,850136.SI
920016.BJ,920016,中草香料,安徽,北交所,BSE,20240913,基础化工,化学制品,食品及饲料添加剂,850135.SI
920017.BJ,920017,星昊医药,北京,北交所,BSE,20230531,医药生物,化学制药,化学制剂,851512.SI
920018.BJ,920018,宏远股份,辽宁,北交所,BSE,20250820,电力设备,电网设备,线缆部件及其他,857344.SI
920121.BJ,920121,江天科技,江苏,北交所,BSE,20251225,轻工制造,包装印刷,纸包装,851425.SI
688296.SH,688296,和达科技,浙江,科创板,SSE,20210727,计算机,软件开发,垂直应用软件,851041.SI
920019.BJ,920019,铜冠矿建,安徽,北交所,BSE,20241011,建筑装饰,专业工程,其他专业工程,857244.SI
920020.BJ,920020,泰凯英,山东,北交所,BSE,20251028,汽车,汽车零部件,轮胎轮毂,850924.SI
920021.BJ,920021,流金科技,北京,北交所,BSE,20200727,传媒,电视广播Ⅱ,电视广播Ⅲ,859951.SI
920022.BJ,920022,世昌股份,河北,北交所,BSE,20250919,汽车,汽车零部件,底盘与发动机系统,850923.SI
920023.BJ,920023,*ST田野,广西,北交所,BSE,20230202,农林牧渔,农产品加工,果蔬加工,850151.SI
920026.BJ,920026,卓兆点胶,江苏,北交所,BSE,20231019,机械设备,专用设备,其他专用设备,850727.SI
920027.BJ,920027,交大铁发,四川,北交所,BSE,20250610,机械设备,轨交设备Ⅱ,轨交设备Ⅲ,850936.SI
920029.BJ,920029,开发科技,四川,北交所,BSE,20250328,电力设备,电网设备,电工仪器仪表,857323.SI
920123.BJ,920123,芭薇股份,广东,北交所,BSE,20240329,美容护理,化妆品,化妆品制造及其他,859821.SI
920124.BJ,920124,南特科技,广东,北交所,BSE,20251127,家用电器,家电零部件Ⅱ,家电零部件Ⅲ,851161.SI
920128.BJ,920128,胜业电气,广东,北交所,BSE,20241129,电子,元件,被动元件,850823.SI
920130.BJ,920130,立方控股,浙江,北交所,BSE,20231102,计算机,IT服务Ⅱ,IT服务Ⅲ,852226.SI
920132.BJ,920132,泰鹏智能,山东,北交所,BSE,20231116,轻工制造,家居用品,成品家居,851437.SI
920139.BJ,920139,华岭股份,上海,北交所,BSE,20221028,电子,半导体,集成电路封测,850817.SI
920242.BJ,920242,建邦科技,山东,北交所,BSE,20200727,汽车,汽车零部件,底盘与发动机系统,850923.SI
920204.BJ,920204,沪江材料,江苏,北交所,BSE,20220118,轻工制造,包装印刷,塑料包装,851424.SI
920098.BJ,920098,科隆新材,陕西,北交所,BSE,20241205,基础化工,橡胶,其他橡胶制品,850362.SI
920267.BJ,920267,鑫汇科,深圳,北交所,BSE,20220527,电子,消费电子,消费电子零部件及组装,850854.SI
920436.BJ,920436,大地电气,江苏,北交所,BSE,20211115,汽车,汽车零部件,汽车电子电气系统,850926.SI
920438.BJ,920438,戈碧迦,湖北,北交所,BSE,20240325,电子,光学光电子,光学元件,850833.SI
920156.BJ,920156,海昌智能,河南,北交所,BSE,20260427,机械设备,专用设备,其他专用设备,850727.SI
920491.BJ,920491,奥迪威,广东,北交所,BSE,20220614,电子,元件,被动元件,850823.SI
688502.SH,688502,茂莱光学,江苏,科创板,SSE,20230309,电子,光学光电子,光学元件,850833.SI
920239.BJ,920239,长虹能源,四川,北交所,BSE,20210209,电力设备,电池,锂电池,857371.SI
920701.BJ,920701,豪声电子,浙江,北交所,BSE,20230719,电子,消费电子,消费电子零部件及组装,850854.SI
920367.BJ,920367,新赣江,江西,北交所,BSE,20230209,医药生物,化学制药,原料药,851511.SI
920368.BJ,920368,连城数控,辽宁,北交所,BSE,20200727,电力设备,光伏设备,光伏加工设备,857355.SI
920751.BJ,920751,惠同新材,湖南,北交所,BSE,20230717,有色金属,金属新材料,其他金属新材料,850521.SI
920768.BJ,920768,拾比佰,广东,北交所,BSE,20210628,家用电器,家电零部件Ⅱ,家电零部件Ⅲ,851161.SI
920826.BJ,920826,盖世食品,辽宁,北交所,BSE,20210112,食品饮料,食品加工,预加工食品,851246.SI
301531.SZ,301531,春光集团,山东,创业板,SZSE,20260511,有色金属,金属新材料,磁性材料,850522.SI
301599.SZ,301599,理奇智能,江苏,创业板,SZSE,20260430,电力设备,电池,锂电专用设备,857373.SI
301666.SZ,301666,大普微,深圳,创业板,SZSE,20260416,电子,半导体,数字芯片设计,850814.SI
301669.SZ,301669,高特电子,浙江,创业板,SZSE,20260609,电力设备,其他电源设备Ⅱ,其他电源设备Ⅲ,857336.SI
301680.SZ,301680,固德电材,江苏,创业板,SZSE,20260306,汽车,汽车零部件,其他汽车零部件,850925.SI
920161.BJ,920161,龙辰科技,湖北,北交所,BSE,20260527,电子,元件,被动元件,850823.SI
920166.BJ,920166,海圣医疗,浙江,北交所,BSE,20260212,医药生物,医疗器械,医疗耗材,851533.SI
920168.BJ,920168,通宝光电,江苏,北交所,BSE,20260226,汽车,汽车零部件,车身附件及饰件,850922.SI
688826.SH,688826,C频准,上海,科创板,SSE,20260818,机械设备,自动化设备,激光设备,850783.SI
301655.SZ,301655,C绿控传动,江苏,创业板,SZSE,20260820,汽车,汽车零部件,汽车电子电气系统,850926.SI
688836.SH,688836,C宇树,浙江,科创板,SSE,20260819,机械设备,自动化设备,机器人,850781.SI
920059.BJ,920059,双英集团,广西,北交所,BSE,20260819,汽车,汽车零部件,车身附件及饰件,850922.SI
688626.SH,688626,翔宇医疗,河南,科创板,SSE,20210331,医药生物,医疗器械,医疗设备,851532.SI
920599.BJ,920599,同力股份,陕西,北交所,BSE,20210222,机械设备,工程机械,工程机械整机,850771.SI
920608.BJ,920608,丰安股份,浙江,北交所,BSE,20221216,机械设备,专用设备,农用机械,850723.SI
688818.SH,688818,电科蓝天,天津,科创板,SSE,20260210,国防军工,航天装备Ⅱ,航天装备Ⅲ,857411.SI
688820.SH,688820,盛合晶微,江苏,科创板,SSE,20260421,电子,半导体,集成电路封测,850817.SI
920012.BJ,920012,创达新材,江苏,北交所,BSE,20260413,电子,半导体,半导体材料,850813.SI
920036.BJ,920036,觅睿科技,浙江,北交所,BSE,20260309,计算机,计算机设备,安防设备,850702.SI
920055.BJ,920055,隆源股份,浙江,北交所,BSE,20260331,汽车,汽车零部件,底盘与发动机系统,850923.SI
920069.BJ,920069,普昂医疗,浙江,北交所,BSE,20260327,医药生物,医疗器械,医疗耗材,851533.SI
920126.BJ,920126,永大股份,江苏,北交所,BSE,20260615,机械设备,专用设备,能源及重型设备,850725.SI
920159.BJ,920159,农大科技,山东,北交所,BSE,20260128,基础化工,农化制品,复合肥,850381.SI
920177.BJ,920177,恒道科技,浙江,北交所,BSE,20260416,机械设备,专用设备,其他专用设备,850727.SI
920178.BJ,920178,锐翔智能,广东,北交所,BSE,20260515,机械设备,自动化设备,其他自动化设备,850784.SI
603468.SH,603468,津富士达,天津,主板,SSE,20260806,汽车,摩托车及其他,其他运输设备,858811.SI
301717.SZ,301717,超纯应材,四川,创业板,SZSE,20260811,电子,半导体,半导体设备,850818.SI
920138.BJ,920138,杰理科技,广东,北交所,BSE,20260812,电子,半导体,数字芯片设计,850814.SI
920093.BJ,920093,信胜科技,浙江,北交所,BSE,20260821,机械设备,专用设备,纺织服装设备,850721.SI
920729.BJ,920729,永顺生物,广东,北交所,BSE,20200727,农林牧渔,动物保健Ⅱ,动物保健Ⅲ,850181.SI
920011.BJ,920011,晨光电机,浙江,北交所,BSE,20260408,电力设备,电机Ⅱ,电机Ⅲ,850741.SI
920180.BJ,920180,爱得科技,江苏,北交所,BSE,20260210,医药生物,医疗器械,医疗耗材,851533.SI
920181.BJ,920181,赛英电子,江苏,北交所,BSE,20260410,电子,其他电子Ⅱ,其他电子Ⅲ,850841.SI
920183.BJ,920183,海菲曼,江苏,北交所,BSE,20260304,电子,消费电子,品牌消费电子,850853.SI
920186.BJ,920186,中科仪,辽宁,北交所,BSE,20260429,电子,半导体,半导体设备,850818.SI
920187.BJ,920187,通领科技,上海,北交所,BSE,20260305,汽车,汽车零部件,车身附件及饰件,850922.SI
920188.BJ,920188,悦龙科技,山东,北交所,BSE,20260330,基础化工,橡胶,其他橡胶制品,850362.SI
920191.BJ,920191,瑞尔竞达,安徽,北交所,BSE,20260420,建筑材料,装修建材,耐火材料,850615.SI
920200.BJ,920200,振宏股份,江苏,北交所,BSE,20260507,电力设备,风电设备,风电零部件,857362.SI
920206.BJ,920206,彩客科技,河北,北交所,BSE,20260608,基础化工,化学制品,涂料油墨,850335.SI
920211.BJ,920211,新睿电子,浙江,北交所,BSE,20260605,机械设备,自动化设备,工控设备,850782.SI
920218.BJ,920218,新天力,浙江,北交所,BSE,20260529,轻工制造,家居用品,其他家居用品,851491.SI
920220.BJ,920220,朗信电气,江苏,北交所,BSE,20260522,汽车,汽车零部件,底盘与发动机系统,850923.SI
688797.SH,688797,臻宝科技,重庆,科创板,SSE,20260624,电子,半导体,半导体材料,850813.SI
001232.SZ,001232,嘉立创,深圳,主板,SZSE,20260804,电子,元件,印制电路板,850822.SI
920870.BJ,920870,恒进感应,湖北,北交所,BSE,20220705,机械设备,通用设备,机床工具,850711.SI
920871.BJ,920871,派特尔,广东,北交所,BSE,20220722,汽车,汽车零部件,底盘与发动机系统,850923.SI
920873.BJ,920873,中设咨询,重庆,北交所,BSE,20211115,建筑装饰,工程咨询服务Ⅱ,工程咨询服务Ⅲ,857261.SI
920876.BJ,920876,慧为智能,深圳,北交所,BSE,20221109,电子,消费电子,消费电子零部件及组装,850854.SI
920879.BJ,920879,基康技术,北京,北交所,BSE,20221220,机械设备,通用设备,仪器仪表,850731.SI
920885.BJ,920885,星辰科技,广西,北交所,BSE,20210708,机械设备,自动化设备,工控设备,850782.SI
920892.BJ,920892,广咨国际,广东,北交所,BSE,20211028,建筑装饰,工程咨询服务Ⅱ,工程咨询服务Ⅲ,857261.SI
920895.BJ,920895,花溪科技,河南,北交所,BSE,20230406,机械设备,专用设备,农用机械,850723.SI
920896.BJ,920896,旺成科技,重庆,北交所,BSE,20230419,汽车,汽车零部件,底盘与发动机系统,850923.SI
920078.BJ,920078,族兴新材,湖南,北交所,BSE,20260318,有色金属,金属新材料,其他金属新材料,850521.SI
920083.BJ,920083,金戈新材,广东,北交所,BSE,20260611,基础化工,非金属材料Ⅱ,非金属材料Ⅲ,850523.SI
920096.BJ,920096,嘉晨智能,河南,北交所,BSE,20260518,机械设备,自动化设备,其他自动化设备,850784.SI
301707.SZ,301707,展芯股份,江苏,创业板,SZSE,20260807,国防军工,军工电子Ⅱ,军工电子Ⅲ,857451.SI
920065.BJ,920065,千岸科技,深圳,北交所,BSE,20260729,商贸零售,互联网电商,跨境电商,852062.SI
920258.BJ,920258,聚仁新材,湖南,北交所,BSE,20260803,基础化工,化学制品,其他化学制品,850339.SI
688828.SH,688828,国仪公司,安徽,科创板,SSE,20260811,机械设备,通用设备,仪器仪表,850731.SI
920906.BJ,920906,舜宇精工,浙江,北交所,BSE,20230222,汽车,汽车零部件,车身附件及饰件,850922.SI
001399.SZ,001399,惠科股份,深圳,主板,SZSE,20260626,电子,光学光电子,面板,850831.SI
920072.BJ,920072,科莱瑞迪,广东,北交所,BSE,20260629,医药生物,医疗器械,医疗耗材,851533.SI
001248.SZ,001248,华润新能源,深圳,主板,SZSE,20260702,公用事业,电力,风力发电,851617.SI
920193.BJ,920193,吉和昌,湖北,北交所,BSE,20260702,基础化工,化学制品,其他化学制品,850339.SI
920222.BJ,920222,益坤电气,浙江,北交所,BSE,20260630,电力设备,电网设备,输变电设备,857381.SI
301583.SZ,301583,托伦斯,江苏,创业板,SZSE,20260710,电子,半导体,半导体设备,850818.SI
920136.BJ,920136,永励精密,浙江,北交所,BSE,20260709,汽车,汽车零部件,底盘与发动机系统,850923.SI
920189.BJ,920189,康美特,北京,北交所,BSE,20260708,电子,半导体,半导体材料,850813.SI
920081.BJ,920081,欧伦电气,浙江,北交所,BSE,20260710,家用电器,小家电,清洁小家电,851132.SI
688806.SH,688806,泰诺麦博,广东,科创板,SSE,20260721,医药生物,生物制品,其他生物制品,851524.SI
920117.BJ,920117,龙鑫智能,江苏,北交所,BSE,20260716,电力设备,电池,锂电专用设备,857373.SI
920079.BJ,920079,乔路铭,浙江,北交所,BSE,20260722,汽车,汽车零部件,车身附件及饰件,850922.SI
688825.SH,688825,长鑫科技,安徽,科创板,SSE,20260727,电子,半导体,数字芯片设计,850814.SI
920176.BJ,920176,维琪科技,深圳,北交所,BSE,20260727,美容护理,化妆品,化妆品制造及其他,859821.SI
301677.SZ,301677,欣兴工具,浙江,创业板,SZSE,20260730,机械设备,通用设备,金属制品,850751.SI
920238.BJ,920238,长鹰硬科,江苏,北交所,BSE,20260724,机械设备,通用设备,金属制品,850751.SI
920038.BJ,920038,森合高科,广西,北交所,BSE,20260805,基础化工,化学制品,其他化学制品,850339.SI
920165.BJ,920165,珈凯生物,上海,北交所,BSE,20260811,美容护理,化妆品,化妆品制造及其他,859821.SI
920107.BJ,920107,恒兴股份,湖南,北交所,BSE,20260817,基础化工,化学制品,涂料油墨,850335.SI
920914.BJ,920914,远航精密,江苏,北交所,BSE,20221111,电力设备,电池,锂电池,857371.SI
920924.BJ,920924,广脉科技,浙江,北交所,BSE,20211103,通信,通信服务,通信工程及服务,852213.SI
920925.BJ,920925,锦好医疗,广东,北交所,BSE,20211025,医药生物,医疗器械,医疗设备,851532.SI
920926.BJ,920926,鸿智科技,广东,北交所,BSE,20230808,家用电器,小家电,厨房小家电,851131.SI
920931.BJ,920931,无锡鼎邦,江苏,北交所,BSE,20240408,机械设备,专用设备,能源及重型设备,850725.SI
920932.BJ,920932,科达自控,山西,北交所,BSE,20211115,计算机,软件开发,垂直应用软件,851041.SI
920942.BJ,920942,恒立钻具,湖北,北交所,BSE,20221208,机械设备,工程机械,工程机械器件,850772.SI
920943.BJ,920943,优机股份,四川,北交所,BSE,20220624,机械设备,通用设备,金属制品,850751.SI
920946.BJ,920946,森萱医药,江苏,北交所,BSE,20200727,医药生物,化学制药,原料药,851511.SI
920950.BJ,920950,迅安科技,江苏,北交所,BSE,20230111,机械设备,通用设备,其他通用设备,850716.SI
920953.BJ,920953,国子软件,山东,北交所,BSE,20230823,计算机,IT服务Ⅱ,IT服务Ⅲ,852226.SI
920957.BJ,920957,汉维科技,广东,北交所,BSE,20221214,基础化工,化学制品,其他化学制品,850339.SI
920961.BJ,920961,创远信科,上海,北交所,BSE,20200727,机械设备,通用设备,仪器仪表,850731.SI
920964.BJ,920964,润农节水,河北,北交所,BSE,20200727,农林牧渔,农业综合Ⅱ,农业综合Ⅲ,850191.SI
920970.BJ,920970,大禹生物,山西,北交所,BSE,20220518,农林牧渔,动物保健Ⅱ,动物保健Ⅲ,850181.SI
920971.BJ,920971,天马新材,河南,北交所,BSE,20220927,基础化工,非金属材料Ⅱ,非金属材料Ⅲ,850523.SI
920974.BJ,920974,凯大催化,浙江,北交所,BSE,20230308,基础化工,化学制品,其他化学制品,850339.SI
920978.BJ,920978,开特股份,湖北,北交所,BSE,20230928,汽车,汽车零部件,底盘与发动机系统,850923.SI
920981.BJ,920981,晶赛科技,安徽,北交所,BSE,20211115,电子,元件,被动元件,850823.SI
920982.BJ,920982,锦波生物,山西,北交所,BSE,20230720,美容护理,医疗美容,医美耗材,859831.SI
920985.BJ,920985,海泰新能,河北,北交所,BSE,20220808,电力设备,光伏设备,光伏电池组件,857352.SI
920992.BJ,920992,中科美菱,安徽,北交所,BSE,20221018,医药生物,医疗器械,医疗设备,851532.SI
